dtype,family,maximum,minimum,missing,mode_fraction,model_utility,name,positive_gain_fold_fraction,status,unique_values,univariate_utility,definition,availability,final_selected,final_reason,correlation_clicks,correlation_carts,correlation_orders,duplicate_of,correlation,redundant_with
float32,source,20998.599609375,0.0,0,0.420549674813672,0.07187165518935827,source_time_score,1.0,retained,265726,0.017739513660379604,time evidence: score,fixed historical cutoff and observed prefix,False,source_family_ablation,0.028959807865548717,0.027362914057840727,0.01105776442745419,,,
float32,source,1717.0,0.0,0,0.420549674813672,0.002599853843746078,source_time_rank,1.0,retained,849,0.015496591984859504,time evidence: rank,fixed historical cutoff and observed prefix,False,source_family_ablation,-0.014721654925832942,0.007052645922286937,0.019847721192650214,,,
float32,source,1.0,0.0,0,0.579450325186328,0.0,source_time_present,0.0,capacity,2,0.009100526146048123,time evidence: present,fixed historical cutoff and observed prefix,False,capacity,0.01893188939851811,0.010034604777399522,0.006994926288294092,,,
float32,source,1.0,0.0,0,0.420549674813672,0.0007545713856210957,source_time_share,1.0,retained,267010,0.011717917287180498,time evidence: share,fixed historical cutoff and observed prefix,False,source_family_ablation,0.054948679910188834,0.013181658378904539,0.003780919637483752,,,
float32,source,21343.37890625,0.0,0,0.420549674813672,0.00017983874305987804,source_cart_score,1.0,retained,273618,0.023305347295043882,cart evidence: score,fixed historical cutoff and observed prefix,False,source_family_ablation,0.01890940412211398,0.041123474793423584,0.01512894074134235,,,
float32,source,2068.0,0.0,0,0.420549674813672,0.001749060485387764,source_cart_rank,1.0,retained,930,0.017736574115882104,cart evidence: rank,fixed historical cutoff and observed prefix,False,source_family_ablation,0.0009868866436616567,0.013944101879578924,0.0224244248127371,,,
float32,source,1.0,0.0,0,0.579450325186328,,source_cart_present,,duplicate,2,0.009100526146048123,cart evidence: present,fixed historical cutoff and observed prefix,False,duplicate,0.01893188939851811,0.010034604777399522,0.006994926288294092,source_time_present,,
float32,source,1.0,0.0,0,0.420549674813672,0.0018588608292549533,source_cart_share,1.0,retained,269560,0.014628883188924162,cart evidence: share,fixed historical cutoff and observed prefix,False,source_family_ablation,0.034703676765590497,0.015366291471601899,0.010914380118140905,,,
float32,source,14138.841796875,0.0,0,0.420549674813672,0.00010069787046293855,source_order_score,1.0,retained,268868,0.0259846946808681,order evidence: score,fixed historical cutoff and observed prefix,False,source_family_ablation,0.01870299326710388,0.040949504984188236,0.019715906431502072,,,
float32,source,2068.0,0.0,0,0.420549674813672,0.00231438279209531,source_order_rank,1.0,retained,995,0.01941007493296391,order evidence: rank,fixed historical cutoff and observed prefix,False,source_family_ablation,0.005790828334714035,0.016477861203302014,0.023146056230836508,,,
float32,source,1.0,0.0,0,0.579450325186328,,source_order_present,,duplicate,2,0.009100526146048123,order evidence: present,fixed historical cutoff and observed prefix,False,duplicate,0.01893188939851811,0.010034604777399522,0.006994926288294092,source_time_present,,
float32,source,1.0,0.0,0,0.420549674813672,0.0009718141675486028,source_order_share,1.0,retained,266093,0.011913835121734434,order evidence: share,fixed historical cutoff and observed prefix,False,source_family_ablation,0.026008943198692708,0.012334882156223567,0.009354126924996823,,,
float32,source,6.8407206535339355,0.0,0,0.953127644631556,0.022743839905875037,source_revisit_score,1.0,retained,1510,0.21600758211941468,revisit evidence: score,fixed historical cutoff and observed prefix,False,source_family_ablation,0.28073988496021535,0.18455985151921556,0.2209427302793808,,,
float32,source,124.0,0.0,0,0.953127644631556,0.00039520734394780206,source_revisit_rank,1.0,retained,71,0.05991046038908821,revisit evidence: rank,fixed historical cutoff and observed prefix,False,source_family_ablation,0.03148127070044408,0.03347612635504099,0.07786582568755251,,,
float32,source,1.0,0.0,0,0.953127644631556,0.0,source_revisit_present,0.0,capacity,2,0.16490384539915456,revisit evidence: present,fixed historical cutoff and observed prefix,False,capacity,0.21542723895162358,0.1348486694266745,0.17151086779331645,,,
float32,source,1.0,0.0,0,0.953127644631556,0.00035062174772312307,source_revisit_share,1.0,retained,5794,0.1812465519410341,revisit evidence: share,fixed historical cutoff and observed prefix,False,source_family_ablation,0.27775063530562644,0.16115057883023728,0.17521052460233377,,,
float32,source,0.6507407426834106,0.0,0,0.5462138117129334,0.004549748589781334,source_popularity_score,1.0,retained,704,0.010764509972460019,popularity evidence: score,fixed historical cutoff and observed prefix,False,source_family_ablation,-0.02109949079629122,-0.010670285594043358,-0.009089125357696482,,,
float32,source,717.0,0.0,0,0.5462138117129334,0.028804374018263645,source_popularity_rank,1.0,retained,717,0.023176210120417172,popularity evidence: rank,fixed historical cutoff and observed prefix,False,source_family_ablation,-0.03481012834734884,-0.02516306642543111,-0.020243795596754925,,,
float32,source,1.0,0.0,0,0.5462138117129334,0.0,source_popularity_present,0.0,capacity,2,0.03814564371276426,popularity evidence: present,fixed historical cutoff and observed prefix,False,capacity,-0.06982065003407661,-0.03871022155727344,-0.03258418707029094,,,
float32,source,1.0,0.0,0,0.5462138117129334,0.002219502553065156,source_popularity_share,1.0,retained,1900,0.009965821484897974,popularity evidence: share,fixed historical cutoff and observed prefix,False,source_family_ablation,-0.020903369070059515,-0.009673719493228445,-0.008288947883205815,,,
float32,source,5.0,1.0,0,0.503084552336225,0.00013725785745438132,source_count,1.0,retained,5,0.02699301641689164,source count,fixed historical cutoff and observed prefix,False,source_family_ablation,0.03570410444560878,0.022162807524702177,0.027956272858200182,,,
float32,source,399.0,1.0,0,0.04598716374877678,0.01727023212540617,source_rank_best,1.0,retained,399,0.03675534519157176,source rank best,fixed historical cutoff and observed prefix,False,source_family_ablation,-0.06938271673533292,-0.03426485676899792,-0.03256269414556516,,,
float32,source,1453.0,1.0,0,0.017390610743308048,0.005667014729729099,source_rank_mean,1.0,retained,3414,0.025157296771369173,source rank mean,fixed historical cutoff and observed prefix,False,source_family_ablation,-0.05868424460422234,-0.026823350475675477,-0.01873644528040716,,,
float32,source,843.2988891601562,0.0,0,0.4416931089291516,0.0033827885532626105,source_rank_std,1.0,retained,32516,0.01822727608003549,source rank std,fixed historical cutoff and observed prefix,False,source_family_ablation,0.021543354502861798,0.010753065096392485,0.021411701834719275,,,
float32,source,1.0,5.4157139857125e-06,0,0.04646769634231041,0.0036485158646436732,source_score_max,1.0,retained,254927,0.08860831728331485,source score max,fixed historical cutoff and observed prefix,False,source_family_ablation,0.16371344877827698,0.0829708175618165,0.07890954522823701,,,
float32,source,0.8239980936050415,2.1632213247357868e-06,0,0.012711740753638527,0.006247492013970304,source_score_mean,1.0,retained,277487,0.058951819843818976,source score mean,fixed historical cutoff and observed prefix,False,source_family_ablation,0.11042785525986162,0.05479510158653611,0.0524508397364533,,,
float32,source,0.4898979663848877,2.0671484435297316e-06,0,0.012715631705812889,0.0010472439978871967,source_score_std,1.0,retained,277845,0.08239170532849702,source score std,fixed historical cutoff and observed prefix,False,source_family_ablation,0.15622457043487428,0.07853657623578837,0.07201379235712181,,,
float32,source,1.0,0.0,0,0.420549674813672,0.0002500747945962316,source_time_cart_product,1.0,capacity,275520,0.016840664120587944,product of query-normalized time/cart evidence,fixed historical cutoff and observed prefix,False,capacity,0.053779331607884805,0.01818822282747773,0.010010440185926908,,,
float32,source,0.9666656255722046,-0.9627139568328857,0,0.4320377111084739,0.0015329998631093483,source_time_cart_difference,1.0,retained,271688,0.008629269007578894,difference of query-normalized time/cart evidence,fixed historical cutoff and observed prefix,False,source_family_ablation,0.028278939664953612,-0.0019871875185163267,-0.008675364642547726,,,
float32,source,23.076374053955078,0.0,0,0.420549674813672,0.0007348037222182491,source_time_cart_ratio,1.0,capacity,275010,0.0053017089142651476,ratio of query-normalized time/cart evidence,fixed historical cutoff and observed prefix,False,capacity,0.017887642645385768,0.0021345795508870675,-0.0047876179741007515,,,
float32,source,1.0,0.0,0,0.420549674813672,0.00038360979242348743,source_time_order_product,1.0,capacity,272950,0.01679075322010733,product of query-normalized time/order evidence,fixed historical cutoff and observed prefix,False,capacity,0.05122843041486666,0.01822763357149593,0.010332700178619812,,,
float32,source,0.9874292612075806,-0.9862340688705444,0,0.4306077861843961,0.000742244459191231,source_time_order_difference,1.0,retained,269824,0.007487987246844983,difference of query-normalized time/order evidence,fixed historical cutoff and observed prefix,False,source_family_ablation,0.03402555876059642,0.0013213385313712706,-0.0061483830189566,,,
float32,source,44.443031311035156,0.0,0,0.420549674813672,0.004721321203007915,source_time_order_ratio,1.0,retained,272421,0.0051832435711160925,ratio of query-normalized time/order evidence,fixed historical cutoff and observed prefix,False,source_family_ablation,0.016039811646105004,0.0008109022045640932,-0.005559986241893941,,,
float32,source,1.0,0.0,0,0.420549674813672,0.00046831640359588087,source_cart_order_product,1.0,capacity,272246,0.016207789120913797,product of query-normalized cart/order evidence,fixed historical cutoff and observed prefix,False,capacity,0.03528221457223085,0.017504664259084923,0.012380280643275392,,,
float32,source,0.7374036312103271,-0.7935106754302979,0,0.4412320310964898,0.0014034420867023764,source_cart_order_difference,1.0,retained,267153,0.006799180261871621,difference of query-normalized cart/order evidence,fixed historical cutoff and observed prefix,False,source_family_ablation,0.022409740575001055,0.00764207265152925,0.0037759740148545673,,,
float32,source,4.911792755126953,0.0,0,0.420549674813672,0.0005720910708206908,source_cart_order_ratio,1.0,capacity,269033,0.007294411558163619,ratio of query-normalized cart/order evidence,fixed historical cutoff and observed prefix,False,capacity,0.028820026334580928,0.008750676999487629,0.0029786763747653958,,,
float32,context,205.0,1.0,0,0.4556518998546729,0.030120008067610907,query_events,1.0,retained,76,0.06228729383019817,query events,observed prefix,True,selected,6.119195084773733e-06,0.04999466546324425,0.07881380378619403,,,
float32,context,138.0,1.0,0,0.5226949512950062,0.0011089843264894949,query_unique,1.0,retained,54,0.057592280647562714,query unique,observed prefix,True,selected,-0.0014357613705935882,0.03877376581787744,0.0763609579419002,,,
float32,context,71.03121185302734,0.0,0,0.4556518998546729,0.03907532000316286,query_duration_hours,1.0,retained,4571,0.005517735602892375,query duration hours,observed prefix,True,selected,0.0020325294037267993,0.004382527840471699,0.006666207183963643,,,
float32,context,0.9285714030265808,0.0,0,0.6864845830747471,0.03414545414731489,query_repeat_share,1.0,retained,224,0.03772238493991577,query repeat share,observed prefix,True,selected,0.004336029699599622,0.03453676475714959,0.04487958757135155,,,
float32,context,0.9999998211860657,-1.0,0,0.0002354026065488616,0.26783706927204565,query_hour_sin,1.0,retained,8446,0.000672339105163177,query hour sin,observed prefix,True,selected,-0.001210994672558131,0.0005327336365517565,-0.0006523659115697284,,,
float32,context,0.9999998807907104,-1.0,0,0.0002373480826360423,0.038797890538958206,query_hour_cos,1.0,retained,8445,0.0010192824439829748,query hour cos,observed prefix,True,selected,-0.0016258419060065634,-0.001172782026212372,-0.0008414394091976779,,,
float32,context,1.0,-0.8261812329292297,0,0.00023929355872322295,0.0093265836391863,query_weekday_sin,1.0,retained,8431,0.0018623767484134955,query weekday sin,observed prefix,True,selected,0.0003657517238475067,0.0009382323279843731,-0.0025738864627223882,,,
float32,context,1.0,-0.1473003625869751,0,0.0002373480826360423,0.039479332787250444,query_weekday_cos,1.0,retained,8446,0.0040141998525802984,query weekday cos,observed prefix,True,selected,8.613327189226818e-05,0.0006705576702320483,0.006340698707202428,,,
float32,context,59.136192321777344,0.0,0,0.4556518998546729,0.0035188126530583197,query_gap_mean,1.0,retained,4577,0.003255400793525857,query gap mean,observed prefix,True,selected,0.0017273111034473547,-0.0024842367057403875,-0.003895664452431675,,,
float32,context,35.51369094848633,0.0,0,0.6272623455048802,0.0018928824763313975,query_gap_std,1.0,retained,3135,0.0020168670516404184,query gap std,observed prefix,True,selected,0.001925657256050158,0.0019460886226975737,0.0020674578987102178,,,
float32,context,71.029296875,0.0,0,0.4556518998546729,0.009172889534304354,query_gap_max,1.0,retained,4569,0.004192684192350785,query gap max,observed prefix,True,selected,0.00201508416117405,0.0031293096321285073,0.005087304810991379,,,
float32,context,59.136192321777344,0.0,0,0.4556518998546729,0.00871026201147108,query_gap_median,1.0,retained,4531,0.003712409038934214,query gap median,observed prefix,True,selected,0.0014240980468022428,-0.003183719248738328,-0.004358139099387486,,,
float32,context,205.0,1.0,0,0.4556518998546729,,query_all_count,,duplicate,76,0.06228729383019817,Observed all: count,observed prefix,False,duplicate,6.119195084773733e-06,0.04999466546324425,0.07881380378619403,query_events,,
float32,context,1.0,1.0,0,1.0,,query_all_share,,constant,1,0.0,Observed all: share,observed prefix,False,constant,0.0,0.0,0.0,,,
float32,context,0.0,0.0,0,1.0,,query_all_last_age_hours,,constant,1,0.0,Observed all: last_age_hours,observed prefix,False,constant,0.0,0.0,0.0,,,
float32,history,88912.0,0.0,0,0.002593319624211839,0.0009849416317488638,hist_all_all,1.0,retained,6550,0.02299926496341642,Historical all count over all,fixed historical cutoff and observed prefix,True,selected,-0.03905037389701528,-0.021549329719489377,-0.02104904776311347,,,
float32,history,275.0,0.0,0,0.22726468007618483,0.0014551348503919882,hist_all_h1,1.0,retained,118,0.024087664514934423,Historical all count over h1,fixed historical cutoff and observed prefix,True,selected,-0.03892205181070732,-0.023167007636867562,-0.022075595071339042,,,
float32,history,0.75,0.0,0,0.22726468007618483,0.0009849863654924976,hist_all_h1_share,1.0,retained,13652,0.004251528610864267,Share of historical all activity in last 1 hours,fixed historical cutoff and observed prefix,True,selected,-0.0011166381006395079,-0.0004891205119419032,-0.006655214412029576,,,
float32,history,2109.0,0.0,0,0.0830621015421789,0.00023213303404120403,hist_all_h6,1.0,redundant,491,0.025562195812626025,Historical all count over h6,fixed historical cutoff and observed prefix,False,redundant,-0.04183754676790604,-0.02500131282064729,-0.023130078816068725,,0.997383777452524,hist_clicks_h6
float32,history,0.9516907930374146,0.0,0,0.0830621015421789,0.0005918777530589067,hist_all_h6_share,1.0,capacity,25766,0.003639005309988251,Share of historical all activity in last 6 hours,fixed historical cutoff and observed prefix,False,capacity,-0.002872744878010857,-0.0055080349530556355,-0.0028322005604507912,,,
float32,history,4390.0,0.0,0,0.05414649045841253,0.0001259985787370318,hist_all_h12,1.0,capacity,799,0.02560143227600824,Historical all count over h12,fixed historical cutoff and observed prefix,False,capacity,-0.0419806148628985,-0.02510364382213784,-0.023120462738461734,,,
float32,history,0.95652174949646,0.0,0,0.05414649045841253,0.0014402256583184196,hist_all_h12_share,1.0,retained,30795,0.004063713218169875,Share of historical all activity in last 12 hours,fixed historical cutoff and observed prefix,True,selected,-0.004792808132740941,-0.00676428298110154,-0.0025919125176088647,,,
float32,history,12085.0,0.0,0,0.04087445259166597,0.00026456784305363667,hist_all_h24,1.0,capacity,976,0.021690671215151808,Historical all count over h24,fixed historical cutoff and observed prefix,False,capacity,-0.03610319767776278,-0.02129692051902024,-0.019485458819449096,,,
float32,history,0.9955357313156128,0.0,0,0.04087445259166597,0.0009110101858874705,hist_all_h24_share,1.0,retained,33705,0.006294685500345967,Share of historical all activity in last 24 hours,fixed historical cutoff and observed prefix,True,selected,-0.009567786894209116,-0.00829626776301437,-0.0047483774700345744,,,
float32,history,25833.0,0.0,0,0.016081305336635456,0.00032279851782690886,hist_all_h72,1.0,capacity,1955,0.025709791437603557,Historical all count over h72,fixed historical cutoff and observed prefix,False,capacity,-0.04288817468851596,-0.02506128681896689,-0.023170979871769824,,,
float32,history,0.9983193278312683,0.0,0,0.016081305336635456,0.001385120655985192,hist_all_h72_share,1.0,retained,43300,0.006307977573007148,Share of historical all activity in last 72 hours,fixed historical cutoff and observed prefix,True,selected,-0.008323566617491548,-0.010145164961143052,-0.004053452371525129,,,
float32,history,41719.0,0.0,0,0.004597159994007933,0.0004060275308712259,hist_all_h168,1.0,redundant,3541,0.02494601057540288,Historical all count over h168,fixed historical cutoff and observed prefix,False,redundant,-0.04183914578601174,-0.02453624910231696,-0.022335368776844364,,0.9971918567677458,hist_clicks_h168
float32,history,0.9993320107460022,0.0,0,0.004778089270115736,0.0016109904378542445,hist_all_h168_share,1.0,retained,49808,0.005163937316426951,Share of historical all activity in last 168 hours,fixed historical cutoff and observed prefix,True,selected,-0.008894676136775552,-0.011947257361280854,-0.001150487490608567,,,
float32,history,62958.0,0.0,0,0.0026439020024785365,0.00854440129164395,hist_all_h336,1.0,retained,5294,0.023867710229811406,Historical all count over h336,fixed historical cutoff and observed prefix,True,selected,-0.04031196945396672,-0.023435570792189487,-0.021343070077929818,,,
float32,history,0.9999604821205139,0.0,0,0.0037936783700023152,0.007472848177895053,hist_all_h336_share,1.0,retained,47531,0.01209694777597879,Share of historical all activity in last 336 hours,fixed historical cutoff and observed prefix,True,selected,-0.023263346316830257,-0.025731682803766667,-0.0034185138386096086,,,
float32,history,5.538461685180664,0.0,0,0.22726468007618483,0.0012415515064072358,hist_all_trend_h1_h6,1.0,retained,2066,0.009816812167379597,Per-hour all rate over 1h divided by 6h rate,fixed historical cutoff and observed prefix,True,selected,-0.007927342260711016,-0.008862923625570118,-0.010608668089395767,,,
float32,history,3.95979905128479,0.0,0,0.0830621015421789,0.0014518138865985213,hist_all_trend_h6_h24,1.0,retained,5757,0.008128355069393184,Per-hour all rate over 6h divided by 24h rate,fixed historical cutoff and observed prefix,True,selected,-0.009028096739353522,-0.010393533785566069,-0.006845808766313353,,,
float32,history,2.993288516998291,0.0,0,0.04087445259166597,0.0018222117249835955,hist_all_trend_h24_h72,1.0,retained,12849,0.007888353381523267,Per-hour all rate over 24h divided by 72h rate,fixed historical cutoff and observed prefix,True,selected,-0.011289088895279261,-0.012132030520028222,-0.005199725559978125,,,
float32,history,2.330874443054199,0.0,0,0.016081305336635456,0.0009689519578120558,hist_all_trend_h72_h168,1.0,retained,27967,0.008798890647179293,Per-hour all rate over 72h divided by 168h rate,fixed historical cutoff and observed prefix,True,selected,-0.011962107919347561,-0.014122657888633885,-0.005609804147757284,,,
float32,history,1.9986640214920044,0.0,0,0.007330553896496781,0.0019276444296154828,hist_all_trend_h168_h336,1.0,retained,41367,0.006191939700168173,Per-hour all rate over 168h divided by 336h rate,fixed historical cutoff and observed prefix,True,selected,-0.010549604886345855,-0.014555346157193718,-0.0012839589406257864,,,
float32,repeat,1.0,0.0,0,0.9835646180154977,0.0014112911273180728,repeat_all_n1_count,1.0,retained,2,0.14581372004605975,Candidate all recurrence within last 1 observed events: count,observed prefix,True,selected,0.26848233976109964,0.16839672029348118,0.11407744996984238,,,
float32,repeat,1.0,0.0,0,0.9835646180154977,,repeat_all_n1_share,,duplicate,2,0.14581372004605975,Candidate all recurrence within last 1 observed events: share,observed prefix,False,duplicate,0.26848233976109964,0.16839672029348118,0.11407744996984238,repeat_all_n1_count,,
float32,repeat,1.0,-1.0,0,0.9835646180154977,0.00015544525762435356,repeat_all_n1_last_position,1.0,redundant,2,0.14581372004605975,Candidate all recurrence within last 1 observed events: last_position,observed prefix,False,redundant,0.26848233976109964,0.16839672029348118,0.11407744996984238,,1.0000000000001923,repeat_all_n1_count
float32,repeat,1.0,-1.0,0,0.9835646180154977,,repeat_all_n1_first_position,,duplicate,2,0.14581372004605975,Candidate all recurrence within last 1 observed events: first_position,observed prefix,False,duplicate,0.26848233976109964,0.16839672029348118,0.11407744996984238,repeat_all_n1_last_position,,
float32,repeat,0.0,0.0,0,1.0,,repeat_all_n1_span,,constant,1,0.0,Candidate all recurrence within last 1 observed events: span,observed prefix,False,constant,0.0,0.0,0.0,,,
float32,repeat,0.0,-1.0,0,0.9835646180154977,0.0009785023371883745,repeat_all_n1_age_hours,0.6666666666666666,redundant,2,0.14581372004605975,Candidate all recurrence within last 1 observed events: age_hours,observed prefix,False,redundant,0.26848233976109964,0.16839672029348118,0.11407744996984238,,1.0000000000001923,repeat_all_n1_count
float32,repeat,3.0,0.0,0,0.9727399890664243,0.00015730153723673157,repeat_all_n3_count,1.0,capacity,4,0.18496311283177008,Candidate all recurrence within last 3 observed events: count,observed prefix,False,capacity,0.28818627726535934,0.17149259553517904,0.17449451074113406,,,
float32,repeat,1.0,0.0,0,0.9727399890664243,0.0007009651133070057,repeat_all_n3_share,1.0,capacity,5,0.1502334901762105,Candidate all recurrence within last 3 observed events: share,observed prefix,False,capacity,0.3096798350784471,0.1516290515105713,0.12296131869199066,,,
float32,repeat,3.0,-1.0,0,0.9727399890664243,0.0004841675162246163,repeat_all_n3_last_position,0.6666666666666666,capacity,4,0.13153801306224994,Candidate all recurrence within last 3 observed events: last_position,observed prefix,False,capacity,0.23384046759172228,0.12335038285329168,0.11858141907848366,,,
float32,repeat,3.0,-1.0,0,0.9727399890664243,2.588864944542337e-05,repeat_all_n3_first_position,1.0,capacity,4,0.15172058096648144,Candidate all recurrence within last 3 observed events: first_position,observed prefix,False,capacity,0.2487295177628948,0.13831109360947963,0.1422571685122468,,,
float32,repeat,2.0,0.0,0,0.9964533970930697,0.00011901696770701108,repeat_all_n3_span,1.0,capacity,3,0.15447244137020114,Candidate all recurrence within last 3 observed events: span,observed prefix,False,capacity,0.16321713448516498,0.12381204164716253,0.1683451923792265,,,
float32,repeat,71.03121185302734,-1.0,0,0.9727399890664243,0.00013094055956485245,repeat_all_n3_age_hours,1.0,capacity,5464,0.04230567795080244,Candidate all recurrence within last 3 observed events: age_hours,observed prefix,False,capacity,0.07995728178657195,0.04311888850009348,0.035623805370195334,,,
float32,repeat,5.0,0.0,0,0.9676661874310571,0.0010067820149249026,repeat_all_n5_count,1.0,retained,6,0.19256136559436532,Candidate all recurrence within last 5 observed events: count,observed prefix,True,selected,0.2708366652183294,0.16630149408628137,0.19264541807774663,,,
float32,repeat,1.0,0.0,0,0.9676661874310571,0.024695083969775357,repeat_all_n5_share,1.0,retained,11,0.1472970456819417,Candidate all recurrence within last 5 observed events: share,observed prefix,True,selected,0.30965887277359294,0.14635356012025783,0.12070848394750845,,,
float32,repeat,5.0,-1.0,0,0.9676661874310571,4.880597689992839e-05,repeat_all_n5_last_position,1.0,capacity,6,0.12252390366125628,Candidate all recurrence within last 5 observed events: last_position,observed prefix,False,capacity,0.18249571536274578,0.10303266734012846,0.12227421987157193,,,
float32,repeat,5.0,-1.0,0,0.9676661874310571,7.737477491976432e-05,repeat_all_n5_first_position,1.0,capacity,6,0.1469699980102339,Candidate all recurrence within last 5 observed events: first_position,observed prefix,False,capacity,0.2038072282166953,0.12041907431610395,0.15077258815622196,,,
float32,repeat,4.0,0.0,0,0.9948328155124482,0.0002322662085270972,repeat_all_n5_span,1.0,capacity,5,0.1511214497062256,Candidate all recurrence within last 5 observed events: span,observed prefix,False,capacity,0.1601473802010326,0.1134439039239905,0.16845590084820863,,,
float32,repeat,71.03121185302734,-1.0,0,0.9676661874310571,0.000311500687112116,repeat_all_n5_age_hours,1.0,capacity,8032,0.03541837196046952,Candidate all recurrence within last 5 observed events: age_hours,observed prefix,False,capacity,0.061553561498305355,0.033419591957570216,0.03206189703894653,,,
float32,repeat,10.0,0.0,0,0.9613492265759815,8.826005845754786e-05,repeat_all_n10_count,1.0,capacity,11,0.2019317989460648,Candidate all recurrence within last 10 observed events: count,observed prefix,False,capacity,0.24442415334233872,0.162322971908177,0.2146541533989631,,,
float32,repeat,1.0,0.0,0,0.9613492265759815,0.00036807169128237735,repeat_all_n10_share,1.0,redundant,33,0.14574199508584035,Candidate all recurrence within last 10 observed events: share,observed prefix,False,redundant,0.3085671223950102,0.14379028748124176,0.11958032766994464,,0.9974371520570202,repeat_all_n20_share
float32,repeat,10.0,-1.0,0,0.9613492265759815,9.884803692634664e-05,repeat_all_n10_last_position,1.0,capacity,11,0.1131607545454905,Candidate all recurrence within last 10 observed events: last_position,observed prefix,False,capacity,0.11909891810076015,0.08141726965862815,0.12804280306304341,,,
float32,repeat,10.0,-1.0,0,0.9613492265759815,8.119713540558368e-05,repeat_all_n10_first_position,1.0,capacity,11,0.14086603848461637,Candidate all recurrence within last 10 observed events: first_position,observed prefix,False,capacity,0.14316151926084766,0.10193584320556152,0.15994855599477192,,,
float32,repeat,9.0,0.0,0,0.9928990122817906,4.994122749845627e-05,repeat_all_n10_span,1.0,capacity,10,0.144148726592648,Candidate all recurrence within last 10 observed events: span,observed prefix,False,capacity,0.13272360537880737,0.10589259274202828,0.1651809803869313,,,
float32,repeat,71.03121185302734,-1.0,0,0.9613492265759815,0.0007077000109006466,repeat_all_n10_age_hours,1.0,capacity,11249,0.03053690310004186,Candidate all recurrence within last 10 observed events: age_hours,observed prefix,False,capacity,0.04388406932780533,0.02626762011459177,0.030447016888139666,,,
float32,repeat,17.0,0.0,0,0.9566042103993478,1.753149765433093e-05,repeat_all_n20_count,1.0,capacity,17,0.20649163153538858,Candidate all recurrence within last 20 observed events: count,observed prefix,False,capacity,0.22335290239791034,0.1577627043536822,0.22804588331582146,,,
float32,repeat,1.0,0.0,0,0.9566042103993478,0.0010246020490984095,repeat_all_n20_share,1.0,retained,90,0.14493985130226056,Candidate all recurrence within last 20 observed events: share,observed prefix,True,selected,0.30794492108879257,0.14284169191932378,0.11882141936264026,,,
float32,repeat,20.0,-1.0,0,0.9566042103993478,0.00033650446759170505,repeat_all_n20_last_position,1.0,capacity,21,0.09777618029580673,Candidate all recurrence within last 20 observed events: last_position,observed prefix,False,capacity,0.07672210613997785,0.059724820327227084,0.12031087263940138,,,
float32,repeat,20.0,-1.0,0,0.9566042103993478,3.632724228814718e-05,repeat_all_n20_first_position,1.0,capacity,21,0.12703388309698568,Candidate all recurrence within last 20 observed events: first_position,observed prefix,False,capacity,0.0979284152813544,0.08157687469929291,0.15461329859843728,,,
float32,repeat,19.0,0.0,0,0.991385431885964,0.00010833639643297992,repeat_all_n20_span,1.0,capacity,20,0.13947672582693357,Candidate all recurrence within last 20 observed events: span,observed prefix,False,capacity,0.10312558542659361,0.09955588896202214,0.16549566765944596,,,
float32,repeat,71.03121185302734,-1.0,0,0.9566042103993478,0.0014863831142984672,repeat_all_n20_age_hours,1.0,retained,13676,0.03035083134355923,Candidate all recurrence within last 20 observed events: age_hours,observed prefix,True,selected,0.03710051858646064,0.024080887975359618,0.032360855153842134,,,
float32,repeat,23.0,0.0,0,0.9534330843772434,2.5094846177402203e-05,repeat_all_n50_count,1.0,retained,20,0.20743154650164955,Candidate all recurrence within last 50 observed events: count,observed prefix,True,selected,0.20696360000124386,0.15145553680820517,0.23549754243177268,,,
float32,repeat,1.0,0.0,0,0.9534330843772434,0.000678071742065095,repeat_all_n50_share,1.0,redundant,221,0.14444386112518157,Candidate all recurrence within last 50 observed events: share,observed prefix,False,redundant,0.3076444965669213,0.14213359959535793,0.11839888598313676,,0.9991790699977614,repeat_all_n20_share
float32,repeat,50.0,-1.0,0,0.9534330843772434,0.00014379912828226525,repeat_all_n50_last_position,1.0,retained,51,0.08181494686254677,Candidate all recurrence within last 50 observed events: last_position,observed prefix,True,selected,0.04489240106323904,0.040797194221471225,0.1084775808163025,,,
float32,repeat,50.0,-1.0,0,0.9534330843772434,4.651464395085661e-05,repeat_all_n50_first_position,1.0,capacity,51,0.10656908772991013,Candidate all recurrence within last 50 observed events: first_position,observed prefix,False,capacity,0.06022168882421237,0.057843947368548816,0.13865622439487374,,,
float32,repeat,47.0,0.0,0,0.9902298190901786,0.00020269459972786422,repeat_all_n50_span,1.0,capacity,45,0.11329076112274247,Candidate all recurrence within last 50 observed events: span,observed prefix,False,capacity,0.06814410973948948,0.07259756291667517,0.14116180212298496,,,
float32,repeat,71.03121185302734,-1.0,0,0.9534330843772434,0.00024971248511935227,repeat_all_n50_age_hours,1.0,retained,15302,0.027694934123482257,Candidate all recurrence within last 50 observed events: age_hours,observed prefix,True,selected,0.029435766378150468,0.020841660676034005,0.030831432138095017,,,
float32,repeat,13.710511207580566,0.0,0,0.953127644631556,0.001052329935122291,repeat_all_h1_decay,1.0,retained,17181,0.21442176252677872,Sum of exponential candidate all weights with 1h time constant,observed prefix,True,selected,0.22876510886517368,0.1614275934924586,0.23852828932087294,,,
float32,repeat,14.683934211730957,0.0,0,0.953127644631556,0.00024293640045478578,repeat_all_h6_decay,1.0,capacity,17177,0.21817679528659573,Sum of exponential candidate all weights with 6h time constant,observed prefix,False,capacity,0.21484319296145912,0.16012562110386797,0.24775798276548236,,,
float32,repeat,19.14023780822754,0.0,0,0.953127644631556,0.000538289515431222,repeat_all_h24_decay,1.0,redundant,16854,0.21669227117311218,Sum of exponential candidate all weights with 24h time constant,observed prefix,False,redundant,0.2103895709982733,0.1586348798714032,0.2467714168531065,,0.9960785584287329,repeat_all_h72_decay
float32,repeat,21.633790969848633,0.0,0,0.953127644631556,0.0011734141493060404,repeat_all_h72_decay,1.0,retained,16161,0.21364768102363613,Sum of exponential candidate all weights with 72h time constant,observed prefix,True,selected,0.20740960065007613,0.15672114120273734,0.24315063099634554,,,
float32,context,151.0,0.0,0,0.4748420759786231,0.004598830908802323,query_clicks_count,1.0,retained,68,0.053826748915906934,Observed clicks: count,observed prefix,True,selected,0.0008735204664878869,0.040846511863035694,0.06914240551724574,,,
float32,context,1.0,0.0,0,0.8474980204780813,0.002458407539156978,query_clicks_share,1.0,retained,164,0.052454974427640196,Observed clicks: share,observed prefix,True,selected,0.004106588996446824,-0.038114280196747514,-0.06768338578161877,,,
float32,context,14.400534629821777,-1.0,0,0.9367000445514024,0.01308392215803672,query_clicks_last_age_hours,1.0,retained,519,0.006600493184796325,Observed clicks: last_age_hours,observed prefix,True,selected,-0.0010143852942648658,-0.0008639856462183388,0.010399764935840562,,,
float32,history,82079.0,0.0,0,0.002462972726370734,0.0005823612659127568,hist_clicks_all,1.0,redundant,6182,0.022505174429636225,Historical clicks count over all,fixed historical cutoff and observed prefix,False,redundant,-0.03691824537431937,-0.021310074939793738,-0.020700545683776946,,0.9971368093172825,hist_all_all
float32,history,257.0,0.0,0,0.23062062632657152,0.00019457227063805332,hist_clicks_h1,1.0,redundant,114,0.023184255407238754,Historical clicks count over h1,fixed historical cutoff and observed prefix,False,redundant,-0.0364200720019749,-0.022340433296097428,-0.021400197030353396,,0.9963489349439307,hist_all_h1
float32,history,0.6000000238418579,0.0,0,0.23062062632657152,0.0005632518981861523,hist_clicks_h1_share,1.0,capacity,12468,0.005282249273360165,Share of historical clicks activity in last 1 hours,fixed historical cutoff and observed prefix,False,capacity,-0.0019394584863121202,-0.003721396957832912,-0.006619807228965133,,,
float32,history,1975.0,0.0,0,0.08567682140334971,0.002131677817888037,hist_clicks_h6,1.0,retained,466,0.024590486975690756,Historical clicks count over h6,fixed historical cutoff and observed prefix,True,selected,-0.03903790294915422,-0.024069684677176854,-0.022442985462703794,,,
float32,history,0.9509803652763367,0.0,0,0.08567682140334971,0.0007601917088243163,hist_clicks_h6_share,1.0,retained,23775,0.0039332501668359774,Share of historical clicks activity in last 6 hours,fixed historical cutoff and observed prefix,True,selected,-0.0028646421886205998,-0.006579281937913068,-0.0027883356109999952,,,
float32,history,4151.0,0.0,0,0.05606472988037268,0.00025473197944999746,hist_clicks_h12,1.0,capacity,726,0.024509785395095653,Historical clicks count over h12,fixed historical cutoff and observed prefix,False,capacity,-0.038914044717651634,-0.024032004450607117,-0.022347965980247263,,,
float32,history,0.9558823704719543,0.0,0,0.05606472988037268,0.0006183466711300054,hist_clicks_h12_share,1.0,capacity,28620,0.0044962158955021495,Share of historical clicks activity in last 12 hours,fixed historical cutoff and observed prefix,False,capacity,-0.004608896952855539,-0.007379581960182968,-0.0030357526869361747,,,
float32,history,9407.0,0.0,0,0.042545616550554166,0.000499110519259849,hist_clicks_h24,1.0,capacity,928,0.02155451050890265,Historical clicks count over h24,fixed historical cutoff and observed prefix,False,capacity,-0.034813549043042645,-0.021160653520613377,-0.019541599247357294,,,
float32,history,0.9955257177352905,0.0,0,0.042545616550554166,0.0008664342449095432,hist_clicks_h24_share,1.0,redundant,31399,0.006670312014118826,Share of historical clicks activity in last 24 hours,fixed historical cutoff and observed prefix,False,redundant,-0.009426202205170441,-0.008789833148242509,-0.005151236415215049,,0.9953598927127396,hist_all_h24_share
float32,history,24216.0,0.0,0,0.017022915762830902,0.0005848574198073076,hist_clicks_h72,1.0,capacity,1832,0.024918489969336113,Historical clicks count over h72,fixed historical cutoff and observed prefix,False,capacity,-0.04030289194380837,-0.024278135416177134,-0.022674600250170228,,,
float32,history,0.997890293598175,0.0,0,0.017022915762830902,0.020667625910472047,hist_clicks_h72_share,1.0,retained,40449,0.006767702280920994,Share of historical clicks activity in last 72 hours,fixed historical cutoff and observed prefix,True,selected,-0.00817033772576577,-0.010539979627889884,-0.004647791033295755,,,
float32,history,40671.0,0.0,0,0.005034892113623585,0.0012271832250996372,hist_clicks_h168,1.0,retained,3316,0.02414930820416228,Historical clicks count over h168,fixed historical cutoff and observed prefix,True,selected,-0.039237635131509456,-0.02373096932025438,-0.021843756491558366,,,
float32,history,0.999146044254303,0.0,0,0.005034892113623585,0.0052688230220928845,hist_clicks_h168_share,1.0,retained,46815,0.005785899668177574,Share of historical clicks activity in last 168 hours,fixed historical cutoff and observed prefix,True,selected,-0.009084623455045878,-0.012335576791223409,-0.0019612738088432727,,,
float32,history,59175.0,0.0,0,0.002752848663360654,0.0012191593448927472,hist_clicks_h336,1.0,redundant,4994,0.023226435008342924,Historical clicks count over h336,fixed historical cutoff and observed prefix,False,redundant,-0.0379847404087388,-0.02277949209299585,-0.020990188899283814,,0.9972188455118234,hist_all_h336
float32,history,0.9999603629112244,0.0,0,0.004542686663566875,0.0014840593058783518,hist_clicks_h336_share,1.0,retained,44722,0.013239624749506388,Share of historical clicks activity in last 336 hours,fixed historical cutoff and observed prefix,True,selected,-0.02327287035173519,-0.026258334814863067,-0.005058062116456579,,,
float32,history,5.454545497894287,0.0,0,0.23062062632657152,0.0007066350301497693,hist_clicks_trend_h1_h6,1.0,capacity,1907,0.010668798789998709,Per-hour clicks rate over 1h divided by 6h rate,fixed historical cutoff and observed prefix,False,capacity,-0.008906825393250625,-0.009539166575450113,-0.011527277130064356,,,
float32,history,3.959183692932129,0.0,0,0.08567682140334971,0.0014364683706429545,hist_clicks_trend_h6_h24,1.0,retained,5269,0.009183324742237702,Per-hour clicks rate over 6h divided by 24h rate,fixed historical cutoff and observed prefix,True,selected,-0.01012770309733081,-0.01153725582562689,-0.00784896280802759,,,
float32,history,2.9932734966278076,0.0,0,0.042545616550554166,0.0015088166518416634,hist_clicks_trend_h24_h72,1.0,retained,11908,0.00908117104428267,Per-hour clicks rate over 24h divided by 72h rate,fixed historical cutoff and observed prefix,True,selected,-0.011323785864517587,-0.013078707868957075,-0.006708633495239648,,,
float32,history,2.330864191055298,0.0,0,0.017022915762830902,0.0020054690662178456,hist_clicks_trend_h72_h168,1.0,retained,25931,0.009356877655708555,Per-hour clicks rate over 72h divided by 168h rate,fixed historical cutoff and observed prefix,True,selected,-0.011527376767344603,-0.014747006471974492,-0.006300063395636245,,,
float32,history,1.998292088508606,0.0,0,0.008406402172707694,0.0012438693756537432,hist_clicks_trend_h168_h336,1.0,retained,38663,0.006827945279321468,Per-hour clicks rate over 168h divided by 336h rate,fixed historical cutoff and observed prefix,True,selected,-0.01069371231310687,-0.014930169421444867,-0.002132538702628868,,,
float32,repeat,1.0,0.0,0,0.9845957203417034,0.0010915929717769247,repeat_clicks_n1_count,1.0,retained,2,0.11178209424101444,Candidate clicks recurrence within last 1 observed events: count,observed prefix,True,selected,0.2518829518803854,0.15679393282148416,0.06592603201088443,,,
float32,repeat,1.0,0.0,0,0.9845957203417034,,repeat_clicks_n1_share,,duplicate,2,0.11178209424101444,Candidate clicks recurrence within last 1 observed events: share,observed prefix,False,duplicate,0.2518829518803854,0.15679393282148416,0.06592603201088443,repeat_clicks_n1_count,,
float32,repeat,1.0,-1.0,0,0.9845957203417034,0.0003213057979309318,repeat_clicks_n1_last_position,1.0,redundant,2,0.11178209424101443,Candidate clicks recurrence within last 1 observed events: last_position,observed prefix,False,redundant,0.2518829518803854,0.15679393282148416,0.06592603201088441,,0.9999999999999637,repeat_clicks_n1_count
float32,repeat,1.0,-1.0,0,0.9845957203417034,,repeat_clicks_n1_first_position,,duplicate,2,0.11178209424101443,Candidate clicks recurrence within last 1 observed events: first_position,observed prefix,False,duplicate,0.2518829518803854,0.15679393282148416,0.06592603201088441,repeat_clicks_n1_last_position,,
float32,repeat,0.0,0.0,0,1.0,,repeat_clicks_n1_span,,constant,1,0.0,Candidate clicks recurrence within last 1 observed events: span,observed prefix,False,constant,0.0,0.0,0.0,,,
float32,repeat,0.0,-1.0,0,0.9845957203417034,8.566535790907269e-05,repeat_clicks_n1_age_hours,0.6666666666666666,redundant,2,0.11178209424101443,Candidate clicks recurrence within last 1 observed events: age_hours,observed prefix,False,redundant,0.2518829518803854,0.15679393282148416,0.06592603201088441,,0.9999999999999637,repeat_clicks_n1_count
float32,repeat,3.0,0.0,0,0.9735220704534711,0.0003309088910106625,repeat_clicks_n3_count,1.0,capacity,4,0.14524427020573003,Candidate clicks recurrence within last 3 observed events: count,observed prefix,False,capacity,0.28070988154029636,0.15984882822719468,0.11536438930590329,,,
float32,repeat,1.0,0.0,0,0.9735220704534711,0.00021565109420627475,repeat_clicks_n3_share,1.0,capacity,5,0.1416207775403194,Candidate clicks recurrence within last 3 observed events: share,observed prefix,False,capacity,0.3040140839839149,0.1525346451984175,0.1090982926373378,,,
float32,repeat,3.0,-1.0,0,0.9735220704534711,7.929023430112598e-05,repeat_clicks_n3_last_position,1.0,capacity,4,0.12403089447595117,Candidate clicks recurrence within last 3 observed events: last_position,observed prefix,False,capacity,0.23825099748971307,0.12405300685309956,0.10498315445175,,,
float32,repeat,3.0,-1.0,0,0.9735220704534711,4.3974527792542584e-05,repeat_clicks_n3_first_position,1.0,capacity,4,0.13259267129399474,Candidate clicks recurrence within last 3 observed events: first_position,observed prefix,False,capacity,0.24773340719746928,0.134360018242671,0.11251887516907753,,,
float32,repeat,2.0,0.0,0,0.9976031734605935,1.3554662688845e-05,repeat_clicks_n3_span,1.0,capacity,3,0.0898530485714694,Candidate clicks recurrence within last 3 observed events: span,observed prefix,False,capacity,0.12987900473072417,0.1005657558398978,0.0778257022440461,,,
float32,repeat,71.03121185302734,-1.0,0,0.9735220704534711,0.00017198958892419028,repeat_clicks_n3_age_hours,1.0,capacity,5633,0.03843238859501124,Candidate clicks recurrence within last 3 observed events: age_hours,observed prefix,False,capacity,0.07998509213048166,0.04307849827574078,0.029183883165401405,,,
float32,repeat,5.0,0.0,0,0.9684793964354987,2.8097430649054383e-05,repeat_clicks_n5_count,1.0,capacity,6,0.15109170265628824,Candidate clicks recurrence within last 5 observed events: count,observed prefix,False,capacity,0.26727675782998417,0.1550725740893261,0.12973709107748665,,,
float32,repeat,1.0,0.0,0,0.9684793964354987,0.00025033011579114056,repeat_clicks_n5_share,1.0,capacity,11,0.13784540788387636,Candidate clicks recurrence within last 5 observed events: share,observed prefix,False,capacity,0.30460230939759814,0.14654600211673444,0.1057022938484937,,,
float32,repeat,5.0,-1.0,0,0.9684793964354987,5.9577781546240786e-05,repeat_clicks_n5_last_position,1.0,capacity,6,0.11456936967293935,Candidate clicks recurrence within last 5 observed events: last_position,observed prefix,False,capacity,0.1861132244783348,0.10346047655008375,0.1081998404334679,,,
float32,repeat,5.0,-1.0,0,0.9684793964354987,5.502310269798036e-05,repeat_clicks_n5_first_position,1.0,capacity,6,0.12788458138995648,Candidate clicks recurrence within last 5 observed events: first_position,observed prefix,False,capacity,0.2029496558462404,0.11690152940740346,0.12086526163851899,,,
float32,repeat,4.0,0.0,0,0.9962491221039157,6.946608831914938e-06,repeat_clicks_n5_span,1.0,capacity,5,0.10099558377388626,Candidate clicks recurrence within last 5 observed events: span,observed prefix,False,capacity,0.14133013707505054,0.09792238604237581,0.09580975708944744,,,
float32,repeat,71.03121185302734,-1.0,0,0.9684793964354987,0.0004466603737240783,repeat_clicks_n5_age_hours,1.0,capacity,8192,0.031173007331238005,Candidate clicks recurrence within last 5 observed events: age_hours,observed prefix,False,capacity,0.06088562607058144,0.032656259648644596,0.025479278049310803,,,
float32,repeat,10.0,0.0,0,0.9621643810565103,0.00010784827399428043,repeat_clicks_n10_count,1.0,capacity,11,0.15762219043341313,Candidate clicks recurrence within last 10 observed events: count,observed prefix,False,capacity,0.24384486493690596,0.15075565077546543,0.14668501451180485,,,
float32,repeat,1.0,0.0,0,0.9621643810565103,0.0002765623984773384,repeat_clicks_n10_share,1.0,capacity,33,0.13616992182947368,Candidate clicks recurrence within last 10 observed events: share,observed prefix,False,capacity,0.3040649228666386,0.14359837670803788,0.10447319421733077,,,
float32,repeat,10.0,-1.0,0,0.9621643810565103,0.00011049714685598969,repeat_clicks_n10_last_position,1.0,capacity,11,0.10496734411320023,Candidate clicks recurrence within last 10 observed events: last_position,observed prefix,False,capacity,0.12214761133471885,0.08199722020498204,0.11358902819705623,,,
float32,repeat,10.0,-1.0,0,0.9621643810565103,5.084929728232138e-05,repeat_clicks_n10_first_position,1.0,capacity,11,0.12229218607595008,Candidate clicks recurrence within last 10 observed events: first_position,observed prefix,False,capacity,0.14229766252585124,0.09918402970621723,0.130512018185833,,,
float32,repeat,9.0,0.0,0,0.994723868851566,9.34390595013918e-05,repeat_clicks_n10_span,1.0,capacity,10,0.10379346707346158,Candidate clicks recurrence within last 10 observed events: span,observed prefix,False,capacity,0.12073992179196204,0.09573426997939519,0.1049986565007447,,,
float32,repeat,71.03121185302734,-1.0,0,0.9621643810565103,0.0003466595081443018,repeat_clicks_n10_age_hours,1.0,capacity,11420,0.027525752887067233,Candidate clicks recurrence within last 10 observed events: age_hours,observed prefix,False,capacity,0.04399473062808466,0.025710479204581884,0.025688560104807,,,
float32,repeat,15.0,0.0,0,0.9574641108298817,9.87411804992394e-06,repeat_clicks_n20_count,0.6666666666666666,capacity,14,0.16037217505490622,Candidate clicks recurrence within last 20 observed events: count,observed prefix,False,capacity,0.22490390010847985,0.1462739367372791,0.15666600670479083,,,
float32,repeat,1.0,0.0,0,0.9574641108298817,0.00026948346247240574,repeat_clicks_n20_share,1.0,capacity,85,0.1349334824327797,Candidate clicks recurrence within last 20 observed events: share,observed prefix,False,capacity,0.30351489448387864,0.1425047615568857,0.10305094086221021,,,
float32,repeat,20.0,-1.0,0,0.9574641108298817,5.973843115321929e-05,repeat_clicks_n20_last_position,1.0,capacity,21,0.08709216067670447,Candidate clicks recurrence within last 20 observed events: last_position,observed prefix,False,capacity,0.07890565248395329,0.05961988695706442,0.10219271556864971,,,
float32,repeat,20.0,-1.0,0,0.9574641108298817,2.8501814181500177e-05,repeat_clicks_n20_first_position,1.0,capacity,21,0.10854757942422384,Candidate clicks recurrence within last 20 observed events: first_position,observed prefix,False,capacity,0.0976352920209745,0.0798088393585422,0.1247356640242729,,,
float32,repeat,19.0,0.0,0,0.9934476365383755,0.00017965039088803188,repeat_clicks_n20_span,1.0,capacity,20,0.11120506954962917,Candidate clicks recurrence within last 20 observed events: span,observed prefix,False,capacity,0.09801432540434535,0.0973690316931252,0.12032154583542845,,,
float32,repeat,71.03121185302734,-1.0,0,0.9574641108298817,0.00026411086873001025,repeat_clicks_n20_age_hours,1.0,redundant,13830,0.02769970516113687,Candidate clicks recurrence within last 20 observed events: age_hours,observed prefix,False,redundant,0.03728899237291323,0.023258832210038067,0.028321927101390212,,0.9996432261188742,repeat_all_n20_age_hours
float32,repeat,18.0,0.0,0,0.9542949302838644,1.5308508485988236e-05,repeat_clicks_n50_count,0.6666666666666666,retained,17,0.1625441526977406,Candidate clicks recurrence within last 50 observed events: count,observed prefix,True,selected,0.2099954132884132,0.14174695307032978,0.16503420907966726,,,
float32,repeat,1.0,0.0,0,0.9542949302838644,0.0001815818137470181,repeat_clicks_n50_share,1.0,capacity,208,0.13453563928216164,Candidate clicks recurrence within last 50 observed events: share,observed prefix,False,capacity,0.30323177282913855,0.14177158808444235,0.10280164262319179,,,
float32,repeat,50.0,-1.0,0,0.9542949302838644,9.423701321731778e-05,repeat_clicks_n50_last_position,1.0,capacity,51,0.07388112521331398,Candidate clicks recurrence within last 50 observed events: last_position,observed prefix,False,capacity,0.04625521881361265,0.04100646338025482,0.09492277386312713,,,
float32,repeat,50.0,-1.0,0,0.9542949302838644,5.303986952527884e-05,repeat_clicks_n50_first_position,1.0,capacity,51,0.09290815784041304,Candidate clicks recurrence within last 50 observed events: first_position,observed prefix,False,capacity,0.060061954660546014,0.05661101197168434,0.11653109797142189,,,
float32,repeat,46.0,0.0,0,0.9925410446817493,2.286260539394475e-05,repeat_clicks_n50_span,1.0,capacity,44,0.09454353493013375,Candidate clicks recurrence within last 50 observed events: span,observed prefix,False,capacity,0.06617413106338002,0.07106679104106174,0.11101014085246204,,,
float32,repeat,71.03121185302734,-1.0,0,0.9542949302838644,0.0001076111931790133,repeat_clicks_n50_age_hours,1.0,redundant,15456,0.025238820166840918,Candidate clicks recurrence within last 50 observed events: age_hours,observed prefix,False,redundant,0.029475863795989255,0.020137947923006792,0.027083082350566594,,0.9997265224666435,repeat_all_n50_age_hours
float32,repeat,10.606799125671387,0.0,0,0.9539758722055668,0.0006445859313223083,repeat_clicks_h1_decay,1.0,capacity,16827,0.16623501162567753,Sum of exponential candidate clicks weights with 1h time constant,observed prefix,False,capacity,0.23089005182491973,0.1509229879767222,0.16311518341694814,,,
float32,repeat,11.755258560180664,0.0,0,0.9539758722055668,0.00027247478266848675,repeat_clicks_h6_decay,1.0,capacity,16818,0.16997620672006705,Sum of exponential candidate clicks weights with 6h time constant,observed prefix,False,capacity,0.21818106437451887,0.1488790165009542,0.17249065888721485,,,
float32,repeat,11.938323974609375,0.0,0,0.9539758722055668,0.0009833222928044582,repeat_clicks_h24_decay,1.0,retained,16465,0.16956792598299414,Sum of exponential candidate clicks weights with 24h time constant,observed prefix,True,selected,0.2142185721179251,0.14728487566132895,0.1732676767880049,,,
float32,repeat,13.725410461425781,0.0,0,0.9539758722055668,0.0006553903800548913,repeat_clicks_h72_decay,1.0,redundant,15704,0.1676025830108446,Sum of exponential candidate clicks weights with 72h time constant,observed prefix,False,redundant,0.21125038224352155,0.14548045175930638,0.17138901543116758,,0.9955377951809435,repeat_clicks_h24_decay
float32,context,97.0,0.0,0,0.8493851322826466,0.0022403157394431028,query_carts_count,1.0,retained,25,0.06740130510063595,Observed carts: count,observed prefix,True,selected,-0.0025278388009229457,0.06437698410612584,0.0797257099811765,,,
float32,context,1.0,0.0,0,0.8493851322826466,0.0024579917903991256,query_carts_share,1.0,retained,153,0.05379903702270634,Observed carts: share,observed prefix,True,selected,-0.0035224563816439168,0.04106171622716939,0.06854712752731855,,,
float32,context,60.32437515258789,-1.0,0,0.8493851322826466,0.0038668662624491003,query_carts_last_age_hours,1.0,retained,810,0.011585448142246931,Observed carts: last_age_hours,observed prefix,True,selected,-0.0005172570134725856,0.011451975458506992,0.013496883005579292,,,
float32,history,9821.0,0.0,0,0.018133782608611065,0.0009099419001126979,hist_carts_all,1.0,retained,1362,0.021758477526608602,Historical carts count over all,fixed historical cutoff and observed prefix,True,selected,-0.044991330611367245,-0.017645519738670908,-0.01994281423978434,,,
float32,history,30.0,0.0,0,0.4963648779311029,0.0002199835140310741,hist_carts_h1,1.0,capacity,19,0.022930416988537237,Historical carts count over h1,fixed historical cutoff and observed prefix,False,capacity,-0.04452249852669508,-0.021530385237048713,-0.02003175260792186,,,
float32,history,0.6666666865348816,0.0,0,0.4963648779311029,0.002645557402675757,hist_carts_h1_share,1.0,retained,1668,0.0029171299278370664,Share of historical carts activity in last 1 hours,fixed historical cutoff and observed prefix,True,selected,-0.0016988145836699306,-0.0010107152798559092,-0.004073389809188834,,,
float32,history,151.0,0.0,0,0.27489188016645494,0.0002864495853768609,hist_carts_h6,1.0,capacity,85,0.027051053002524215,Historical carts count over h6,fixed historical cutoff and observed prefix,False,capacity,-0.05338281991630871,-0.026012539088528738,-0.023181682140557873,,,
float32,history,0.8571428656578064,0.0,0,0.27489188016645494,0.003998943160616553,hist_carts_h6_share,1.0,retained,3562,0.004391650013086271,Share of historical carts activity in last 6 hours,fixed historical cutoff and observed prefix,True,selected,-0.009138880492731313,-0.005562676513051607,-0.003014931683162764,,,
float32,history,307.0,0.0,0,0.20937213650238418,0.0002548001316045312,hist_carts_h12,1.0,capacity,137,0.027586158976790648,Historical carts count over h12,fixed historical cutoff and observed prefix,False,capacity,-0.054455491674705196,-0.026723446979396277,-0.023539292859168743,,,
float32,history,0.9523809552192688,0.0,0,0.20937213650238418,0.00753596878226659,hist_carts_h12_share,1.0,retained,4493,0.004382135356909601,Share of historical carts activity in last 12 hours,fixed historical cutoff and observed prefix,True,selected,-0.009270819867326344,-0.007107681718816645,-0.0022045814242199558,,,
float32,history,3071.0,0.0,0,0.1793320402402274,0.00020465731717109949,hist_carts_h24,1.0,capacity,176,0.014409066262287447,Historical carts count over h24,fixed historical cutoff and observed prefix,False,capacity,-0.02822713561441775,-0.014024584465628934,-0.01229829560192832,,,
float32,history,0.9523809552192688,0.0,0,0.1793320402402274,0.0005498409765088441,hist_carts_h24_share,1.0,capacity,5086,0.006813013076320721,Share of historical carts activity in last 24 hours,fixed historical cutoff and observed prefix,False,capacity,-0.014302180094376803,-0.008443402770751696,-0.004749623726095886,,,
float32,history,3103.0,0.0,0,0.10126981224210282,0.013419028534134236,hist_carts_h72,1.0,retained,371,0.023438112758221694,Historical carts count over h72,fixed historical cutoff and observed prefix,True,selected,-0.046244488257870316,-0.022656280635924404,-0.02002796623609557,,,
float32,history,0.9923076629638672,0.0,0,0.10126981224210282,0.0017935670506674158,hist_carts_h72_share,1.0,retained,7318,0.008292639259533796,Share of historical carts activity in last 72 hours,fixed historical cutoff and observed prefix,True,selected,-0.016844358345775624,-0.010874159695719376,-0.00557659252706737,,,
float32,history,3356.0,0.0,0,0.05013880971882034,0.0015287248931841035,hist_carts_h168,1.0,retained,691,0.025439588157580455,Historical carts count over h168,fixed historical cutoff and observed prefix,True,selected,-0.05087511821367897,-0.024889100099207494,-0.021475577177417184,,,
float32,history,0.995708167552948,0.0,0,0.05013880971882034,0.0007415019730786533,hist_carts_h168_share,1.0,capacity,9179,0.00773192792676383,Share of historical carts activity in last 168 hours,fixed historical cutoff and observed prefix,False,capacity,-0.02111598759054309,-0.01265126486965032,-0.0030415828446907103,,,
float32,history,7232.0,0.0,0,0.026405946931303294,0.0005584455745124984,hist_carts_h336,1.0,capacity,1089,0.02396962933735062,Historical carts count over h336,fixed historical cutoff and observed prefix,False,capacity,-0.0481552844674955,-0.023393544738998413,-0.020226729114835907,,,
float32,history,0.9989868402481079,0.0,0,0.026894261429185645,0.0010797014522122468,hist_carts_h336_share,1.0,retained,8724,0.013411765253920757,Share of historical carts activity in last 336 hours,fixed historical cutoff and observed prefix,True,selected,-0.03771715329748798,-0.021494511565854565,-0.005319494090692648,,,
float32,history,5.25,0.0,0,0.4963648779311029,0.00023839723575650953,hist_carts_trend_h1_h6,1.0,capacity,203,0.01267347493815811,Per-hour carts rate over 1h divided by 6h rate,fixed historical cutoff and observed prefix,False,capacity,-0.025031267718079345,-0.012911346098117294,-0.010494907228191646,,,
float32,history,3.6666667461395264,0.0,0,0.27489188016645494,0.0008475963762483842,hist_carts_trend_h6_h24,1.0,retained,636,0.013311208165104671,Per-hour carts rate over 6h divided by 24h rate,fixed historical cutoff and observed prefix,True,selected,-0.0317225951815133,-0.014302336345223184,-0.009747079572310644,,,
float32,history,2.9681057929992676,0.0,0,0.1793320402402274,0.001752938764839949,hist_carts_trend_h24_h72,1.0,retained,1575,0.011309207124384884,Per-hour carts rate over 24h divided by 72h rate,fixed historical cutoff and observed prefix,True,selected,-0.029863619738408467,-0.014759393788235141,-0.006491711690122493,,,
float32,history,2.3290441036224365,0.0,0,0.10126981224210282,0.0009728558597935026,hist_carts_trend_h72_h168,1.0,retained,4079,0.011898712933001073,Per-hour carts rate over 72h divided by 168h rate,fixed historical cutoff and observed prefix,True,selected,-0.027673264198382324,-0.014449552871348557,-0.00799420108626379,,,
float32,history,1.9964028596878052,0.0,0,0.05013880971882034,0.0008282759695518248,hist_carts_trend_h168_h336,1.0,retained,7078,0.009762545614650515,Per-hour carts rate over 168h divided by 336h rate,fixed historical cutoff and observed prefix,True,selected,-0.027412881684923483,-0.014874259550344073,-0.00426496596842491,,,
float32,repeat,1.0,0.0,0,0.9991245357607687,3.372179772578191e-05,repeat_carts_n1_count,1.0,capacity,2,0.15336050395283465,Candidate carts recurrence within last 1 observed events: count,observed prefix,False,capacity,0.09177467388184682,0.06772687148977881,0.20644162519619388,,,
float32,repeat,1.0,0.0,0,0.9991245357607687,,repeat_carts_n1_share,,duplicate,2,0.15336050395283465,Candidate carts recurrence within last 1 observed events: share,observed prefix,False,duplicate,0.09177467388184682,0.06772687148977881,0.20644162519619388,repeat_carts_n1_count,,
float32,repeat,1.0,-1.0,0,0.9991245357607687,2.9818857064068547e-06,repeat_carts_n1_last_position,1.0,capacity,2,0.15336050395283463,Candidate carts recurrence within last 1 observed events: last_position,observed prefix,False,capacity,0.0917746738818468,0.06772687148977882,0.20644162519619386,,,
float32,repeat,1.0,-1.0,0,0.9991245357607687,,repeat_carts_n1_first_position,,duplicate,2,0.15336050395283463,Candidate carts recurrence within last 1 observed events: first_position,observed prefix,False,duplicate,0.0917746738818468,0.06772687148977882,0.20644162519619386,repeat_carts_n1_last_position,,
float32,repeat,0.0,0.0,0,1.0,,repeat_carts_n1_span,,constant,1,0.0,Candidate carts recurrence within last 1 observed events: span,observed prefix,False,constant,0.0,0.0,0.0,,,
float32,repeat,0.0,-1.0,0,0.9991245357607687,0.0,repeat_carts_n1_age_hours,0.0,capacity,2,0.1533605039528346,Candidate carts recurrence within last 1 observed events: age_hours,observed prefix,False,capacity,0.09177467388184679,0.06772687148977868,0.20644162519619388,,,
float32,repeat,3.0,0.0,0,0.9980759241497783,3.967998523306727e-06,repeat_carts_n3_count,1.0,capacity,4,0.20555503497949068,Candidate carts recurrence within last 3 observed events: count,observed prefix,False,capacity,0.11351532891256051,0.09653862579176262,0.27540319058450974,,,
float32,repeat,1.0,0.0,0,0.9980759241497783,2.4605291456951434e-05,repeat_carts_n3_share,1.0,capacity,5,0.20131388337763642,Candidate carts recurrence within last 3 observed events: share,observed prefix,False,capacity,0.11942538932498326,0.0992543188512855,0.26599174798292075,,,
float32,repeat,3.0,-1.0,0,0.9980759241497783,4.612264388734192e-06,repeat_carts_n3_last_position,0.6666666666666666,capacity,4,0.19541347570375225,Candidate carts recurrence within last 3 observed events: last_position,observed prefix,False,capacity,0.10251171675430017,0.08940850397415753,0.263899588060125,,,
float32,repeat,3.0,-1.0,0,0.9980759241497783,3.5209759251012828e-06,repeat_carts_n3_first_position,0.6666666666666666,capacity,4,0.19709475205875288,Candidate carts recurrence within last 3 observed events: first_position,observed prefix,False,capacity,0.1035555203091308,0.09111710943665843,0.26567344532807047,,,
float32,repeat,2.0,0.0,0,0.9998988352434666,2.6570084620422166e-07,repeat_carts_n3_span,0.3333333333333333,capacity,3,0.05834960251851132,Candidate carts recurrence within last 3 observed events: span,observed prefix,False,capacity,0.03212995166820215,0.03552264877987442,0.07413302119621464,,,
float32,repeat,53.523468017578125,-1.0,0,0.9980759241497783,0.00020831380649238287,repeat_carts_n3_age_hours,1.0,capacity,540,0.06754545793684666,Candidate carts recurrence within last 3 observed events: age_hours,observed prefix,False,capacity,0.04380408424123049,0.045436018252813216,0.08255707339479942,,,
float32,repeat,4.0,0.0,0,0.9974202987083984,3.1601817537243593e-06,repeat_carts_n5_count,0.6666666666666666,capacity,5,0.22256760343118068,Candidate carts recurrence within last 5 observed events: count,observed prefix,False,capacity,0.1091188372290086,0.10012573344946929,0.3026966661223984,,,
float32,repeat,1.0,0.0,0,0.9974202987083984,0.0006859455462285673,repeat_carts_n5_share,1.0,capacity,7,0.2145484771495014,Candidate carts recurrence within last 5 observed events: share,observed prefix,False,capacity,0.11936479495213176,0.09822764830828375,0.2885728386030052,,,
float32,repeat,5.0,-1.0,0,0.9974202987083984,0.00022653577226063786,repeat_carts_n5_last_position,1.0,capacity,6,0.19239747632866222,Candidate carts recurrence within last 5 observed events: last_position,observed prefix,False,capacity,0.0832488397189772,0.07402994592499991,0.2697726809654409,,,
float32,repeat,5.0,-1.0,0,0.9974202987083984,0.0007554810739867572,repeat_carts_n5_first_position,1.0,retained,6,0.198540041699969,Candidate carts recurrence within last 5 observed events: first_position,observed prefix,True,selected,0.08633025047421138,0.08152396430614421,0.275749712267841,,,
float32,repeat,4.0,0.0,0,0.9998249071521538,2.5979214829053296e-05,repeat_carts_n5_span,1.0,capacity,5,0.08590672403416832,Candidate carts recurrence within last 5 observed events: span,observed prefix,False,capacity,0.04013198661311354,0.06891792751905647,0.10203024519523339,,,
float32,repeat,53.719303131103516,-1.0,0,0.9974202987083984,0.0002431835676935441,repeat_carts_n5_age_hours,1.0,capacity,877,0.06810508901549724,Candidate carts recurrence within last 5 observed events: age_hours,observed prefix,False,capacity,0.040643708152858594,0.04042969035307745,0.0865196851571469,,,
float32,repeat,8.0,0.0,0,0.996554561849603,3.3512768969816615e-05,repeat_carts_n10_count,0.6666666666666666,capacity,7,0.24105235216929247,Candidate carts recurrence within last 10 observed events: count,observed prefix,False,capacity,0.10188933079054208,0.1066020373958391,0.33147134645247756,,,
float32,repeat,1.0,0.0,0,0.996554561849603,2.3791491935056753e-05,repeat_carts_n10_share,1.0,capacity,14,0.22724226443910736,Candidate carts recurrence within last 10 observed events: share,observed prefix,False,capacity,0.12094943845636894,0.10311404515529925,0.3070218450781345,,,
float32,repeat,10.0,-1.0,0,0.996554561849603,0.00010625995266329009,repeat_carts_n10_last_position,1.0,capacity,11,0.19775345154008056,Candidate carts recurrence within last 10 observed events: last_position,observed prefix,False,capacity,0.06241320272528155,0.06661964770774022,0.28587706159205056,,,
float32,repeat,10.0,-1.0,0,0.996554561849603,1.7299918128284352e-05,repeat_carts_n10_first_position,1.0,capacity,11,0.2056096510466948,Candidate carts recurrence within last 10 observed events: first_position,observed prefix,False,capacity,0.06748804816625617,0.07723541782475064,0.29281703480440663,,,
float32,repeat,9.0,0.0,0,0.9996828873977895,2.1800712790443105e-05,repeat_carts_n10_span,0.6666666666666666,capacity,10,0.09271481599278111,Candidate carts recurrence within last 10 observed events: span,observed prefix,False,capacity,0.04390532185199256,0.07619772287529229,0.10910827824165696,,,
float32,repeat,60.44227981567383,-1.0,0,0.996554561849603,0.00022369123126638471,repeat_carts_n10_age_hours,1.0,capacity,1322,0.06071420554839249,Candidate carts recurrence within last 10 observed events: age_hours,observed prefix,False,capacity,0.031773637890484305,0.03130553751234962,0.08024196750939863,,,
float32,repeat,11.0,0.0,0,0.9958405721256077,6.537862789107874e-05,repeat_carts_n20_count,0.6666666666666666,capacity,9,0.2539629360602408,Candidate carts recurrence within last 20 observed events: count,observed prefix,False,capacity,0.09390699316030228,0.11000584549823131,0.35261747182456865,,,
float32,repeat,1.0,0.0,0,0.9958405721256077,0.000377773565807411,repeat_carts_n20_share,1.0,capacity,26,0.23345171659439784,Candidate carts recurrence within last 20 observed events: share,observed prefix,False,capacity,0.12196171492940946,0.1058632378501024,0.3158276229107103,,,
float32,repeat,20.0,-1.0,0,0.9958405721256077,0.00044030380936148437,repeat_carts_n20_last_position,1.0,capacity,21,0.19826165049569944,Candidate carts recurrence within last 20 observed events: last_position,observed prefix,False,capacity,0.045677976488736734,0.0583639883592998,0.29364109389839305,,,
float32,repeat,20.0,-1.0,0,0.9958405721256077,7.880959621616446e-05,repeat_carts_n20_first_position,1.0,capacity,21,0.20763750235193684,Candidate carts recurrence within last 20 observed events: first_position,observed prefix,False,capacity,0.051200153511638195,0.0693940011870722,0.3028321444077523,,,
float32,repeat,18.0,0.0,0,0.9995681043086458,6.391025733635519e-05,repeat_carts_n20_span,1.0,capacity,17,0.0997812610926368,Candidate carts recurrence within last 20 observed events: span,observed prefix,False,capacity,0.041971865838250445,0.0760678328284759,0.12127287443378165,,,
float32,repeat,60.52587890625,-1.0,0,0.9958405721256077,0.00032637888666728126,repeat_carts_n20_age_hours,1.0,capacity,1689,0.06424744140159375,Candidate carts recurrence within last 20 observed events: age_hours,observed prefix,False,capacity,0.02967671575257962,0.031495197142899174,0.08638535113911006,,,
float32,repeat,11.0,0.0,0,0.9953114026298946,1.9467913621853056e-05,repeat_carts_n50_count,0.3333333333333333,retained,10,0.25509212211518123,Candidate carts recurrence within last 50 observed events: count,observed prefix,True,selected,0.08700980373815567,0.10510196816267742,0.3581009188209374,,,
float32,repeat,1.0,0.0,0,0.9953114026298946,0.00032983147972913884,repeat_carts_n50_share,1.0,capacity,44,0.23531703090415385,Candidate carts recurrence within last 50 observed events: share,observed prefix,False,capacity,0.12137852317143048,0.1049077327909061,0.31951143124956494,,,
float32,repeat,50.0,-1.0,0,0.9953114026298946,3.91659625680042e-05,repeat_carts_n50_last_position,1.0,capacity,51,0.16725491150402744,Candidate carts recurrence within last 50 observed events: last_position,observed prefix,False,capacity,0.024192796686043905,0.03946503628999656,0.25499353491404014,,,
float32,repeat,50.0,-1.0,0,0.9953114026298946,4.254646841853803e-05,repeat_carts_n50_first_position,1.0,capacity,51,0.17394399222020582,Candidate carts recurrence within last 50 observed events: first_position,observed prefix,False,capacity,0.028943387848537058,0.04717044313344644,0.2614975341588636,,,
float32,repeat,36.0,0.0,0,0.9994669395521125,1.2325635724622644e-05,repeat_carts_n50_span,1.0,capacity,27,0.07480657299087409,Candidate carts recurrence within last 50 observed events: span,observed prefix,False,capacity,0.030843171824137414,0.05008019607680572,0.09449699497569772,,,
float32,repeat,60.52587890625,-1.0,0,0.9953114026298946,0.0001872219705391741,repeat_carts_n50_age_hours,1.0,capacity,1961,0.06646882310612105,Candidate carts recurrence within last 50 observed events: age_hours,observed prefix,False,capacity,0.025666504758021076,0.03222529621555165,0.09039097294275575,,,
float32,repeat,10.760774612426758,0.0,0,0.9951791102559663,0.0006227045981849903,repeat_carts_h1_decay,1.0,capacity,2088,0.2551257997247891,Sum of exponential candidate carts weights with 1h time constant,observed prefix,False,capacity,0.08996984556263299,0.10406906117033228,0.35818016136237685,,,
float32,repeat,10.959742546081543,0.0,0,0.9951791102559663,0.00045672605248060614,repeat_carts_h6_decay,1.0,redundant,2087,0.2597020555686825,Sum of exponential candidate carts weights with 6h time constant,observed prefix,False,redundant,0.0858029196605735,0.10921008933008473,0.36393122800599953,,0.9976515763914684,repeat_carts_h24_decay
float32,repeat,10.989920616149902,0.0,0,0.9951791102559663,0.005665324045987559,repeat_carts_h24_decay,1.0,retained,2082,0.2586144897349301,Sum of exponential candidate carts weights with 24h time constant,observed prefix,True,selected,0.08491745333750807,0.11114748944264517,0.3612974959473096,,,
float32,repeat,10.996639251708984,0.0,0,0.9951791102559663,0.004114994849296797,repeat_carts_h72_decay,1.0,redundant,2075,0.2570229051328716,Sum of exponential candidate carts weights with 72h time constant,observed prefix,False,redundant,0.084770400659473,0.11165387302105406,0.3584161719343469,,0.9992983444629269,repeat_carts_h24_decay
float32,context,11.0,0.0,0,0.9812631198043629,4.786049033594621e-05,query_orders_count,1.0,capacity,9,0.024810401143522023,Observed orders: count,observed prefix,False,capacity,-0.00292360132265,0.003348878296387826,0.03918896253723446,,,
float32,context,1.0,0.0,0,0.9812631198043629,0.00017018919799813816,query_orders_share,1.0,retained,59,0.009275500431807023,Observed orders: share,observed prefix,True,selected,-0.0029781922042853874,0.000301243808745549,0.014812180114591367,,,
float32,context,53.028419494628906,-1.0,0,0.9812631198043629,8.770893634228564e-05,query_orders_last_age_hours,1.0,capacity,79,0.002838693718187559,Observed orders: last_age_hours,observed prefix,False,capacity,0.0013432872317239457,0.003166513672807579,0.0029240181552881517,,,
float32,history,3773.0,0.0,0,0.10516465536863853,0.00043263355128681023,hist_orders_all,1.0,capacity,686,0.0228017994345978,Historical orders count over all,fixed historical cutoff and observed prefix,False,capacity,-0.04928398678598428,-0.02348714966745602,-0.018045426426270945,,,
float32,history,7.0,0.0,0,0.6788836080021322,0.00030000295694043326,hist_orders_h1,1.0,capacity,8,0.02074175428003635,Historical orders count over h1,fixed historical cutoff and observed prefix,False,capacity,-0.04246561219986762,-0.020242105260287344,-0.017370935803272307,,,
float32,history,0.75,0.0,0,0.6788836080021322,8.563784489513102e-05,hist_orders_h1_share,1.0,capacity,629,0.0025510252431865175,Share of historical orders activity in last 1 hours,fixed historical cutoff and observed prefix,False,capacity,-0.0059679438996914,-0.00280606814947021,-0.0018540173472938574,,,
float32,history,44.0,0.0,0,0.42835881582761526,0.00023177849492615158,hist_orders_h6,1.0,capacity,36,0.027098809271248525,Historical orders count over h6,fixed historical cutoff and observed prefix,False,capacity,-0.05662447831327291,-0.02727206701257417,-0.022091235560248307,,,
float32,history,0.75,0.0,0,0.42835881582761526,0.005953948913114155,hist_orders_h6_share,1.0,retained,1416,0.0069930308074815945,Share of historical orders activity in last 6 hours,fixed historical cutoff and observed prefix,True,selected,-0.014920057408114204,-0.007699977182169112,-0.005318386520032401,,,
float32,history,87.0,0.0,0,0.35674778653458183,0.0004660421816455121,hist_orders_h12,1.0,capacity,61,0.02835501652400728,Historical orders count over h12,fixed historical cutoff and observed prefix,False,capacity,-0.059445112027856475,-0.028853332921665996,-0.022924175741203055,,,
float32,history,0.9285714030265808,0.0,0,0.35674778653458183,0.0007832041368886827,hist_orders_h12_share,1.0,retained,1874,0.007295301839414824,Share of historical orders activity in last 12 hours,fixed historical cutoff and observed prefix,True,selected,-0.018026661635596353,-0.009595370311890854,-0.004356707637146555,,,
float32,history,125.0,0.0,0,0.32867067564439034,0.0007489098088575472,hist_orders_h24,1.0,retained,81,0.027845971774927064,Historical orders count over h24,fixed historical cutoff and observed prefix,True,selected,-0.058338631352593436,-0.02832174974871499,-0.022525972858422044,,,
float32,history,0.9285714030265808,0.0,0,0.32867067564439034,0.003492497095599735,hist_orders_h24_share,1.0,retained,2075,0.00748848728503154,Share of historical orders activity in last 24 hours,fixed historical cutoff and observed prefix,True,selected,-0.020001396141257632,-0.008969804471915054,-0.004662343882218768,,,
float32,history,377.0,0.0,0,0.23381509806172218,0.0018192063115673354,hist_orders_h72,1.0,retained,172,0.02715904349072679,Historical orders count over h72,fixed historical cutoff and observed prefix,True,selected,-0.057328303786474175,-0.027580617456595714,-0.0219200464585011,,,
float32,history,0.9850746393203735,0.0,0,0.23381509806172218,0.0006710950760728456,hist_orders_h72_share,1.0,capacity,3110,0.007807012841620792,Share of historical orders activity in last 72 hours,fixed historical cutoff and observed prefix,False,capacity,-0.02572810958474943,-0.010244342686662028,-0.003601498461912067,,,
float32,history,993.0,0.0,0,0.1622663240034785,0.0006210312450995721,hist_orders_h168,1.0,capacity,345,0.024931306751235886,Historical orders count over h168,fixed historical cutoff and observed prefix,False,capacity,-0.053392692332222866,-0.02555319499306857,-0.019876798366821713,,,
float32,history,0.9894737005233765,0.0,0,0.1622663240034785,0.0013495568272868454,hist_orders_h168_share,1.0,retained,4056,0.008248464962712004,Share of historical orders activity in last 168 hours,fixed historical cutoff and observed prefix,True,selected,-0.03337271567189118,-0.01389615794836939,-0.0012372433516867826,,,
float32,history,2502.0,0.0,0,0.12284514204893651,0.0003699129756776442,hist_orders_h336,1.0,capacity,565,0.023325371308237402,Historical orders count over h336,fixed historical cutoff and observed prefix,False,capacity,-0.050324135905104525,-0.0240346577512566,-0.018470933987249954,,,
float32,history,0.9967637658119202,0.0,0,0.12284514204893651,0.0018519305851958385,hist_orders_h336_share,1.0,retained,3824,0.010104310428573715,Share of historical orders activity in last 336 hours,fixed historical cutoff and observed prefix,True,selected,-0.04562307159754162,-0.018086857377520575,0.0001932434259389684,,,
float32,history,4.800000190734863,0.0,0,0.6788836080021322,9.162669991200172e-05,hist_orders_trend_h1_h6,1.0,capacity,64,0.013108227672239195,Per-hour orders rate over 1h divided by 6h rate,fixed historical cutoff and observed prefix,False,capacity,-0.03100810670280608,-0.013171494391742818,-0.010093281140726237,,,
float32,history,3.5999999046325684,0.0,0,0.42835881582761526,0.0006770948363264309,hist_orders_trend_h6_h24,1.0,capacity,226,0.016204529785526983,Per-hour orders rate over 6h divided by 24h rate,fixed historical cutoff and observed prefix,False,capacity,-0.04515170283930558,-0.017695485022924777,-0.010634523324531655,,,
float32,history,2.9158878326416016,0.0,0,0.32867067564439034,0.0008729671443598804,hist_orders_trend_h24_h72,1.0,retained,626,0.01331219932355335,Per-hour orders rate over 24h divided by 72h rate,fixed historical cutoff and observed prefix,True,selected,-0.04393983775382174,-0.017625043622113257,-0.006051170769228664,,,
float32,history,2.3153843879699707,0.0,0,0.23381509806172218,0.0029091320133729647,hist_orders_trend_h72_h168,1.0,retained,1682,0.010752880941222126,Per-hour orders rate over 72h divided by 168h rate,fixed historical cutoff and observed prefix,True,selected,-0.03997561345291994,-0.014471759928749628,-0.004022986028842073,,,
float32,history,1.9885057210922241,0.0,0,0.1622663240034785,0.0008743629892394768,hist_orders_trend_h168_h336,1.0,retained,3063,0.009896626331742386,Per-hour orders rate over 168h divided by 336h rate,fixed historical cutoff and observed prefix,True,selected,-0.03969704602403428,-0.01590376217046632,-0.0019263217969984368,,,
float32,repeat,1.0,0.0,0,0.9998443619130255,1.2516389455901322e-07,repeat_orders_n1_count,0.3333333333333333,capacity,2,0.019000062008504064,Candidate orders recurrence within last 1 observed events: count,observed prefix,False,capacity,0.032131528980235774,0.007817277514897022,0.022402876426685633,,,
float32,repeat,1.0,0.0,0,0.9998443619130255,,repeat_orders_n1_share,,duplicate,2,0.019000062008504064,Candidate orders recurrence within last 1 observed events: share,observed prefix,False,duplicate,0.032131528980235774,0.007817277514897022,0.022402876426685633,repeat_orders_n1_count,,
float32,repeat,1.0,-1.0,0,0.9998443619130255,8.32291334243523e-05,repeat_orders_n1_last_position,0.6666666666666666,capacity,2,0.019000062008504136,Candidate orders recurrence within last 1 observed events: last_position,observed prefix,False,capacity,0.03213152898023579,0.007817277514897056,0.022402876426685734,,,
float32,repeat,1.0,-1.0,0,0.9998443619130255,,repeat_orders_n1_first_position,,duplicate,2,0.019000062008504136,Candidate orders recurrence within last 1 observed events: first_position,observed prefix,False,duplicate,0.03213152898023579,0.007817277514897056,0.022402876426685734,repeat_orders_n1_last_position,,
float32,repeat,0.0,0.0,0,1.0,,repeat_orders_n1_span,,constant,1,0.0,Candidate orders recurrence within last 1 observed events: span,observed prefix,False,constant,0.0,0.0,0.0,,,
float32,repeat,0.0,-1.0,0,0.9998443619130255,1.5355869000221314e-05,repeat_orders_n1_age_hours,0.3333333333333333,capacity,2,0.01900006200850399,Candidate orders recurrence within last 1 observed events: age_hours,observed prefix,False,capacity,0.03213152898023553,0.007817277514896916,0.022402876426685606,,,
float32,repeat,2.0,0.0,0,0.9996887238260511,0.0,repeat_orders_n3_count,0.0,capacity,3,0.02861555737490031,Candidate orders recurrence within last 3 observed events: count,observed prefix,False,capacity,0.03330335341981459,0.016907165625233037,0.0336884539089149,,,
float32,repeat,1.0,0.0,0,0.9996887238260511,5.658934594098606e-06,repeat_orders_n3_share,1.0,capacity,4,0.032520895018853364,Candidate orders recurrence within last 3 observed events: share,observed prefix,False,capacity,0.03839422807056119,0.02258441873994005,0.03651024431635872,,,
float32,repeat,3.0,-1.0,0,0.9996887238260511,0.0,repeat_orders_n3_last_position,0.0,capacity,4,0.027993150290317383,Candidate orders recurrence within last 3 observed events: last_position,observed prefix,False,capacity,0.027895608387591617,0.018219545401551074,0.03289620971848817,,,
float32,repeat,3.0,-1.0,0,0.9996887238260511,1.204518266053517e-06,repeat_orders_n3_first_position,0.3333333333333333,capacity,4,0.02797433515110232,Candidate orders recurrence within last 3 observed events: first_position,observed prefix,False,capacity,0.028216582370127787,0.018181861918600356,0.03283019723084906,,,
float32,repeat,1.0,0.0,0,0.9999980545239128,,repeat_orders_n3_span,,near_constant,2,0.0014072889033021193,Candidate orders recurrence within last 3 observed events: span,observed prefix,False,near_constant,0.01344383293147768,-7.695709229543803e-05,-6.636413744286636e-05,,,
float32,repeat,38.050933837890625,-1.0,0,0.9996887238260511,1.5377957369723403e-05,repeat_orders_n3_age_hours,0.6666666666666666,capacity,35,0.006767893461425223,Candidate orders recurrence within last 3 observed events: age_hours,observed prefix,False,capacity,0.01743719961940205,0.003543050687285121,0.006602097155499137,,,
float32,repeat,2.0,0.0,0,0.9996147957347382,0.0,repeat_orders_n5_count,0.0,capacity,3,0.03155830147423009,Candidate orders recurrence within last 5 observed events: count,observed prefix,False,capacity,0.036708479133159104,0.025366182497491514,0.033795998019444544,,,
float32,repeat,1.0,0.0,0,0.9996147957347382,2.5795083369152184e-07,repeat_orders_n5_share,0.3333333333333333,capacity,6,0.034744775218997784,Candidate orders recurrence within last 5 observed events: share,observed prefix,False,capacity,0.043334071290430286,0.02898597820632812,0.036192624380093866,,,
float32,repeat,5.0,-1.0,0,0.9996147957347382,0.0,repeat_orders_n5_last_position,0.0,capacity,6,0.02727505360126448,Candidate orders recurrence within last 5 observed events: last_position,observed prefix,False,capacity,0.03160005252415192,0.026597597686037037,0.02689294840506363,,,
float32,repeat,5.0,-1.0,0,0.9996147957347382,3.0260718630530844e-05,repeat_orders_n5_first_position,0.3333333333333333,capacity,6,0.02846370840330143,Candidate orders recurrence within last 5 observed events: first_position,observed prefix,False,capacity,0.03143395585370877,0.02777509572713861,0.028312973499648286,,,
float32,repeat,4.0,0.0,0,0.9999941635717384,,repeat_orders_n5_span,,near_constant,4,0.01499271200934084,Candidate orders recurrence within last 5 observed events: span,observed prefix,False,near_constant,0.002437893931415774,0.014798041095667897,0.01718251714583149,,,
float32,repeat,42.500205993652344,-1.0,0,0.9996147957347382,1.2676645028301234e-05,repeat_orders_n5_age_hours,0.3333333333333333,capacity,59,0.00558537615445743,Candidate orders recurrence within last 5 observed events: age_hours,observed prefix,False,capacity,0.017541960425727778,0.004373923146697535,0.004198338613125652,,,
float32,repeat,2.0,0.0,0,0.9995681043086458,1.9259640071381063e-05,repeat_orders_n10_count,0.3333333333333333,capacity,3,0.03742023742909443,Candidate orders recurrence within last 10 observed events: count,observed prefix,False,capacity,0.03759429449009697,0.030166790366473736,0.04101795145023769,,,
float32,repeat,1.0,0.0,0,0.9995681043086458,6.379271414886876e-07,repeat_orders_n10_share,0.6666666666666666,capacity,8,0.037517724970179085,Candidate orders recurrence within last 10 observed events: share,observed prefix,False,capacity,0.04498689131412619,0.031059218760251896,0.03950211701781817,,,
float32,repeat,10.0,-1.0,0,0.9995681043086458,0.0,repeat_orders_n10_last_position,0.0,capacity,11,0.02945314515520891,Candidate orders recurrence within last 10 observed events: last_position,observed prefix,False,capacity,0.028410553634735526,0.026288464810514677,0.031209250580968264,,,
float32,repeat,10.0,-1.0,0,0.9995681043086458,2.0935159015512138e-07,repeat_orders_n10_first_position,0.3333333333333333,capacity,11,0.03208313341969813,Candidate orders recurrence within last 10 observed events: first_position,observed prefix,False,capacity,0.028357311134105424,0.028940629132737334,0.03427535594411065,,,
float32,repeat,4.0,0.0,0,0.9999902726195641,,repeat_orders_n10_span,,near_constant,4,0.031048842654141255,Candidate orders recurrence within last 10 observed events: span,observed prefix,False,near_constant,0.0038575900039676007,0.030782791961150857,0.035713743442332066,,,
float32,repeat,42.500205993652344,-1.0,0,0.9995681043086458,2.0031763035574821e-07,repeat_orders_n10_age_hours,0.3333333333333333,capacity,68,0.006299154704255933,Candidate orders recurrence within last 10 observed events: age_hours,observed prefix,False,capacity,0.018787967049848926,0.0046029278092957395,0.0050657994274705305,,,
float32,repeat,2.0,0.0,0,0.9995116855021177,0.0,repeat_orders_n20_count,0.0,redundant,3,0.03792907394204097,Candidate orders recurrence within last 20 observed events: count,observed prefix,False,redundant,0.03833845229549031,0.02972207828777342,0.041964342043599855,,0.9999999999998017,repeat_orders_n50_count
float32,repeat,1.0,0.0,0,0.9995116855021177,0.00039042882810913417,repeat_orders_n20_share,0.6666666666666666,capacity,9,0.03624018643462181,Candidate orders recurrence within last 20 observed events: share,observed prefix,False,capacity,0.04465501874134069,0.029867828301162247,0.03802389345023178,,,
float32,repeat,20.0,-1.0,0,0.9995116855021177,3.613472207440703e-06,repeat_orders_n20_last_position,0.6666666666666666,capacity,21,0.02318650263949524,Candidate orders recurrence within last 20 observed events: last_position,observed prefix,False,capacity,0.022318573335221692,0.019418978073453184,0.025214919806561858,,,
float32,repeat,20.0,-1.0,0,0.9995116855021177,1.2084984045297851e-05,repeat_orders_n20_first_position,0.3333333333333333,capacity,21,0.024869153981604095,Candidate orders recurrence within last 20 observed events: first_position,observed prefix,False,capacity,0.023049227204689885,0.021051214689724897,0.027081444757029394,,,
float32,repeat,6.0,0.0,0,0.999988327143477,,repeat_orders_n20_span,,near_constant,5,0.023771970600865527,Candidate orders recurrence within last 20 observed events: span,observed prefix,False,near_constant,0.011921341696485866,0.022658668096719202,0.0263037266703353,,,
float32,repeat,53.028419494628906,-1.0,0,0.9995116855021177,1.0682612889985794e-05,repeat_orders_n20_age_hours,0.6666666666666666,capacity,84,0.005770878576443887,Candidate orders recurrence within last 20 observed events: age_hours,observed prefix,False,capacity,0.018648107868890422,0.005947931192667969,0.0035361473862574226,,,
float32,repeat,3.0,0.0,0,0.9994961216934202,0.00040113860391743006,repeat_orders_n50_count,0.3333333333333333,retained,4,0.03630129652944021,Candidate orders recurrence within last 50 observed events: count,observed prefix,True,selected,0.03735524110010684,0.02837201956313001,0.04009027758415088,,,
float32,repeat,1.0,0.0,0,0.9994961216934202,2.0840555701220585e-07,repeat_orders_n50_share,0.3333333333333333,capacity,10,0.03593400416515404,Candidate orders recurrence within last 50 observed events: share,observed prefix,False,capacity,0.044264461754472746,0.02961193702927118,0.037706628134875686,,,
float32,repeat,45.0,-1.0,0,0.9994961216934202,1.8313360329781095e-07,repeat_orders_n50_last_position,0.3333333333333333,capacity,27,0.017870550688661495,Candidate orders recurrence within last 50 observed events: last_position,observed prefix,False,capacity,0.01708039491630288,0.014945827959585465,0.01946460468192595,,,
float32,repeat,45.0,-1.0,0,0.9994961216934202,0.0,repeat_orders_n50_first_position,0.0,capacity,29,0.018180029144808083,Candidate orders recurrence within last 50 observed events: first_position,observed prefix,False,capacity,0.01818201304978462,0.015227791332145212,0.019655817400310093,,,
float32,repeat,26.0,0.0,0,0.9999805452391282,,repeat_orders_n50_span,,near_constant,8,0.006555957218450322,Candidate orders recurrence within last 50 observed events: span,observed prefix,False,near_constant,0.009696366145826092,0.005581480002902534,0.006519794338328256,,,
float32,repeat,53.028419494628906,-1.0,0,0.9994961216934202,3.768884470771103e-05,repeat_orders_n50_age_hours,0.6666666666666666,capacity,89,0.005646596152672402,Candidate orders recurrence within last 50 observed events: age_hours,observed prefix,False,capacity,0.018279280068127606,0.0058207052060697245,0.003454094306731206,,,
float32,repeat,2.0,0.0,0,0.9994961216934202,3.728370208792084e-07,repeat_orders_h1_decay,0.3333333333333333,capacity,93,0.0361920797020007,Sum of exponential candidate orders weights with 1h time constant,observed prefix,False,capacity,0.031435602362196356,0.02481835171224626,0.04267168992017865,,,
float32,repeat,2.0,0.0,0,0.9994961216934202,0.00016416762663228813,repeat_orders_h6_decay,0.6666666666666666,capacity,93,0.03864608936637997,Sum of exponential candidate orders weights with 6h time constant,observed prefix,False,capacity,0.033312447438715774,0.028803081373711615,0.044456533683991516,,,
float32,repeat,2.587890386581421,0.0,0,0.9994961216934202,8.202268858287063e-07,repeat_orders_h24_decay,0.6666666666666666,capacity,93,0.03840857482104672,Sum of exponential candidate orders weights with 24h time constant,observed prefix,False,capacity,0.035162948813413274,0.029513393341908296,0.04339710322855484,,,
float32,repeat,2.8558096885681152,0.0,0,0.9994961216934202,0.0,repeat_orders_h72_decay,0.0,capacity,93,0.03752622389362354,Sum of exponential candidate orders weights with 72h time constant,observed prefix,False,capacity,0.03654335298776077,0.02916096751240607,0.04187266390187608,,,
float32,history,6.0,0.0,0,0.017635740730292813,0.001607436549625369,hist_carts_per_click_all,1.0,retained,41031,0.016341276731452515,Historical carts/(1+clicks) over all,fixed historical cutoff and observed prefix,True,selected,-0.04389344379242717,0.003110318140256796,0.0183647281835546,,,
float32,history,5.0,0.0,0,0.4963648779311029,0.00038589502231522246,hist_carts_per_click_h1,1.0,capacity,280,0.009784637527560782,Historical carts/(1+clicks) over h1,fixed historical cutoff and observed prefix,False,capacity,-0.02972270573059695,-0.009799693879536308,-0.006454097984400325,,,
float32,history,8.0,0.0,0,0.27489188016645494,0.0005273327768232421,hist_carts_per_click_h6,1.0,capacity,1777,0.008148341892981265,Historical carts/(1+clicks) over h6,fixed historical cutoff and observed prefix,False,capacity,-0.03433049715571062,-0.0028013271676694796,0.006458156711848932,,,
float32,history,6.0,0.0,0,0.20937213650238418,0.0007327163837359575,hist_carts_per_click_h12,1.0,capacity,3229,0.012003612782243227,Historical carts/(1+clicks) over h12,fixed historical cutoff and observed prefix,False,capacity,-0.03558554049250454,0.0006127511555417051,0.013768722310550435,,,
float32,history,8.5,0.0,0,0.1793320402402274,0.0005753844967917417,hist_carts_per_click_h24,1.0,capacity,4309,0.01241174719683086,Historical carts/(1+clicks) over h24,fixed historical cutoff and observed prefix,False,capacity,-0.037481038559370204,-0.0003047919785949,0.014287009578858948,,,
float32,history,6.0,0.0,0,0.10126981224210282,0.0014585463567515639,hist_carts_per_click_h72,1.0,retained,10348,0.01399629050633059,Historical carts/(1+clicks) over h72,fixed historical cutoff and observed prefix,True,selected,-0.040832640065569414,0.00023946679490590225,0.01640197743550313,,,
float32,history,6.0,0.0,0,0.05013880971882034,0.0007671421075298961,hist_carts_per_click_h168,1.0,retained,21403,0.015519087441794869,Historical carts/(1+clicks) over h168,fixed historical cutoff and observed prefix,True,selected,-0.04224686458006811,-0.000164192004240047,0.01874190563752674,,,
float32,history,6.0,0.0,0,0.026405946931303294,0.0017930417288944305,hist_carts_per_click_h336,1.0,retained,33421,0.015817603561606774,Historical carts/(1+clicks) over h336,fixed historical cutoff and observed prefix,True,selected,-0.04484504494693443,-0.0004845884546434137,0.018646204217533848,,,
float32,history,64.0,0.0,0,0.10516465536863853,0.0013826886551238154,hist_orders_per_click_all,1.0,retained,29102,0.01087748012577933,Historical orders/(1+clicks) over all,fixed historical cutoff and observed prefix,True,selected,-0.011496246025764578,-0.0012480725157815176,0.015589056280780694,,,
float32,history,3.0,0.0,0,0.6788836080021322,0.0002680323130617076,hist_orders_per_click_h1,1.0,capacity,153,0.005254870181205487,Historical orders/(1+clicks) over h1,fixed historical cutoff and observed prefix,False,capacity,-0.02438726121926275,-0.0069293867027170756,-0.0012288800807734824,,,
float32,history,3.0,0.0,0,0.42835881582761526,0.00031626650593693785,hist_orders_per_click_h6,1.0,capacity,1067,0.00623883364303218,Historical orders/(1+clicks) over h6,fixed historical cutoff and observed prefix,False,capacity,-0.029767914534090025,-0.004791732713831654,0.003040870625789469,,,
float32,history,4.0,0.0,0,0.35674778653458183,0.0011880065180734645,hist_orders_per_click_h12,1.0,retained,1988,0.012167204347219757,Historical orders/(1+clicks) over h12,fixed historical cutoff and observed prefix,True,selected,-0.03283091343158866,-0.002097557872056366,0.01375807607073997,,,
float32,history,4.0,0.0,0,0.32867067564439034,0.0015614080952839522,hist_orders_per_click_h24,1.0,retained,2680,0.01338714766917192,Historical orders/(1+clicks) over h24,fixed historical cutoff and observed prefix,True,selected,-0.03323910784529304,-0.0013642779186171647,0.016089922515095778,,,
float32,history,18.0,0.0,0,0.23381509806172218,0.0024791477228272656,hist_orders_per_click_h72,1.0,retained,6672,0.01494014020070145,Historical orders/(1+clicks) over h72,fixed historical cutoff and observed prefix,True,selected,-0.03207899915892693,-0.0016508720384875869,0.0187282977887708,,,
float32,history,26.0,0.0,0,0.1622663240034785,0.0007413297218267112,hist_orders_per_click_h168,1.0,capacity,14262,0.012901031247965213,Historical orders/(1+clicks) over h168,fixed historical cutoff and observed prefix,False,capacity,-0.023668452692164707,-0.0020051002292116532,0.016554426516642077,,,
float32,history,45.0,0.0,0,0.12284514204893651,0.002023104361964796,hist_orders_per_click_h336,1.0,retained,23259,0.011721444046629878,Historical orders/(1+clicks) over h336,fixed historical cutoff and observed prefix,True,selected,-0.014816368910235536,-0.001403745331233162,0.016364472593727294,,,
float32,history,1.0,0.0,0,0.9995895045456049,1.1216553701069306e-05,history_known,0.6666666666666666,capacity,2,0.048503461663722706,history known,fixed historical cutoff and observed prefix,False,capacity,-0.11204865923413039,-0.11411828244526558,-0.005105185011216655,,,
float32,history,533.5540771484375,0.0027644443325698376,0,9.727380435903371e-06,0.00842656968376846,history_last_age_hours,1.0,retained,505215,0.006695379365467,history last age hours,fixed historical cutoff and observed prefix,True,selected,0.010497075687232743,0.015301932766853108,0.0017584866111463226,,,
float32,history,479.9996643066406,0.0,0,0.003274236254725075,0.0032024865514049244,history_lifetime_hours,1.0,retained,126086,0.02601366339995429,history lifetime hours,fixed historical cutoff and observed prefix,True,selected,-0.04647653330552948,-0.042638483882865126,-0.014290774840903011,,,
float32,graph,6504.916015625,0.0,0,0.5904772836484681,0.0008238300242437846,graph_time_all_n1_uniform_sum,1.0,retained,169344,0.0071305717590451935,"sum of time graph affinity from last 1 observed events restricted to all, with uniform weights; missing edges zero",fixed historical cutoff and observed prefix,True,selected,0.03375410464417314,0.01047930791655435,0.0010189481994359582,,,
float32,graph,6504.916015625,0.0,0,0.5904772836484681,,graph_time_all_n1_uniform_max,,duplicate,169344,0.0071305717590451935,"max of time graph affinity from last 1 observed events restricted to all, with uniform weights; missing edges zero",fixed historical cutoff and observed prefix,False,duplicate,0.03375410464417314,0.01047930791655435,0.0010189481994359582,graph_time_all_n1_uniform_sum,,
float32,graph,6504.916015625,0.0,0,0.5904772836484681,,graph_time_all_n1_uniform_mean,,duplicate,169344,0.0071305717590451935,"mean of time graph affinity from last 1 observed events restricted to all, with uniform weights; missing edges zero",fixed historical cutoff and observed prefix,False,duplicate,0.03375410464417314,0.01047930791655435,0.0010189481994359582,graph_time_all_n1_uniform_sum,,
float32,graph,0.0,0.0,0,1.0,,graph_time_all_n1_uniform_std,,constant,1,0.0,"std of time graph affinity from last 1 observed events restricted to all, with uniform weights; missing edges zero",fixed historical cutoff and observed prefix,False,constant,0.0,0.0,0.0,,,
float32,graph,6504.916015625,0.0,0,0.5904772836484681,,graph_time_all_n1_position_sum,,duplicate,169344,0.0071305717590451935,"sum of time graph affinity from last 1 observed events restricted to all, with position weights; missing edges zero",fixed historical cutoff and observed prefix,False,duplicate,0.03375410464417314,0.01047930791655435,0.0010189481994359582,graph_time_all_n1_uniform_sum,,
float32,graph,6504.916015625,0.0,0,0.5904772836484681,,graph_time_all_n1_position_max,,duplicate,169344,0.0071305717590451935,"max of time graph affinity from last 1 observed events restricted to all, with position weights; missing edges zero",fixed historical cutoff and observed prefix,False,duplicate,0.03375410464417314,0.01047930791655435,0.0010189481994359582,graph_time_all_n1_uniform_sum,,
float32,graph,6504.916015625,0.0,0,0.5904772836484681,,graph_time_all_n1_position_mean,,duplicate,169344,0.0071305717590451935,"mean of time graph affinity from last 1 observed events restricted to all, with position weights; missing edges zero",fixed historical cutoff and observed prefix,False,duplicate,0.03375410464417314,0.01047930791655435,0.0010189481994359582,graph_time_all_n1_uniform_sum,,
float32,graph,0.0,0.0,0,1.0,,graph_time_all_n1_position_std,,constant,1,0.0,"std of time graph affinity from last 1 observed events restricted to all, with position weights; missing edges zero",fixed historical cutoff and observed prefix,False,constant,0.0,0.0,0.0,,,
float32,graph,6504.916015625,0.0,0,0.5904772836484681,,graph_time_all_n1_hour_sum,,duplicate,169344,0.0071305717590451935,"sum of time graph affinity from last 1 observed events restricted to all, with hour weights; missing edges zero",fixed historical cutoff and observed prefix,False,duplicate,0.03375410464417314,0.01047930791655435,0.0010189481994359582,graph_time_all_n1_uniform_sum,,
float32,graph,6504.916015625,0.0,0,0.5904772836484681,,graph_time_all_n1_hour_max,,duplicate,169344,0.0071305717590451935,"max of time graph affinity from last 1 observed events restricted to all, with hour weights; missing edges zero",fixed historical cutoff and observed prefix,False,duplicate,0.03375410464417314,0.01047930791655435,0.0010189481994359582,graph_time_all_n1_uniform_sum,,
float32,graph,6504.916015625,0.0,0,0.5904772836484681,,graph_time_all_n1_hour_mean,,duplicate,169344,0.0071305717590451935,"mean of time graph affinity from last 1 observed events restricted to all, with hour weights; missing edges zero",fixed historical cutoff and observed prefix,False,duplicate,0.03375410464417314,0.01047930791655435,0.0010189481994359582,graph_time_all_n1_uniform_sum,,
float32,graph,0.0,0.0,0,1.0,,graph_time_all_n1_hour_std,,constant,1,0.0,"std of time graph affinity from last 1 observed events restricted to all, with hour weights; missing edges zero",fixed historical cutoff and observed prefix,False,constant,0.0,0.0,0.0,,,
float32,graph,6504.916015625,0.0,0,0.5904772836484681,,graph_time_all_n1_six_hours_sum,,duplicate,169344,0.0071305717590451935,"sum of time graph affinity from last 1 observed events restricted to all, with six_hours weights; missing edges zero",fixed historical cutoff and observed prefix,False,duplicate,0.03375410464417314,0.01047930791655435,0.0010189481994359582,graph_time_all_n1_uniform_sum,,
float32,graph,6504.916015625,0.0,0,0.5904772836484681,,graph_time_all_n1_six_hours_max,,duplicate,169344,0.0071305717590451935,"max of time graph affinity from last 1 observed events restricted to all, with six_hours weights; missing edges zero",fixed historical cutoff and observed prefix,False,duplicate,0.03375410464417314,0.01047930791655435,0.0010189481994359582,graph_time_all_n1_uniform_sum,,
float32,graph,6504.916015625,0.0,0,0.5904772836484681,,graph_time_all_n1_six_hours_mean,,duplicate,169344,0.0071305717590451935,"mean of time graph affinity from last 1 observed events restricted to all, with six_hours weights; missing edges zero",fixed historical cutoff and observed prefix,False,duplicate,0.03375410464417314,0.01047930791655435,0.0010189481994359582,graph_time_all_n1_uniform_sum,,
float32,graph,0.0,0.0,0,1.0,,graph_time_all_n1_six_hours_std,,constant,1,0.0,"std of time graph affinity from last 1 observed events restricted to all, with six_hours weights; missing edges zero",fixed historical cutoff and observed prefix,False,constant,0.0,0.0,0.0,,,
float32,graph,15893.3232421875,0.0,0,0.490152972784735,0.0002413823427285941,graph_time_all_n3_uniform_sum,1.0,capacity,222701,0.011110678887560803,"sum of time graph affinity from last 3 observed events restricted to all, with uniform weights; missing edges zero",fixed historical cutoff and observed prefix,False,capacity,0.029703818748090412,0.01802136720863924,0.004556478083599982,,,
float32,graph,6504.916015625,0.0,0,0.490152972784735,0.00034661992634701407,graph_time_all_n3_uniform_max,1.0,capacity,201457,0.009343164024121222,"max of time graph affinity from last 3 observed events restricted to all, with uniform weights; missing edges zero",fixed historical cutoff and observed prefix,False,capacity,0.03410984113284763,0.014913408139604453,0.0024302624482585374,,,
float32,graph,6504.916015625,0.0,0,0.490152972784735,9.771192598275268e-06,graph_time_all_n3_uniform_mean,0.6666666666666666,capacity,228927,0.007149978355492989,"mean of time graph affinity from last 3 observed events restricted to all, with uniform weights; missing edges zero",fixed historical cutoff and observed prefix,False,capacity,0.03273155427135864,0.011464995588666435,0.0007288737529286576,,,
float32,graph,3252.4580078125,0.0,0,0.7515685400952894,4.537240721168172e-05,graph_time_all_n3_uniform_std,1.0,capacity,116398,0.009847788786050945,"std of time graph affinity from last 3 observed events restricted to all, with uniform weights; missing edges zero",fixed historical cutoff and observed prefix,False,capacity,0.02357260452245995,0.016536091753175733,0.004216168013087051,,,
float32,graph,12102.537109375,0.0,0,0.490152972784735,9.910424539528285e-05,graph_time_all_n3_position_sum,1.0,capacity,230229,0.010447786825021916,"sum of time graph affinity from last 3 observed events restricted to all, with position weights; missing edges zero",fixed historical cutoff and observed prefix,False,capacity,0.03176286746167934,0.01679472119539605,0.003721806200391945,,,
float32,graph,6504.916015625,0.0,0,0.490152972784735,0.00010340915982532306,graph_time_all_n3_position_max,1.0,capacity,216575,0.008922320684546218,"max of time graph affinity from last 3 observed events restricted to all, with position weights; missing edges zero",fixed historical cutoff and observed prefix,False,capacity,0.03501141303859971,0.014139096675158983,0.0019657506302309213,,,
float32,graph,6504.916015625,0.0,0,0.490152972784735,9.1328799465504e-05,graph_time_all_n3_position_mean,1.0,capacity,233296,0.007276724760058224,"mean of time graph affinity from last 3 observed events restricted to all, with position weights; missing edges zero",fixed historical cutoff and observed prefix,False,capacity,0.033335294910743433,0.011575556839584706,0.0007842136951807817,,,
float32,graph,3227.14501953125,0.0,0,0.7345689700455047,0.0001666520857384727,graph_time_all_n3_position_std,1.0,capacity,118807,0.009861729988360967,"std of time graph affinity from last 3 observed events restricted to all, with position weights; missing edges zero",fixed historical cutoff and observed prefix,False,capacity,0.023638739837305026,0.016585598684133004,0.004203627332317607,,,
float32,graph,15764.037109375,0.0,0,0.490152972784735,5.863518371360352e-05,graph_time_all_n3_hour_sum,1.0,capacity,234444,0.011669521952912145,"sum of time graph affinity from last 3 observed events restricted to all, with hour weights; missing edges zero",fixed historical cutoff and observed prefix,False,capacity,0.031319349547396284,0.01874223055652168,0.00485819638536002,,,
float32,graph,6504.916015625,0.0,0,0.490152972784735,2.9243901647730424e-05,graph_time_all_n3_hour_max,0.6666666666666666,capacity,222649,0.00959032278171655,"max of time graph affinity from last 3 observed events restricted to all, with hour weights; missing edges zero",fixed historical cutoff and observed prefix,False,capacity,0.03530362536646085,0.015206310771416577,0.002496778356075817,,,
float32,graph,6504.91650390625,0.0,0,0.490152972784735,0.0001759246471988457,graph_time_all_n3_hour_mean,1.0,capacity,236562,0.0072050937058069624,"mean of time graph affinity from last 3 observed events restricted to all, with hour weights; missing edges zero",fixed historical cutoff and observed prefix,False,capacity,0.03313316409147217,0.011552742907540317,0.0007099240406627518,,,
float32,graph,3252.449951171875,0.0,0,0.7467807234447378,0.00016757553032212524,graph_time_all_n3_hour_std,1.0,capacity,121376,0.010252363520015979,"std of time graph affinity from last 3 observed events restricted to all, with hour weights; missing edges zero",fixed historical cutoff and observed prefix,False,capacity,0.024729492854644732,0.01706424014877419,0.004433570316532082,,,
float32,graph,15871.625,0.0,0,0.490152972784735,0.00010591797622208036,graph_time_all_n3_six_hours_sum,1.0,capacity,234058,0.011403387438799387,"sum of time graph affinity from last 3 observed events restricted to all, with six_hours weights; missing edges zero",fixed historical cutoff and observed prefix,False,capacity,0.030515718848953682,0.018413365476084707,0.004713009851797677,,,
float32,graph,6504.916015625,0.0,0,0.490152972784735,4.3499278201371545e-05,graph_time_all_n3_six_hours_max,1.0,capacity,222110,0.009507912799955102,"max of time graph affinity from last 3 observed events restricted to all, with six_hours weights; missing edges zero",fixed historical cutoff and observed prefix,False,capacity,0.034822291600195954,0.015139919169940714,0.00247284648158882,,,
float32,graph,6504.916015625,0.0,0,0.490152972784735,9.262268694243106e-05,graph_time_all_n3_six_hours_mean,1.0,capacity,236724,0.007221547140248397,"mean of time graph affinity from last 3 observed events restricted to all, with six_hours weights; missing edges zero",fixed historical cutoff and observed prefix,False,capacity,0.03300420519830284,0.011604650568669526,0.0007328857496954259,,,
float32,graph,3252.457763671875,0.0,0,0.7437282714639513,3.523020911670112e-05,graph_time_all_n3_six_hours_std,1.0,capacity,122496,0.009985209299573314,"std of time graph affinity from last 3 observed events restricted to all, with six_hours weights; missing edges zero",fixed historical cutoff and observed prefix,False,capacity,0.023879297023819558,0.01662913648229732,0.004347564420836938,,,
float32,graph,24666.578125,0.0,0,0.4616517481075381,7.966116625149747e-05,graph_time_all_n5_uniform_sum,1.0,capacity,236182,0.014948376713269892,"sum of time graph affinity from last 5 observed events restricted to all, with uniform weights; missing edges zero",fixed historical cutoff and observed prefix,False,capacity,0.027520371962488202,0.023014212058765526,0.00882012649898569,,,
float32,graph,6504.916015625,0.0,0,0.4616517481075381,6.855976386485581e-05,graph_time_all_n5_uniform_max,1.0,capacity,209676,0.010614901747948203,"max of time graph affinity from last 5 observed events restricted to all, with uniform weights; missing edges zero",fixed historical cutoff and observed prefix,False,capacity,0.03267383886500284,0.016509341935445655,0.003991192134690372,,,
float32,graph,6504.916015625,0.0,0,0.4616517481075381,3.118135636055653e-05,graph_time_all_n5_uniform_mean,1.0,capacity,244202,0.007354572329091903,"mean of time graph affinity from last 5 observed events restricted to all, with uniform weights; missing edges zero",fixed historical cutoff and observed prefix,False,capacity,0.032586383232808935,0.011660133657101977,0.0009964898478006944,,,
float32,graph,3252.4580078125,0.0,0,0.7184351368545153,9.588418955213914e-05,graph_time_all_n5_uniform_std,0.6666666666666666,capacity,134338,0.010780054393176641,"std of time graph affinity from last 5 observed events restricted to all, with uniform weights; missing edges zero",fixed historical cutoff and observed prefix,False,capacity,0.0218449727124249,0.017984618889950642,0.005333619091581599,,,
float32,graph,15942.8515625,0.0,0,0.4616517481075381,6.588321771510527e-05,graph_time_all_n5_position_sum,1.0,capacity,244993,0.013130786397778687,"sum of time graph affinity from last 5 observed events restricted to all, with position weights; missing edges zero",fixed historical cutoff and observed prefix,False,capacity,0.030808810882984344,0.020428803517064845,0.006535440423934665,,,
float32,graph,6504.916015625,0.0,0,0.4616517481075381,0.00012852216330389447,graph_time_all_n5_position_max,1.0,capacity,230338,0.009614770746652188,"max of time graph affinity from last 5 observed events restricted to all, with position weights; missing edges zero",fixed historical cutoff and observed prefix,False,capacity,0.034552825435603486,0.015078985296346215,0.0027263210236466258,,,
float32,graph,6504.916015625,0.0,0,0.4616517481075381,0.000138585727506808,graph_time_all_n5_position_mean,1.0,capacity,248008,0.007474309051472479,"mean of time graph affinity from last 5 observed events restricted to all, with position weights; missing edges zero",fixed historical cutoff and observed prefix,False,capacity,0.033311073270903435,0.011817782853058796,0.0009964447807741608,,,
float32,graph,3204.22900390625,0.0,0,0.7043343261746299,0.00031801184081216484,graph_time_all_n5_position_std,1.0,capacity,136260,0.010952572091492519,"std of time graph affinity from last 5 observed events restricted to all, with position weights; missing edges zero",fixed historical cutoff and observed prefix,False,capacity,0.022274077675539128,0.01841985234793235,0.005332014365931501,,,
float32,graph,24458.78515625,0.0,0,0.4616517481075381,3.915662937004874e-05,graph_time_all_n5_hour_sum,1.0,capacity,249253,0.0156387694459223,"sum of time graph affinity from last 5 observed events restricted to all, with hour weights; missing edges zero",fixed historical cutoff and observed prefix,False,capacity,0.0295713590524183,0.024006466591453755,0.009132822605407235,,,
float32,graph,6504.916015625,0.0,0,0.4616517481075381,9.487484083924586e-05,graph_time_all_n5_hour_max,1.0,capacity,237393,0.01080583322568084,"max of time graph affinity from last 5 observed events restricted to all, with hour weights; missing edges zero",fixed historical cutoff and observed prefix,False,capacity,0.03423804861326331,0.01682724544692036,0.0038897578837973324,,,
float32,graph,6504.91650390625,0.0,0,0.4616517481075381,0.00017440799026901684,graph_time_all_n5_hour_mean,1.0,capacity,251571,0.007471713527852743,"mean of time graph affinity from last 5 observed events restricted to all, with hour weights; missing edges zero",fixed historical cutoff and observed prefix,False,capacity,0.0330508425810384,0.012040496627942553,0.0009241338022768944,,,
float32,graph,3252.449951171875,0.0,0,0.714361309927959,3.267284950063839e-05,graph_time_all_n5_hour_std,1.0,capacity,138668,0.011262514872126785,"std of time graph affinity from last 5 observed events restricted to all, with hour weights; missing edges zero",fixed historical cutoff and observed prefix,False,capacity,0.0230773744558273,0.018630915480606997,0.005609171303936593,,,
float32,graph,24631.720703125,0.0,0,0.4616517481075381,0.00011011924909243284,graph_time_all_n5_six_hours_sum,0.6666666666666666,capacity,248923,0.015377022537637649,"sum of time graph affinity from last 5 observed events restricted to all, with six_hours weights; missing edges zero",fixed historical cutoff and observed prefix,False,capacity,0.028607984229548543,0.023584729320052292,0.00906800886444518,,,
float32,graph,6504.916015625,0.0,0,0.4616517481075381,3.1900959618796416e-05,graph_time_all_n5_six_hours_max,0.6666666666666666,capacity,236868,0.01080849929211439,"max of time graph affinity from last 5 observed events restricted to all, with six_hours weights; missing edges zero",fixed historical cutoff and observed prefix,False,capacity,0.03358637224664156,0.016803113413857543,0.004014880072154951,,,
float32,graph,6504.916015625,0.0,0,0.4616517481075381,7.449676225810998e-05,graph_time_all_n5_six_hours_mean,1.0,capacity,251819,0.007505896586333301,"mean of time graph affinity from last 5 observed events restricted to all, with six_hours weights; missing edges zero",fixed historical cutoff and observed prefix,False,capacity,0.03298206380076702,0.012057652186126727,0.0009839909173643016,,,
float32,graph,3252.457763671875,0.0,0,0.7108361072579876,1.1194124818714275e-05,graph_time_all_n5_six_hours_std,0.6666666666666666,capacity,140036,0.010963353822109258,"std of time graph affinity from last 5 observed events restricted to all, with six_hours weights; missing edges zero",fixed historical cutoff and observed prefix,False,capacity,0.022248265535715905,0.01815900730592801,0.005484708461265442,,,
float32,graph,34551.48046875,0.0,0,0.43625939421765597,0.000125139906889979,graph_time_all_n10_uniform_sum,1.0,capacity,247855,0.019603895207367113,"sum of time graph affinity from last 10 observed events restricted to all, with uniform weights; missing edges zero",fixed historical cutoff and observed prefix,False,capacity,0.025384991097082175,0.02886841219568116,0.014008120731590913,,,
float32,graph,6504.916015625,0.0,0,0.43625939421765597,4.6152105017164006e-05,graph_time_all_n10_uniform_max,1.0,capacity,216741,0.012724157734213029,"max of time graph affinity from last 10 observed events restricted to all, with uniform weights; missing edges zero",fixed historical cutoff and observed prefix,False,capacity,0.03184041119126093,0.01928764367595078,0.006256372520502834,,,
float32,graph,6504.916015625,0.0,0,0.43625939421765597,9.269861161575442e-05,graph_time_all_n10_uniform_mean,1.0,capacity,256813,0.007181793680335589,"mean of time graph affinity from last 10 observed events restricted to all, with uniform weights; missing edges zero",fixed historical cutoff and observed prefix,False,capacity,0.03268607574944544,0.011559768482084887,0.0007420926012759642,,,
float32,graph,3252.4580078125,0.0,0,0.692319065860202,3.1422961130663086e-05,graph_time_all_n10_uniform_std,1.0,capacity,147146,0.013741657694360582,"std of time graph affinity from last 10 observed events restricted to all, with uniform weights; missing edges zero",fixed historical cutoff and observed prefix,False,capacity,0.021325535526438476,0.020138054129049242,0.009279479838336603,,,
float32,graph,19827.263671875,0.0,0,0.43625939421765597,9.321772828468564e-05,graph_time_all_n10_position_sum,1.0,capacity,257704,0.016223161661790934,"sum of time graph affinity from last 10 observed events restricted to all, with position weights; missing edges zero",fixed historical cutoff and observed prefix,False,capacity,0.030099366375041965,0.02440269136562719,0.00982069602433097,,,
float32,graph,6504.916015625,0.0,0,0.43625939421765597,0.00012024023757940637,graph_time_all_n10_position_max,1.0,capacity,242657,0.01057490708545965,"max of time graph affinity from last 10 observed events restricted to all, with position weights; missing edges zero",fixed historical cutoff and observed prefix,False,capacity,0.034487170537242984,0.01634016462127419,0.003706901075588491,,,
float32,graph,6504.916015625,0.0,0,0.43625939421765597,0.00029528822795741694,graph_time_all_n10_position_mean,1.0,capacity,260975,0.007414362632005929,"mean of time graph affinity from last 10 observed events restricted to all, with position weights; missing edges zero",fixed historical cutoff and observed prefix,False,capacity,0.03344248761341429,0.011808058043894922,0.0008794940958267053,,,
float32,graph,3204.22900390625,0.0,0,0.6787162970586347,0.00018232272233988128,graph_time_all_n10_position_std,1.0,capacity,149491,0.01379840506424377,"std of time graph affinity from last 10 observed events restricted to all, with position weights; missing edges zero",fixed historical cutoff and observed prefix,False,capacity,0.021911807513005782,0.02076337387129101,0.008963686919259818,,,
float32,graph,34070.859375,0.0,0,0.43625939421765597,6.787235666288952e-05,graph_time_all_n10_hour_sum,1.0,capacity,262251,0.020875979153479596,"sum of time graph affinity from last 10 observed events restricted to all, with hour weights; missing edges zero",fixed historical cutoff and observed prefix,False,capacity,0.028261745282107596,0.030536245945316724,0.014814884736123031,,,
float32,graph,6504.916015625,0.0,0,0.43625939421765597,2.9199039990095412e-05,graph_time_all_n10_hour_max,0.6666666666666666,capacity,250465,0.012992500435939474,"max of time graph affinity from last 10 observed events restricted to all, with hour weights; missing edges zero",fixed historical cutoff and observed prefix,False,capacity,0.034033084825550494,0.019429336493902938,0.006267318342022572,,,
float32,graph,6504.91650390625,0.0,0,0.43625939421765597,8.505028963301549e-06,graph_time_all_n10_hour_mean,0.6666666666666666,capacity,264430,0.007549177226044663,"mean of time graph affinity from last 10 observed events restricted to all, with hour weights; missing edges zero",fixed historical cutoff and observed prefix,False,capacity,0.03318397569459523,0.01232852802571851,0.0008870354147826428,,,
float32,graph,3252.449951171875,0.0,0,0.6885973701054253,7.77973878379759e-05,graph_time_all_n10_hour_std,1.0,capacity,151752,0.014630305267516353,"std of time graph affinity from last 10 observed events restricted to all, with hour weights; missing edges zero",fixed historical cutoff and observed prefix,False,capacity,0.02292521896656981,0.02139046882842073,0.009867737870555254,,,
float32,graph,34463.88671875,0.0,0,0.43625939421765597,1.3223529340007195e-05,graph_time_all_n10_six_hours_sum,0.6666666666666666,capacity,261934,0.020422404792480156,"sum of time graph affinity from last 10 observed events restricted to all, with six_hours weights; missing edges zero",fixed historical cutoff and observed prefix,False,capacity,0.026793314021099534,0.02978687737006242,0.014678350298919127,,,
float32,graph,6504.916015625,0.0,0,0.43625939421765597,3.633965284761428e-05,graph_time_all_n10_six_hours_max,1.0,capacity,249973,0.01301562631742546,"max of time graph affinity from last 10 observed events restricted to all, with six_hours weights; missing edges zero",fixed historical cutoff and observed prefix,False,capacity,0.03301639636235467,0.019406268360996796,0.006486843621484924,,,
float32,graph,6504.916015625,0.0,0,0.43625939421765597,6.731158238585857e-05,graph_time_all_n10_six_hours_mean,1.0,capacity,264744,0.007460258262869273,"mean of time graph affinity from last 10 observed events restricted to all, with six_hours weights; missing edges zero",fixed historical cutoff and observed prefix,False,capacity,0.03311531273065114,0.01217998802761978,0.000824550969197043,,,
float32,graph,3252.457763671875,0.0,0,0.6849904574397924,1.9550535018650116e-06,graph_time_all_n10_six_hours_std,0.3333333333333333,capacity,153215,0.014170764671504568,"std of time graph affinity from last 10 observed events restricted to all, with six_hours weights; missing edges zero",fixed historical cutoff and observed prefix,False,capacity,0.02198280273306721,0.020606722306394695,0.009650779510465732,,,
float32,graph,42256.63671875,0.0,0,0.4247577395902438,0.0004854876406912675,graph_time_all_n20_uniform_sum,1.0,capacity,253308,0.020323832251414903,"sum of time graph affinity from last 20 observed events restricted to all, with uniform weights; missing edges zero",fixed historical cutoff and observed prefix,False,capacity,0.02256234090352516,0.030912476998041286,0.01465642510275,,,
float32,graph,6504.916015625,0.0,0,0.4247577395902438,0.0005159818941428845,graph_time_all_n20_uniform_max,1.0,capacity,219879,0.012775124453518524,"max of time graph affinity from last 20 observed events restricted to all, with uniform weights; missing edges zero",fixed historical cutoff and observed prefix,False,capacity,0.030421997906184075,0.019118093793731993,0.006662494207967533,,,
float32,graph,6504.916015625,0.0,0,0.4247577395902438,0.00023016963527802906,graph_time_all_n20_uniform_mean,1.0,capacity,262587,0.006951744657622245,"mean of time graph affinity from last 20 observed events restricted to all, with uniform weights; missing edges zero",fixed historical cutoff and observed prefix,False,capacity,0.03267273070331311,0.01176349376875233,0.000259039094442057,,,
float32,graph,3252.4580078125,0.0,0,0.6807785017110463,8.450083738486321e-05,graph_time_all_n20_uniform_std,1.0,capacity,152965,0.013522732656583448,"std of time graph affinity from last 20 observed events restricted to all, with uniform weights; missing edges zero",fixed historical cutoff and observed prefix,False,capacity,0.02046020046506415,0.01973374364393766,0.009260982528159559,,,
float32,graph,19843.111328125,0.0,0,0.4247577395902438,0.0001544137701682873,graph_time_all_n20_position_sum,0.6666666666666666,redundant,263544,0.017338061895361245,"sum of time graph affinity from last 20 observed events restricted to all, with position weights; missing edges zero",fixed historical cutoff and observed prefix,False,redundant,0.029275381395523714,0.026441100774896278,0.010796989205566652,,0.998459650201057,source_time_score
float32,graph,6504.916015625,0.0,0,0.4247577395902438,0.00014306997707541738,graph_time_all_n20_position_max,1.0,capacity,248301,0.010614439132401008,"max of time graph affinity from last 20 observed events restricted to all, with position weights; missing edges zero",fixed historical cutoff and observed prefix,False,capacity,0.03421639151912189,0.016310929118244125,0.003832535408359302,,,
float32,graph,6504.916015625,0.0,0,0.4247577395902438,9.002632090378261e-05,graph_time_all_n20_position_mean,1.0,capacity,267059,0.007267444843313569,"mean of time graph affinity from last 20 observed events restricted to all, with position weights; missing edges zero",fixed historical cutoff and observed prefix,False,capacity,0.03347020427548018,0.011909505556394159,0.0005792879147455064,,,
float32,graph,3204.22900390625,0.0,0,0.6672224243355713,0.00031926411580605033,graph_time_all_n20_position_std,1.0,capacity,155659,0.013830543203492472,"std of time graph affinity from last 20 observed events restricted to all, with position weights; missing edges zero",fixed historical cutoff and observed prefix,False,capacity,0.02121460402729993,0.020619507793062476,0.00920538410473956,,,
float32,graph,34071.390625,0.0,0,0.4247577395902438,8.103020733344989e-05,graph_time_all_n20_hour_sum,1.0,capacity,268132,0.021914521120090458,"sum of time graph affinity from last 20 observed events restricted to all, with hour weights; missing edges zero",fixed historical cutoff and observed prefix,False,capacity,0.026120266472025838,0.032808687994768895,0.015766480124095344,,,
float32,graph,6504.916015625,0.0,0,0.4247577395902438,0.00014459283549513312,graph_time_all_n20_hour_max,1.0,capacity,256356,0.013117457287210033,"max of time graph affinity from last 20 observed events restricted to all, with hour weights; missing edges zero",fixed historical cutoff and observed prefix,False,capacity,0.033276285576602734,0.019415322119150424,0.0066087201563410514,,,
float32,graph,6504.91650390625,0.0,0,0.4247577395902438,2.562481461679162e-05,graph_time_all_n20_hour_mean,1.0,capacity,270284,0.007545083102909599,"mean of time graph affinity from last 20 observed events restricted to all, with hour weights; missing edges zero",fixed historical cutoff and observed prefix,False,capacity,0.03310778533309256,0.012461168674955222,0.0008265899451896284,,,
float32,graph,3252.449951171875,0.0,0,0.6770918245258388,0.00029692136437606145,graph_time_all_n20_hour_std,1.0,capacity,157617,0.014587965283890844,"std of time graph affinity from last 20 observed events restricted to all, with hour weights; missing edges zero",fixed historical cutoff and observed prefix,False,capacity,0.02226326253741658,0.021255857862024597,0.009974802785903012,,,
float32,graph,34489.16796875,0.0,0,0.4247577395902438,0.00010119525656061501,graph_time_all_n20_six_hours_sum,1.0,capacity,267818,0.0214903125758364,"sum of time graph affinity from last 20 observed events restricted to all, with six_hours weights; missing edges zero",fixed historical cutoff and observed prefix,False,capacity,0.024217648895247336,0.03188561467357323,0.01583810547373283,,,
float32,graph,6504.916015625,0.0,0,0.4247577395902438,2.9206988487471358e-05,graph_time_all_n20_six_hours_max,1.0,capacity,255887,0.013154553081014375,"max of time graph affinity from last 20 observed events restricted to all, with six_hours weights; missing edges zero",fixed historical cutoff and observed prefix,False,capacity,0.031934133374844735,0.01934886896007025,0.006927465092514709,,,
float32,graph,6504.916015625,0.0,0,0.4247577395902438,4.642599428439915e-05,graph_time_all_n20_six_hours_mean,1.0,capacity,270578,0.007291134116595715,"mean of time graph affinity from last 20 observed events restricted to all, with six_hours weights; missing edges zero",fixed historical cutoff and observed prefix,False,capacity,0.03301378626280737,0.012274908560066371,0.0005121382038251111,,,
float32,graph,3252.457763671875,0.0,0,0.673453784242811,0.00018190432949662891,graph_time_all_n20_six_hours_std,1.0,capacity,159097,0.014069993222844399,"std of time graph affinity from last 20 observed events restricted to all, with six_hours weights; missing edges zero",fixed historical cutoff and observed prefix,False,capacity,0.021196648382239565,0.020315735454889718,0.009759346246922547,,,
float32,graph,70483.2734375,0.0,0,0.420549674813672,0.00011872526534429417,graph_time_all_n50_uniform_sum,1.0,capacity,255302,0.019676313861393065,"sum of time graph affinity from last 50 observed events restricted to all, with uniform weights; missing edges zero",fixed historical cutoff and observed prefix,False,capacity,0.02073287321082524,0.030635971255987972,0.014020391939190248,,,
float32,graph,6504.916015625,0.0,0,0.420549674813672,8.621777842631465e-05,graph_time_all_n50_uniform_max,1.0,capacity,220987,0.01307082934162467,"max of time graph affinity from last 50 observed events restricted to all, with uniform weights; missing edges zero",fixed historical cutoff and observed prefix,False,capacity,0.03018032055905786,0.019034297902392125,0.007237513191668745,,,
float32,graph,6504.916015625,0.0,0,0.420549674813672,0.00011874208269263886,graph_time_all_n50_uniform_mean,1.0,capacity,264827,0.006942161042891375,"mean of time graph affinity from last 50 observed events restricted to all, with uniform weights; missing edges zero",fixed historical cutoff and observed prefix,False,capacity,0.03275808638059678,0.011749280215980202,0.0002359472333960596,,,
float32,graph,3252.4580078125,0.0,0,0.6765704369344744,0.0001232747046447783,graph_time_all_n50_uniform_std,1.0,capacity,155193,0.013609512877334003,"std of time graph affinity from last 50 observed events restricted to all, with uniform weights; missing edges zero",fixed historical cutoff and observed prefix,False,capacity,0.02046069851790684,0.019494119696712334,0.009525345194216031,,,
float32,graph,20998.599609375,0.0,0,0.420549674813672,,graph_time_all_n50_position_sum,,duplicate,265726,0.017739513660379604,"sum of time graph affinity from last 50 observed events restricted to all, with position weights; missing edges zero",fixed historical cutoff and observed prefix,False,duplicate,0.028959807865548717,0.027362914057840727,0.01105776442745419,source_time_score,,
float32,graph,6504.916015625,0.0,0,0.420549674813672,2.7560999685478224e-05,graph_time_all_n50_position_max,1.0,capacity,250403,0.010691947197931238,"max of time graph affinity from last 50 observed events restricted to all, with position weights; missing edges zero",fixed historical cutoff and observed prefix,False,capacity,0.03420792545327314,0.016324344466632286,0.003956418854357062,,,
float32,graph,6504.916015625,0.0,0,0.420549674813672,8.272940969434402e-05,graph_time_all_n50_position_mean,1.0,capacity,269394,0.0072608049709925555,"mean of time graph affinity from last 50 observed events restricted to all, with position weights; missing edges zero",fixed historical cutoff and observed prefix,False,capacity,0.03353471137158613,0.01189055537338828,0.0005669453696957632,,,
float32,graph,3204.22900390625,0.0,0,0.6630143595589995,5.703810440031926e-06,graph_time_all_n50_position_std,1.0,capacity,157987,0.013950111342299709,"std of time graph affinity from last 50 observed events restricted to all, with position weights; missing edges zero",fixed historical cutoff and observed prefix,False,capacity,0.021217093149961373,0.020523590787135924,0.009452207985271325,,,
float32,graph,51449.2265625,0.0,0,0.420549674813672,8.998042815390487e-05,graph_time_all_n50_hour_sum,1.0,capacity,270303,0.022551828610993762,"sum of time graph affinity from last 50 observed events restricted to all, with hour weights; missing edges zero",fixed historical cutoff and observed prefix,False,capacity,0.02638173203701388,0.03532916031466004,0.015524845521490603,,,
float32,graph,6504.916015625,0.0,0,0.420549674813672,2.4706295199691887e-05,graph_time_all_n50_hour_max,0.6666666666666666,capacity,258506,0.013201370743161455,"max of time graph affinity from last 50 observed events restricted to all, with hour weights; missing edges zero",fixed historical cutoff and observed prefix,False,capacity,0.03317677553796158,0.019365260985231468,0.0067901914896597625,,,
float32,graph,6504.91650390625,0.0,0,0.420549674813672,0.00021117289306119743,graph_time_all_n50_hour_mean,1.0,capacity,272443,0.007542747138849026,"mean of time graph affinity from last 50 observed events restricted to all, with hour weights; missing edges zero",fixed historical cutoff and observed prefix,False,capacity,0.0331952420527009,0.012461861623575626,0.0008077740775104135,,,
float32,graph,3252.449951171875,0.0,0,0.6728837597492671,3.6063073610828143e-05,graph_time_all_n50_hour_std,1.0,capacity,159771,0.014594493745486785,"std of time graph affinity from last 50 observed events restricted to all, with hour weights; missing edges zero",fixed historical cutoff and observed prefix,False,capacity,0.022230155694668297,0.0210627307618564,0.010087764912438393,,,
float32,graph,55997.4765625,0.0,0,0.420549674813672,4.968312960948592e-05,graph_time_all_n50_six_hours_sum,0.6666666666666666,capacity,269987,0.0217718798932654,"sum of time graph affinity from last 50 observed events restricted to all, with six_hours weights; missing edges zero",fixed historical cutoff and observed prefix,False,capacity,0.02376440406182893,0.033553449161509,0.015549007897716344,,,
float32,graph,6504.916015625,0.0,0,0.420549674813672,7.9775119043301e-05,graph_time_all_n50_six_hours_max,1.0,capacity,258048,0.013354010201734276,"max of time graph affinity from last 50 observed events restricted to all, with six_hours weights; missing edges zero",fixed historical cutoff and observed prefix,False,capacity,0.03182352140623403,0.01924046655440201,0.007332530157983781,,,
float32,graph,6504.916015625,0.0,0,0.420549674813672,0.00011755966782271921,graph_time_all_n50_six_hours_mean,0.6666666666666666,capacity,272730,0.007284112410842107,"mean of time graph affinity from last 50 observed events restricted to all, with six_hours weights; missing edges zero",fixed historical cutoff and observed prefix,False,capacity,0.033101771403866526,0.012276904275743175,0.0004847733128875024,,,
float32,graph,3252.457763671875,0.0,0,0.6692457194662392,0.00011184310055823319,graph_time_all_n50_six_hours_std,1.0,capacity,161257,0.01412321126250821,"std of time graph affinity from last 50 observed events restricted to all, with six_hours weights; missing edges zero",fixed historical cutoff and observed prefix,False,capacity,0.021194337289129346,0.020080160562495,0.009966215608077958,,,
float32,graph,6504.916015625,0.0,0,0.6134416833815487,0.0026726946163415167,graph_time_clicks_n1_uniform_sum,1.0,retained,161211,0.006024314251281353,"sum of time graph affinity from last 1 observed events restricted to clicks, with uniform weights; missing edges zero",fixed historical cutoff and observed prefix,True,selected,0.03501879659017031,0.0072453082799122425,0.0005814035138177475,,,
float32,graph,6504.916015625,0.0,0,0.6134416833815487,,graph_time_clicks_n1_uniform_max,,duplicate,161211,0.006024314251281353,"max of time graph affinity from last 1 observed events restricted to clicks, with uniform weights; missing edges zero",fixed historical cutoff and observed prefix,False,duplicate,0.03501879659017031,0.0072453082799122425,0.0005814035138177475,graph_time_clicks_n1_uniform_sum,,
float32,graph,6504.916015625,0.0,0,0.6134416833815487,,graph_time_clicks_n1_uniform_mean,,duplicate,161211,0.006024314251281353,"mean of time graph affinity from last 1 observed events restricted to clicks, with uniform weights; missing edges zero",fixed historical cutoff and observed prefix,False,duplicate,0.03501879659017031,0.0072453082799122425,0.0005814035138177475,graph_time_clicks_n1_uniform_sum,,
float32,graph,0.0,0.0,0,1.0,,graph_time_clicks_n1_uniform_std,,constant,1,0.0,"std of time graph affinity from last 1 observed events restricted to clicks, with uniform weights; missing edges zero",fixed historical cutoff and observed prefix,False,constant,0.0,0.0,0.0,,,
float32,graph,6504.916015625,0.0,0,0.6134416833815487,,graph_time_clicks_n1_position_sum,,duplicate,161211,0.006024314251281353,"sum of time graph affinity from last 1 observed events restricted to clicks, with position weights; missing edges zero",fixed historical cutoff and observed prefix,False,duplicate,0.03501879659017031,0.0072453082799122425,0.0005814035138177475,graph_time_clicks_n1_uniform_sum,,
float32,graph,6504.916015625,0.0,0,0.6134416833815487,,graph_time_clicks_n1_position_max,,duplicate,161211,0.006024314251281353,"max of time graph affinity from last 1 observed events restricted to clicks, with position weights; missing edges zero",fixed historical cutoff and observed prefix,False,duplicate,0.03501879659017031,0.0072453082799122425,0.0005814035138177475,graph_time_clicks_n1_uniform_sum,,
float32,graph,6504.916015625,0.0,0,0.6134416833815487,,graph_time_clicks_n1_position_mean,,duplicate,161211,0.006024314251281353,"mean of time graph affinity from last 1 observed events restricted to clicks, with position weights; missing edges zero",fixed historical cutoff and observed prefix,False,duplicate,0.03501879659017031,0.0072453082799122425,0.0005814035138177475,graph_time_clicks_n1_uniform_sum,,
float32,graph,0.0,0.0,0,1.0,,graph_time_clicks_n1_position_std,,constant,1,0.0,"std of time graph affinity from last 1 observed events restricted to clicks, with position weights; missing edges zero",fixed historical cutoff and observed prefix,False,constant,0.0,0.0,0.0,,,
float32,graph,6504.916015625,0.0,0,0.6134416833815487,,graph_time_clicks_n1_hour_sum,,duplicate,161211,0.006024314251281353,"sum of time graph affinity from last 1 observed events restricted to clicks, with hour weights; missing edges zero",fixed historical cutoff and observed prefix,False,duplicate,0.03501879659017031,0.0072453082799122425,0.0005814035138177475,graph_time_clicks_n1_uniform_sum,,
float32,graph,6504.916015625,0.0,0,0.6134416833815487,,graph_time_clicks_n1_hour_max,,duplicate,161211,0.006024314251281353,"max of time graph affinity from last 1 observed events restricted to clicks, with hour weights; missing edges zero",fixed historical cutoff and observed prefix,False,duplicate,0.03501879659017031,0.0072453082799122425,0.0005814035138177475,graph_time_clicks_n1_uniform_sum,,
float32,graph,6504.916015625,0.0,0,0.6134416833815487,,graph_time_clicks_n1_hour_mean,,duplicate,161211,0.006024314251281353,"mean of time graph affinity from last 1 observed events restricted to clicks, with hour weights; missing edges zero",fixed historical cutoff and observed prefix,False,duplicate,0.03501879659017031,0.0072453082799122425,0.0005814035138177475,graph_time_clicks_n1_uniform_sum,,
float32,graph,0.0,0.0,0,1.0,,graph_time_clicks_n1_hour_std,,constant,1,0.0,"std of time graph affinity from last 1 observed events restricted to clicks, with hour weights; missing edges zero",fixed historical cutoff and observed prefix,False,constant,0.0,0.0,0.0,,,
float32,graph,6504.916015625,0.0,0,0.6134416833815487,,graph_time_clicks_n1_six_hours_sum,,duplicate,161211,0.006024314251281353,"sum of time graph affinity from last 1 observed events restricted to clicks, with six_hours weights; missing edges zero",fixed historical cutoff and observed prefix,False,duplicate,0.03501879659017031,0.0072453082799122425,0.0005814035138177475,graph_time_clicks_n1_uniform_sum,,
float32,graph,6504.916015625,0.0,0,0.6134416833815487,,graph_time_clicks_n1_six_hours_max,,duplicate,161211,0.006024314251281353,"max of time graph affinity from last 1 observed events restricted to clicks, with six_hours weights; missing edges zero",fixed historical cutoff and observed prefix,False,duplicate,0.03501879659017031,0.0072453082799122425,0.0005814035138177475,graph_time_clicks_n1_uniform_sum,,
float32,graph,6504.916015625,0.0,0,0.6134416833815487,,graph_time_clicks_n1_six_hours_mean,,duplicate,161211,0.006024314251281353,"mean of time graph affinity from last 1 observed events restricted to clicks, with six_hours weights; missing edges zero",fixed historical cutoff and observed prefix,False,duplicate,0.03501879659017031,0.0072453082799122425,0.0005814035138177475,graph_time_clicks_n1_uniform_sum,,
float32,graph,0.0,0.0,0,1.0,,graph_time_clicks_n1_six_hours_std,,constant,1,0.0,"std of time graph affinity from last 1 observed events restricted to clicks, with six_hours weights; missing edges zero",fixed historical cutoff and observed prefix,False,constant,0.0,0.0,0.0,,,
float32,graph,13434.0634765625,0.0,0,0.4983006266378477,6.822501191410964e-05,graph_time_clicks_n3_uniform_sum,1.0,capacity,217367,0.008925337667026122,"sum of time graph affinity from last 3 observed events restricted to clicks, with uniform weights; missing edges zero",fixed historical cutoff and observed prefix,False,capacity,0.03210802488157524,0.014353788521327198,0.002347331037450731,,,
float32,graph,6504.916015625,0.0,0,0.4983006266378477,0.0001958536012244031,graph_time_clicks_n3_uniform_max,1.0,capacity,198653,0.008423311731570685,"max of time graph affinity from last 3 observed events restricted to clicks, with uniform weights; missing edges zero",fixed historical cutoff and observed prefix,False,capacity,0.03372069471034169,0.0143194632376672,0.0012590054820605949,,,
float32,graph,6504.916015625,0.0,0,0.4983006266378477,8.148510110634875e-06,graph_time_clicks_n3_uniform_mean,0.6666666666666666,capacity,224631,0.006801650995884601,"mean of time graph affinity from last 3 observed events restricted to clicks, with uniform weights; missing edges zero",fixed historical cutoff and observed prefix,False,capacity,0.03260945784962903,0.011099654084194008,0.00035134830943915824,,,
float32,graph,3252.4580078125,0.0,0,0.7665409240622318,0.00037817899676410166,graph_time_clicks_n3_uniform_std,1.0,capacity,110427,0.008293743347872452,"std of time graph affinity from last 3 observed events restricted to clicks, with uniform weights; missing edges zero",fixed historical cutoff and observed prefix,False,capacity,0.02266063133473479,0.015393368061157767,0.0023494496600860717,,,
float32,graph,11349.5166015625,0.0,0,0.4983006266378477,0.00042859825356742366,graph_time_clicks_n3_position_sum,1.0,capacity,226499,0.008428337646883076,"sum of time graph affinity from last 3 observed events restricted to clicks, with position weights; missing edges zero",fixed historical cutoff and observed prefix,False,capacity,0.03425920575280614,0.0130544567004629,0.0018101334357726543,,,
float32,graph,6504.916015625,0.0,0,0.4983006266378477,8.405000900142022e-05,graph_time_clicks_n3_position_max,1.0,capacity,214696,0.008018052003004678,"max of time graph affinity from last 3 observed events restricted to clicks, with position weights; missing edges zero",fixed historical cutoff and observed prefix,False,capacity,0.03530835849692359,0.012821657996350726,0.001067864590678502,,,
float32,graph,6504.916015625,0.0,0,0.4983006266378477,0.00026470225604201004,graph_time_clicks_n3_position_mean,1.0,capacity,228817,0.006961032839613591,"mean of time graph affinity from last 3 observed events restricted to clicks, with position weights; missing edges zero",fixed historical cutoff and observed prefix,False,capacity,0.0332640089576631,0.011151505509725731,0.00048196715154926974,,,
float32,graph,3227.14501953125,0.0,0,0.7536599268890086,5.501169982600431e-05,graph_time_clicks_n3_position_std,1.0,capacity,112720,0.008382569701191712,"std of time graph affinity from last 3 observed events restricted to clicks, with position weights; missing edges zero",fixed historical cutoff and observed prefix,False,capacity,0.022744005128891638,0.015548097194260424,0.002406233383374034,,,
float32,graph,13265.4306640625,0.0,0,0.4983006266378477,0.0005244280311965843,graph_time_clicks_n3_hour_sum,1.0,capacity,230598,0.009408152370909126,"sum of time graph affinity from last 3 observed events restricted to clicks, with hour weights; missing edges zero",fixed historical cutoff and observed prefix,False,capacity,0.033919219657682555,0.01498410894140701,0.002534996204531278,,,
float32,graph,6504.916015625,0.0,0,0.4983006266378477,0.0006007410110621127,graph_time_clicks_n3_hour_max,1.0,capacity,221625,0.008664457073741404,"max of time graph affinity from last 3 observed events restricted to clicks, with hour weights; missing edges zero",fixed historical cutoff and observed prefix,False,capacity,0.03499808606438715,0.014609198376908583,0.0013031482570501915,,,
float32,graph,6504.91650390625,0.0,0,0.4983006266378477,0.00014903088879124292,graph_time_clicks_n3_hour_mean,1.0,capacity,231748,0.006855861318709707,"mean of time graph affinity from last 3 observed events restricted to clicks, with hour weights; missing edges zero",fixed historical cutoff and observed prefix,False,capacity,0.03302692213621588,0.011161614428761428,0.0003411412940994837,,,
float32,graph,3252.449951171875,0.0,0,0.7625118430856808,0.00012575968509589112,graph_time_clicks_n3_hour_std,1.0,capacity,114726,0.008665589109946687,"std of time graph affinity from last 3 observed events restricted to clicks, with hour weights; missing edges zero",fixed historical cutoff and observed prefix,False,capacity,0.02380997659460682,0.015980513039326804,0.002484062564479939,,,
float32,graph,13405.6689453125,0.0,0,0.4983006266378477,7.008567245873059e-05,graph_time_clicks_n3_six_hours_sum,1.0,capacity,230112,0.009187006156528595,"sum of time graph affinity from last 3 observed events restricted to clicks, with six_hours weights; missing edges zero",fixed historical cutoff and observed prefix,False,capacity,0.03301126986883927,0.014704071251775657,0.002457762990186618,,,
float32,graph,6504.916015625,0.0,0,0.4983006266378477,0.00020090907700446578,graph_time_clicks_n3_six_hours_max,1.0,capacity,221002,0.008579000611993322,"max of time graph affinity from last 3 observed events restricted to clicks, with six_hours weights; missing edges zero",fixed historical cutoff and observed prefix,False,capacity,0.03444853373592536,0.014541463873223174,0.0012861801273897245,,,
float32,graph,6504.916015625,0.0,0,0.4983006266378477,5.975984891315693e-05,graph_time_clicks_n3_six_hours_mean,1.0,capacity,231827,0.006864679216133386,"mean of time graph affinity from last 3 observed events restricted to clicks, with six_hours weights; missing edges zero",fixed historical cutoff and observed prefix,False,capacity,0.032878288797859964,0.011208664279508463,0.000357085087491416,,,
float32,graph,3252.457763671875,0.0,0,0.7597667763266688,3.607816806597568e-05,graph_time_clicks_n3_six_hours_std,1.0,capacity,115691,0.008437648684007712,"std of time graph affinity from last 3 observed events restricted to clicks, with six_hours weights; missing edges zero",fixed historical cutoff and observed prefix,False,capacity,0.022990622156718796,0.01555500960156268,0.0024534726464450463,,,
float32,graph,14862.19140625,0.0,0,0.46770801516693156,0.00021074817040922367,graph_time_clicks_n5_uniform_sum,1.0,capacity,231872,0.01220741112814677,"sum of time graph affinity from last 5 observed events restricted to clicks, with uniform weights; missing edges zero",fixed historical cutoff and observed prefix,False,capacity,0.03000638933241177,0.018814338104630252,0.005937451272527532,,,
float32,graph,6504.916015625,0.0,0,0.46770801516693156,4.8649574738247345e-05,graph_time_clicks_n5_uniform_max,1.0,capacity,207741,0.009795097905385965,"max of time graph affinity from last 5 observed events restricted to clicks, with uniform weights; missing edges zero",fixed historical cutoff and observed prefix,False,capacity,0.03242719296307893,0.01626522516925719,0.0027880184305015252,,,
float32,graph,6504.916015625,0.0,0,0.46770801516693156,6.071919591238552e-05,graph_time_clicks_n5_uniform_mean,1.0,capacity,240830,0.007427125135354524,"mean of time graph affinity from last 5 observed events restricted to clicks, with uniform weights; missing edges zero",fixed historical cutoff and observed prefix,False,capacity,0.032728336813514246,0.011557016547157378,0.0011453108164264764,,,
float32,graph,3252.4580078125,0.0,0,0.7278823687338647,1.7606749101295196e-05,graph_time_clicks_n5_uniform_std,0.6666666666666666,capacity,129894,0.009797539455173036,"std of time graph affinity from last 5 observed events restricted to clicks, with uniform weights; missing edges zero",fixed historical cutoff and observed prefix,False,capacity,0.021414889478494802,0.017918823288214647,0.0038006725347652687,,,
float32,graph,11400.037109375,0.0,0,0.46770801516693156,0.0001223695287230568,graph_time_clicks_n5_position_sum,1.0,capacity,242181,0.010691515612209428,"sum of time graph affinity from last 5 observed events restricted to clicks, with position weights; missing edges zero",fixed historical cutoff and observed prefix,False,capacity,0.03340855159523662,0.016201213495387886,0.0041504940067823345,,,
float32,graph,6504.916015625,0.0,0,0.46770801516693156,9.330722452338736e-05,graph_time_clicks_n5_position_max,1.0,capacity,229423,0.008792052656716426,"max of time graph affinity from last 5 observed events restricted to clicks, with position weights; missing edges zero",fixed historical cutoff and observed prefix,False,capacity,0.03490215474315468,0.013976297637433112,0.0018482464852850409,,,
float32,graph,6504.916015625,0.0,0,0.46770801516693156,5.206623655675241e-05,graph_time_clicks_n5_position_mean,1.0,capacity,245041,0.0075022082834084285,"mean of time graph affinity from last 5 observed events restricted to clicks, with position weights; missing edges zero",fixed historical cutoff and observed prefix,False,capacity,0.033434396621583005,0.011510858987021986,0.001175851541905888,,,
float32,graph,3204.22900390625,0.0,0,0.7166880993282271,5.354893223809811e-05,graph_time_clicks_n5_position_std,1.0,capacity,132346,0.009991079959130266,"std of time graph affinity from last 5 observed events restricted to clicks, with position weights; missing edges zero",fixed historical cutoff and observed prefix,False,capacity,0.02182212230777847,0.018304102205303315,0.0038627284446023764,,,
float32,graph,14697.828125,0.0,0,0.46770801516693156,4.834358293090468e-05,graph_time_clicks_n5_hour_sum,1.0,capacity,246444,0.012789480976521292,"sum of time graph affinity from last 5 observed events restricted to clicks, with hour weights; missing edges zero",fixed historical cutoff and observed prefix,False,capacity,0.0321760072513444,0.019616626460626528,0.006144820521998155,,,
float32,graph,6504.916015625,0.0,0,0.46770801516693156,1.1914904825381533e-05,graph_time_clicks_n5_hour_max,1.0,capacity,237320,0.010061798479728976,"max of time graph affinity from last 5 observed events restricted to clicks, with hour weights; missing edges zero",fixed historical cutoff and observed prefix,False,capacity,0.03404029419034143,0.016643640315070516,0.0027744616102894624,,,
float32,graph,6504.91650390625,0.0,0,0.46770801516693156,0.00013444988336708865,graph_time_clicks_n5_hour_mean,1.0,capacity,248167,0.00748914443003385,"mean of time graph affinity from last 5 observed events restricted to clicks, with hour weights; missing edges zero",fixed historical cutoff and observed prefix,False,capacity,0.03311855845220721,0.011773255286123788,0.0010755199982933213,,,
float32,graph,3252.449951171875,0.0,0,0.7247170791400217,4.674926221458923e-05,graph_time_clicks_n5_hour_std,1.0,capacity,134306,0.010305307024945672,"std of time graph affinity from last 5 observed events restricted to clicks, with hour weights; missing edges zero",fixed historical cutoff and observed prefix,False,capacity,0.02258870860869845,0.01865314175898957,0.004084156060631593,,,
float32,graph,14782.8359375,0.0,0,0.46770801516693156,5.993179789264313e-05,graph_time_clicks_n5_six_hours_sum,1.0,capacity,246002,0.012584595725749199,"sum of time graph affinity from last 5 observed events restricted to clicks, with six_hours weights; missing edges zero",fixed historical cutoff and observed prefix,False,capacity,0.031180878493370333,0.01928881556466276,0.006133105345022232,,,
float32,graph,6504.916015625,0.0,0,0.46770801516693156,1.5541130970883474e-05,graph_time_clicks_n5_six_hours_max,0.6666666666666666,capacity,236692,0.010009625817648948,"max of time graph affinity from last 5 observed events restricted to clicks, with six_hours weights; missing edges zero",fixed historical cutoff and observed prefix,False,capacity,0.0333439187670791,0.01657906998725357,0.0028358549079416135,,,
float32,graph,6504.916015625,0.0,0,0.46770801516693156,3.919248451557805e-05,graph_time_clicks_n5_six_hours_mean,1.0,capacity,248288,0.007532128841486924,"mean of time graph affinity from last 5 observed events restricted to clicks, with six_hours weights; missing edges zero",fixed historical cutoff and observed prefix,False,capacity,0.03307187968508269,0.011822557813526978,0.0011302892148676031,,,
float32,graph,3252.457763671875,0.0,0,0.7215537350222659,2.1142627330752116e-05,graph_time_clicks_n5_six_hours_std,1.0,capacity,135574,0.009976445338899628,"std of time graph affinity from last 5 observed events restricted to clicks, with six_hours weights; missing edges zero",fixed historical cutoff and observed prefix,False,capacity,0.021830751961698036,0.01811547704296597,0.003931211716400056,,,
float32,graph,21529.44140625,0.0,0,0.44091297301819216,4.316765265279703e-05,graph_time_clicks_n10_uniform_sum,1.0,capacity,244068,0.01568249047698365,"sum of time graph affinity from last 10 observed events restricted to clicks, with uniform weights; missing edges zero",fixed historical cutoff and observed prefix,False,capacity,0.027410187874772687,0.023202864739980553,0.009967687112520362,,,
float32,graph,6504.916015625,0.0,0,0.44091297301819216,1.3493568729579232e-05,graph_time_clicks_n10_uniform_max,1.0,capacity,215416,0.012005689489048661,"max of time graph affinity from last 10 observed events restricted to clicks, with uniform weights; missing edges zero",fixed historical cutoff and observed prefix,False,capacity,0.03156836113806259,0.018810775771959522,0.005342701072757575,,,
float32,graph,6504.916015625,0.0,0,0.44091297301819216,4.4152389651187625e-05,graph_time_clicks_n10_uniform_mean,0.6666666666666666,capacity,254222,0.0070373190881527934,"mean of time graph affinity from last 10 observed events restricted to clicks, with uniform weights; missing edges zero",fixed historical cutoff and observed prefix,False,capacity,0.032708686860125666,0.011205136763425645,0.0006748489551875556,,,
float32,graph,3252.4580078125,0.0,0,0.699620437615391,0.00013029236720293167,graph_time_clicks_n10_uniform_std,1.0,capacity,143904,0.01316120300556472,"std of time graph affinity from last 10 observed events restricted to clicks, with uniform weights; missing edges zero",fixed historical cutoff and observed prefix,False,capacity,0.02079899431422612,0.019911805921564555,0.008512936329454572,,,
float32,graph,12118.6201171875,0.0,0,0.44091297301819216,0.00010557122264651645,graph_time_clicks_n10_position_sum,1.0,capacity,255562,0.012908507795673775,"sum of time graph affinity from last 10 observed events restricted to clicks, with position weights; missing edges zero",fixed historical cutoff and observed prefix,False,capacity,0.032496733005393616,0.019062990649518333,0.0065665621671315245,,,
float32,graph,6504.916015625,0.0,0,0.44091297301819216,2.719702637472401e-05,graph_time_clicks_n10_position_max,1.0,capacity,242419,0.00976344796386676,"max of time graph affinity from last 10 observed events restricted to clicks, with position weights; missing edges zero",fixed historical cutoff and observed prefix,False,capacity,0.03479152618580565,0.015139432492401433,0.0029041093292762757,,,
float32,graph,6504.916015625,0.0,0,0.44091297301819216,4.613293143284663e-06,graph_time_clicks_n10_position_mean,1.0,capacity,259114,0.007300963702503074,"mean of time graph affinity from last 10 observed events restricted to clicks, with position weights; missing edges zero",fixed historical cutoff and observed prefix,False,capacity,0.03348352580930417,0.011335230937137227,0.0009200697340524818,,,
float32,graph,3204.22900390625,0.0,0,0.6888210998554511,4.379310069677921e-05,graph_time_clicks_n10_position_std,0.6666666666666666,capacity,147067,0.01320567347704268,"std of time graph affinity from last 10 observed events restricted to clicks, with position weights; missing edges zero",fixed historical cutoff and observed prefix,False,capacity,0.021355380482147118,0.020510576031701217,0.008194937698862675,,,
float32,graph,19496.71875,0.0,0,0.44091297301819216,2.005988229623191e-05,graph_time_clicks_n10_hour_sum,1.0,capacity,260162,0.016702476835486754,"sum of time graph affinity from last 10 observed events restricted to clicks, with hour weights; missing edges zero",fixed historical cutoff and observed prefix,False,capacity,0.030597768411560866,0.024418318138366885,0.010528674254701002,,,
float32,graph,6504.916015625,0.0,0,0.44091297301819216,4.723737236410564e-05,graph_time_clicks_n10_hour_max,0.6666666666666666,capacity,251040,0.012304766428174373,"max of time graph affinity from last 10 observed events restricted to clicks, with hour weights; missing edges zero",fixed historical cutoff and observed prefix,False,capacity,0.033782786998093256,0.018989585051118137,0.005382687021716011,,,
float32,graph,6504.91650390625,0.0,0,0.44091297301819216,4.9365215126843876e-05,graph_time_clicks_n10_hour_mean,1.0,capacity,261763,0.007453903426260621,"mean of time graph affinity from last 10 observed events restricted to clicks, with hour weights; missing edges zero",fixed historical cutoff and observed prefix,False,capacity,0.033138244803393446,0.011870190743968462,0.0009650362045512295,,,
float32,graph,3252.449951171875,0.0,0,0.6968403522868098,0.00011029195352975052,graph_time_clicks_n10_hour_std,1.0,capacity,148499,0.014001705295903312,"std of time graph affinity from last 10 observed events restricted to clicks, with hour weights; missing edges zero",fixed historical cutoff and observed prefix,False,capacity,0.022355238709130018,0.021201453227298116,0.009009575761334791,,,
float32,graph,19701.9140625,0.0,0,0.44091297301819216,4.363408604342279e-06,graph_time_clicks_n10_six_hours_sum,0.6666666666666666,capacity,259730,0.016368483541481425,"sum of time graph affinity from last 10 observed events restricted to clicks, with six_hours weights; missing edges zero",fixed historical cutoff and observed prefix,False,capacity,0.02899838531307775,0.023877148563766805,0.010509167401739346,,,
float32,graph,6504.916015625,0.0,0,0.44091297301819216,3.33273758695828e-05,graph_time_clicks_n10_six_hours_max,0.6666666666666666,capacity,250449,0.01229348298639153,"max of time graph affinity from last 10 observed events restricted to clicks, with six_hours weights; missing edges zero",fixed historical cutoff and observed prefix,False,capacity,0.032736595229660735,0.018926299986555446,0.005569889112431371,,,
float32,graph,6504.916015625,0.0,0,0.44091297301819216,2.0789402600819897e-05,graph_time_clicks_n10_six_hours_mean,1.0,capacity,261963,0.007325613576115898,"mean of time graph affinity from last 10 observed events restricted to clicks, with six_hours weights; missing edges zero",fixed historical cutoff and observed prefix,False,capacity,0.03308552114687202,0.011763137607803733,0.0008135336318126266,,,
float32,graph,3252.457763671875,0.0,0,0.6935622250799104,0.00014326702628063485,graph_time_clicks_n10_six_hours_std,1.0,capacity,149904,0.013563782526861273,"std of time graph affinity from last 10 observed events restricted to clicks, with six_hours weights; missing edges zero",fixed historical cutoff and observed prefix,False,capacity,0.02143753982032955,0.02036403327869055,0.008851364268701922,,,
float32,graph,34300.734375,0.0,0,0.4288879853233284,2.066314174461677e-05,graph_time_clicks_n20_uniform_sum,1.0,capacity,249679,0.017120150347229517,"sum of time graph affinity from last 20 observed events restricted to clicks, with uniform weights; missing edges zero",fixed historical cutoff and observed prefix,False,capacity,0.025243235028158895,0.02588282608291822,0.011384965032563605,,,
float32,graph,6504.916015625,0.0,0,0.4288879853233284,3.5549645845347595e-05,graph_time_clicks_n20_uniform_max,0.6666666666666666,capacity,218705,0.012176644385860688,"max of time graph affinity from last 20 observed events restricted to clicks, with uniform weights; missing edges zero",fixed historical cutoff and observed prefix,False,capacity,0.03010548401329347,0.018637369755135694,0.005958141763317722,,,
float32,graph,6504.916015625,0.0,0,0.4288879853233284,6.317110882435466e-05,graph_time_clicks_n20_uniform_mean,1.0,capacity,260109,0.006814280535447927,"mean of time graph affinity from last 20 observed events restricted to clicks, with uniform weights; missing edges zero",fixed historical cutoff and observed prefix,False,capacity,0.032674932672692135,0.011327310807239805,0.00024765671001128795,,,
float32,graph,3252.4580078125,0.0,0,0.6875176308770401,3.3567326913427385e-05,graph_time_clicks_n20_uniform_std,0.6666666666666666,capacity,149835,0.01304793943341358,"std of time graph affinity from last 20 observed events restricted to clicks, with uniform weights; missing edges zero",fixed historical cutoff and observed prefix,False,capacity,0.01986959457640982,0.01950373344714593,0.008683099902714703,,,
float32,graph,15371.283203125,0.0,0,0.4288879853233284,0.00023446742763309184,graph_time_clicks_n20_position_sum,1.0,capacity,261587,0.014081208488410562,"sum of time graph affinity from last 20 observed events restricted to clicks, with position weights; missing edges zero",fixed historical cutoff and observed prefix,False,capacity,0.03200657304889448,0.021036383080053202,0.007616060432508585,,,
float32,graph,6504.916015625,0.0,0,0.4288879853233284,0.00012039765500989145,graph_time_clicks_n20_position_max,1.0,capacity,248288,0.009846394592694345,"max of time graph affinity from last 20 observed events restricted to clicks, with position weights; missing edges zero",fixed historical cutoff and observed prefix,False,capacity,0.03449966856423003,0.015120913256690278,0.0031002562654404327,,,
float32,graph,6504.916015625,0.0,0,0.4288879853233284,7.540279831689337e-05,graph_time_clicks_n20_position_mean,1.0,capacity,265425,0.007166027393692375,"mean of time graph affinity from last 20 observed events restricted to clicks, with position weights; missing edges zero",fixed historical cutoff and observed prefix,False,capacity,0.033494453455362734,0.011412856316364366,0.0006545419220779864,,,
float32,graph,3204.22900390625,0.0,0,0.6767416388301463,5.5172312458265865e-05,graph_time_clicks_n20_position_std,0.6666666666666666,capacity,153433,0.013349228470420794,"std of time graph affinity from last 20 observed events restricted to clicks, with position weights; missing edges zero",fixed historical cutoff and observed prefix,False,capacity,0.020621034884720103,0.02032506479691009,0.008649342571459594,,,
float32,graph,19497.06640625,0.0,0,0.4288879853233284,5.8352264222561094e-05,graph_time_clicks_n20_hour_sum,1.0,capacity,266279,0.018030854051285662,"sum of time graph affinity from last 20 observed events restricted to clicks, with hour weights; missing edges zero",fixed historical cutoff and observed prefix,False,capacity,0.029093623194226696,0.026631883336917333,0.01188654455131299,,,
float32,graph,6504.916015625,0.0,0,0.4288879853233284,0.0001247098557182522,graph_time_clicks_n20_hour_max,1.0,capacity,257162,0.012525357781970484,"max of time graph affinity from last 20 observed events restricted to clicks, with hour weights; missing edges zero",fixed historical cutoff and observed prefix,False,capacity,0.03304406018473138,0.019043264088454873,0.005846620894934807,,,
float32,graph,6504.91650390625,0.0,0,0.4288879853233284,0.0002531084543645107,graph_time_clicks_n20_hour_mean,0.6666666666666666,capacity,267876,0.007457361943308066,"mean of time graph affinity from last 20 observed events restricted to clicks, with hour weights; missing edges zero",fixed historical cutoff and observed prefix,False,capacity,0.03305931152846874,0.011958047126145973,0.0009400277543623337,,,
float32,graph,3252.449951171875,0.0,0,0.6847842369745513,0.00012052517668896355,graph_time_clicks_n20_hour_std,1.0,capacity,154610,0.014089591168681375,"std of time graph affinity from last 20 observed events restricted to clicks, with hour weights; missing edges zero",fixed historical cutoff and observed prefix,False,capacity,0.021676165905552536,0.021119214705383596,0.009310350277518404,,,
float32,graph,19718.744140625,0.0,0,0.4288879853233284,4.078428631611557e-05,graph_time_clicks_n20_six_hours_sum,1.0,capacity,265850,0.017876926269443524,"sum of time graph affinity from last 20 observed events restricted to clicks, with six_hours weights; missing edges zero",fixed historical cutoff and observed prefix,False,capacity,0.027046483772707252,0.026180344833401533,0.012196957403587233,,,
float32,graph,6504.916015625,0.0,0,0.4288879853233284,5.471536652155293e-05,graph_time_clicks_n20_six_hours_max,0.6666666666666666,capacity,256592,0.012572735521735615,"max of time graph affinity from last 20 observed events restricted to clicks, with six_hours weights; missing edges zero",fixed historical cutoff and observed prefix,False,capacity,0.03165680435075025,0.018965722971588325,0.006195563658640153,,,
float32,graph,6504.916015625,0.0,0,0.4288879853233284,3.268794982402137e-05,graph_time_clicks_n20_six_hours_mean,1.0,capacity,268065,0.007166690536678337,"mean of time graph affinity from last 20 observed events restricted to clicks, with six_hours weights; missing edges zero",fixed historical cutoff and observed prefix,False,capacity,0.03298106906234482,0.011827788859870007,0.0005337449541380889,,,
float32,graph,3252.457763671875,0.0,0,0.6814691457219954,5.353378782471357e-05,graph_time_clicks_n20_six_hours_std,1.0,capacity,156065,0.013618726199762878,"std of time graph affinity from last 20 observed events restricted to clicks, with six_hours weights; missing edges zero",fixed historical cutoff and observed prefix,False,capacity,0.020610554380046716,0.020166442559875524,0.009179563322992582,,,
float32,graph,46521.43359375,0.0,0,0.42439977199020257,3.553150593531028e-05,graph_time_clicks_n50_uniform_sum,1.0,capacity,251802,0.017433659775396362,"sum of time graph affinity from last 50 observed events restricted to clicks, with uniform weights; missing edges zero",fixed historical cutoff and observed prefix,False,capacity,0.023728900357175682,0.026853820450001793,0.01167437267446376,,,
float32,graph,6504.916015625,0.0,0,0.42439977199020257,3.8770571148050306e-05,graph_time_clicks_n50_uniform_max,0.6666666666666666,capacity,219921,0.012460830085251862,"max of time graph affinity from last 50 observed events restricted to clicks, with uniform weights; missing edges zero",fixed historical cutoff and observed prefix,False,capacity,0.02985494111603472,0.018552226447693925,0.006516113398900354,,,
float32,graph,6504.916015625,0.0,0,0.42439977199020257,0.00010801477881637349,graph_time_clicks_n50_uniform_mean,1.0,capacity,262418,0.006801764035695631,"mean of time graph affinity from last 50 observed events restricted to clicks, with uniform weights; missing edges zero",fixed historical cutoff and observed prefix,False,capacity,0.03275473086631288,0.011316110519005987,0.0002190963222709124,,,
float32,graph,3252.4580078125,0.0,0,0.6830294175439142,0.00023503711176697055,graph_time_clicks_n50_uniform_std,1.0,capacity,152148,0.01314413077704788,"std of time graph affinity from last 50 observed events restricted to clicks, with uniform weights; missing edges zero",fixed historical cutoff and observed prefix,False,capacity,0.019867961414154152,0.019297456595867516,0.00894682942812035,,,
float32,graph,17922.466796875,0.0,0,0.42439977199020257,4.74092989790216e-05,graph_time_clicks_n50_position_sum,1.0,capacity,263904,0.014628676989698277,"sum of time graph affinity from last 50 observed events restricted to clicks, with position weights; missing edges zero",fixed historical cutoff and observed prefix,False,capacity,0.03182424415505862,0.02209376565928371,0.00803020479401217,,,
float32,graph,6504.916015625,0.0,0,0.42439977199020257,6.981025352183116e-05,graph_time_clicks_n50_position_max,1.0,capacity,250538,0.009922119446837085,"max of time graph affinity from last 50 observed events restricted to clicks, with position weights; missing edges zero",fixed historical cutoff and observed prefix,False,capacity,0.034488203090868315,0.015123160657759236,0.003227251567370806,,,
float32,graph,6504.916015625,0.0,0,0.42439977199020257,0.00013598124142664216,graph_time_clicks_n50_position_mean,1.0,capacity,267761,0.007163091818846749,"mean of time graph affinity from last 50 observed events restricted to clicks, with position weights; missing edges zero",fixed historical cutoff and observed prefix,False,capacity,0.03356503702658741,0.011410614635604952,0.0006390062091775374,,,
float32,graph,3204.22900390625,0.0,0,0.6722534254970205,6.166539576617762e-05,graph_time_clicks_n50_position_std,1.0,capacity,155786,0.013475075672829486,"std of time graph affinity from last 50 observed events restricted to clicks, with position weights; missing edges zero",fixed historical cutoff and observed prefix,False,capacity,0.020626104853386607,0.020228241351262093,0.008906654636853665,,,
float32,graph,39196.01171875,0.0,0,0.42439977199020257,5.3924965918962755e-05,graph_time_clicks_n50_hour_sum,1.0,capacity,268583,0.01887915692001902,"sum of time graph affinity from last 50 observed events restricted to clicks, with hour weights; missing edges zero",fixed historical cutoff and observed prefix,False,capacity,0.029265139446959465,0.02923906641731892,0.01196820508354566,,,
float32,graph,6504.916015625,0.0,0,0.42439977199020257,4.349982296321093e-05,graph_time_clicks_n50_hour_max,1.0,capacity,259455,0.012634896479016106,"max of time graph affinity from last 50 observed events restricted to clicks, with hour weights; missing edges zero",fixed historical cutoff and observed prefix,False,capacity,0.032939851263409876,0.01899167604811145,0.006072347563736138,,,
float32,graph,6504.91650390625,0.0,0,0.42439977199020257,2.5382453840565496e-05,graph_time_clicks_n50_hour_mean,0.6666666666666666,capacity,270176,0.007458451473772313,"mean of time graph affinity from last 50 observed events restricted to clicks, with hour weights; missing edges zero",fixed historical cutoff and observed prefix,False,capacity,0.033145100626364894,0.011984636616288041,0.0009142507104156853,,,
float32,graph,3252.449951171875,0.0,0,0.6802960236414254,3.2707422742562666e-05,graph_time_clicks_n50_hour_std,1.0,capacity,156899,0.01412102768135627,"std of time graph affinity from last 50 observed events restricted to clicks, with hour weights; missing edges zero",fixed historical cutoff and observed prefix,False,capacity,0.021640018048623724,0.020934137640170446,0.00946130764073794,,,
float32,graph,42703.62890625,0.0,0,0.42439977199020257,1.7442728065720966e-05,graph_time_clicks_n50_six_hours_sum,1.0,capacity,268158,0.018663205333851365,"sum of time graph affinity from last 50 observed events restricted to clicks, with six_hours weights; missing edges zero",fixed historical cutoff and observed prefix,False,capacity,0.02670237640001604,0.02837747856633658,0.012466206873247978,,,
float32,graph,6504.916015625,0.0,0,0.42439977199020257,6.817945173667068e-05,graph_time_clicks_n50_six_hours_max,1.0,capacity,258894,0.01279445341858172,"max of time graph affinity from last 50 observed events restricted to clicks, with six_hours weights; missing edges zero",fixed historical cutoff and observed prefix,False,capacity,0.031545498437211765,0.018857744002859108,0.006637633956671351,,,
float32,graph,6504.916015625,0.0,0,0.42439977199020257,8.265172075611106e-05,graph_time_clicks_n50_six_hours_mean,1.0,capacity,270353,0.007158395915887229,"mean of time graph affinity from last 50 observed events restricted to clicks, with six_hours weights; missing edges zero",fixed historical cutoff and observed prefix,False,capacity,0.033065329782278816,0.011840086134405512,0.0004997284955628228,,,
float32,graph,3252.457763671875,0.0,0,0.6769809323888696,2.9314434949526175e-05,graph_time_clicks_n50_six_hours_std,1.0,capacity,158351,0.013688371446110755,"std of time graph affinity from last 50 observed events restricted to clicks, with six_hours weights; missing edges zero",fixed historical cutoff and observed prefix,False,capacity,0.020607134174809298,0.019954521660134936,0.009402169217648908,,,
float32,graph,6504.916015625,0.0,0,0.9801133434368391,9.909036005721385e-05,graph_time_carts_n1_uniform_sum,1.0,capacity,9417,0.004537319156211934,"sum of time graph affinity from last 1 observed events restricted to carts, with uniform weights; missing edges zero",fixed historical cutoff and observed prefix,False,capacity,0.0012780580100732828,0.01264785992221554,0.0010252589642332397,,,
float32,graph,6504.916015625,0.0,0,0.9801133434368391,,graph_time_carts_n1_uniform_max,,duplicate,9417,0.004537319156211934,"max of time graph affinity from last 1 observed events restricted to carts, with uniform weights; missing edges zero",fixed historical cutoff and observed prefix,False,duplicate,0.0012780580100732828,0.01264785992221554,0.0010252589642332397,graph_time_carts_n1_uniform_sum,,
float32,graph,6504.916015625,0.0,0,0.9801133434368391,,graph_time_carts_n1_uniform_mean,,duplicate,9417,0.004537319156211934,"mean of time graph affinity from last 1 observed events restricted to carts, with uniform weights; missing edges zero",fixed historical cutoff and observed prefix,False,duplicate,0.0012780580100732828,0.01264785992221554,0.0010252589642332397,graph_time_carts_n1_uniform_sum,,
float32,graph,0.0,0.0,0,1.0,,graph_time_carts_n1_uniform_std,,constant,1,0.0,"std of time graph affinity from last 1 observed events restricted to carts, with uniform weights; missing edges zero",fixed historical cutoff and observed prefix,False,constant,0.0,0.0,0.0,,,
float32,graph,6504.916015625,0.0,0,0.9801133434368391,,graph_time_carts_n1_position_sum,,duplicate,9417,0.004537319156211934,"sum of time graph affinity from last 1 observed events restricted to carts, with position weights; missing edges zero",fixed historical cutoff and observed prefix,False,duplicate,0.0012780580100732828,0.01264785992221554,0.0010252589642332397,graph_time_carts_n1_uniform_sum,,
float32,graph,6504.916015625,0.0,0,0.9801133434368391,,graph_time_carts_n1_position_max,,duplicate,9417,0.004537319156211934,"max of time graph affinity from last 1 observed events restricted to carts, with position weights; missing edges zero",fixed historical cutoff and observed prefix,False,duplicate,0.0012780580100732828,0.01264785992221554,0.0010252589642332397,graph_time_carts_n1_uniform_sum,,
float32,graph,6504.916015625,0.0,0,0.9801133434368391,,graph_time_carts_n1_position_mean,,duplicate,9417,0.004537319156211934,"mean of time graph affinity from last 1 observed events restricted to carts, with position weights; missing edges zero",fixed historical cutoff and observed prefix,False,duplicate,0.0012780580100732828,0.01264785992221554,0.0010252589642332397,graph_time_carts_n1_uniform_sum,,
float32,graph,0.0,0.0,0,1.0,,graph_time_carts_n1_position_std,,constant,1,0.0,"std of time graph affinity from last 1 observed events restricted to carts, with position weights; missing edges zero",fixed historical cutoff and observed prefix,False,constant,0.0,0.0,0.0,,,
float32,graph,6504.916015625,0.0,0,0.9801133434368391,,graph_time_carts_n1_hour_sum,,duplicate,9417,0.004537319156211934,"sum of time graph affinity from last 1 observed events restricted to carts, with hour weights; missing edges zero",fixed historical cutoff and observed prefix,False,duplicate,0.0012780580100732828,0.01264785992221554,0.0010252589642332397,graph_time_carts_n1_uniform_sum,,
float32,graph,6504.916015625,0.0,0,0.9801133434368391,,graph_time_carts_n1_hour_max,,duplicate,9417,0.004537319156211934,"max of time graph affinity from last 1 observed events restricted to carts, with hour weights; missing edges zero",fixed historical cutoff and observed prefix,False,duplicate,0.0012780580100732828,0.01264785992221554,0.0010252589642332397,graph_time_carts_n1_uniform_sum,,
float32,graph,6504.916015625,0.0,0,0.9801133434368391,,graph_time_carts_n1_hour_mean,,duplicate,9417,0.004537319156211934,"mean of time graph affinity from last 1 observed events restricted to carts, with hour weights; missing edges zero",fixed historical cutoff and observed prefix,False,duplicate,0.0012780580100732828,0.01264785992221554,0.0010252589642332397,graph_time_carts_n1_uniform_sum,,
float32,graph,0.0,0.0,0,1.0,,graph_time_carts_n1_hour_std,,constant,1,0.0,"std of time graph affinity from last 1 observed events restricted to carts, with hour weights; missing edges zero",fixed historical cutoff and observed prefix,False,constant,0.0,0.0,0.0,,,
float32,graph,6504.916015625,0.0,0,0.9801133434368391,,graph_time_carts_n1_six_hours_sum,,duplicate,9417,0.004537319156211934,"sum of time graph affinity from last 1 observed events restricted to carts, with six_hours weights; missing edges zero",fixed historical cutoff and observed prefix,False,duplicate,0.0012780580100732828,0.01264785992221554,0.0010252589642332397,graph_time_carts_n1_uniform_sum,,
float32,graph,6504.916015625,0.0,0,0.9801133434368391,,graph_time_carts_n1_six_hours_max,,duplicate,9417,0.004537319156211934,"max of time graph affinity from last 1 observed events restricted to carts, with six_hours weights; missing edges zero",fixed historical cutoff and observed prefix,False,duplicate,0.0012780580100732828,0.01264785992221554,0.0010252589642332397,graph_time_carts_n1_uniform_sum,,
float32,graph,6504.916015625,0.0,0,0.9801133434368391,,graph_time_carts_n1_six_hours_mean,,duplicate,9417,0.004537319156211934,"mean of time graph affinity from last 1 observed events restricted to carts, with six_hours weights; missing edges zero",fixed historical cutoff and observed prefix,False,duplicate,0.0012780580100732828,0.01264785992221554,0.0010252589642332397,graph_time_carts_n1_uniform_sum,,
float32,graph,0.0,0.0,0,1.0,,graph_time_carts_n1_six_hours_std,,constant,1,0.0,"std of time graph affinity from last 1 observed events restricted to carts, with six_hours weights; missing edges zero",fixed historical cutoff and observed prefix,False,constant,0.0,0.0,0.0,,,
float32,graph,6504.916015625,0.0,0,0.9608161661280941,2.722295170166432e-05,graph_time_carts_n3_uniform_sum,0.6666666666666666,capacity,18365,0.01157476352868497,"sum of time graph affinity from last 3 observed events restricted to carts, with uniform weights; missing edges zero",fixed historical cutoff and observed prefix,False,capacity,0.002885130088651252,0.02245154775888019,0.007584643653592978,,,
float32,graph,6504.916015625,0.0,0,0.9608161661280941,5.195700313874451e-05,graph_time_carts_n3_uniform_max,1.0,capacity,18240,0.011174092832240223,"max of time graph affinity from last 3 observed events restricted to carts, with uniform weights; missing edges zero",fixed historical cutoff and observed prefix,False,capacity,0.0032812382510048143,0.02043462335240235,0.007859303335698396,,,
float32,graph,6504.916015625,0.0,0,0.9608161661280941,6.121857555921536e-05,graph_time_carts_n3_uniform_mean,0.6666666666666666,capacity,18368,0.010336173487779746,"mean of time graph affinity from last 3 observed events restricted to carts, with uniform weights; missing edges zero",fixed historical cutoff and observed prefix,False,capacity,0.0026268233403793245,0.019496196079408442,0.007041053883198801,,,
float32,graph,1106.1181640625,0.0,0,0.9953036207255459,6.697036913762947e-05,graph_time_carts_n3_uniform_std,1.0,capacity,2274,0.009743928049321409,"std of time graph affinity from last 3 observed events restricted to carts, with uniform weights; missing edges zero",fixed historical cutoff and observed prefix,False,capacity,0.006490830924914781,0.01248602988003255,0.00891505998803361,,,
float32,graph,6504.916015625,0.0,0,0.9608161661280941,3.366013570185336e-05,graph_time_carts_n3_position_sum,1.0,capacity,18682,0.010128974305758523,"sum of time graph affinity from last 3 observed events restricted to carts, with position weights; missing edges zero",fixed historical cutoff and observed prefix,False,capacity,0.002483422796471258,0.02057106456641708,0.006182187760310456,,,
float32,graph,6504.916015625,0.0,0,0.9608161661280941,9.766213474690314e-05,graph_time_carts_n3_position_max,0.6666666666666666,capacity,18583,0.00973657454031774,"max of time graph affinity from last 3 observed events restricted to carts, with position weights; missing edges zero",fixed historical cutoff and observed prefix,False,capacity,0.002694947843863158,0.018977759179760113,0.0062895866700056514,,,
float32,graph,6504.916015625,0.0,0,0.9608161661280941,0.00020896569202614565,graph_time_carts_n3_position_mean,0.6666666666666666,capacity,18471,0.010319005977002138,"mean of time graph affinity from last 3 observed events restricted to carts, with position weights; missing edges zero",fixed historical cutoff and observed prefix,False,capacity,0.0025570459935805832,0.019525689733749615,0.007009324095865324,,,
float32,graph,1065.6708984375,0.0,0,0.9922453323164978,8.339584283648893e-05,graph_time_carts_n3_position_std,1.0,capacity,2342,0.00985999294203224,"std of time graph affinity from last 3 observed events restricted to carts, with position weights; missing edges zero",fixed historical cutoff and observed prefix,False,capacity,0.00646189599666583,0.012475131596594469,0.009118773105645529,,,
float32,graph,6504.916015625,0.0,0,0.9608161661280941,4.820927019583519e-05,graph_time_carts_n3_hour_sum,1.0,capacity,19117,0.011808578469586689,"sum of time graph affinity from last 3 observed events restricted to carts, with hour weights; missing edges zero",fixed historical cutoff and observed prefix,False,capacity,0.002971775684910016,0.02273072178632557,0.007820307275330028,,,
float32,graph,6504.916015625,0.0,0,0.9608161661280941,1.5800566872414655e-05,graph_time_carts_n3_hour_max,0.6666666666666666,capacity,19011,0.011433261059691719,"max of time graph affinity from last 3 observed events restricted to carts, with hour weights; missing edges zero",fixed historical cutoff and observed prefix,False,capacity,0.0033785290180808896,0.02071808870671429,0.008133302576448904,,,
float32,graph,6504.916015625,0.0,0,0.9608161661280941,0.0,graph_time_carts_n3_hour_mean,0.0,capacity,18489,0.010374267250828038,"mean of time graph affinity from last 3 observed events restricted to carts, with hour weights; missing edges zero",fixed historical cutoff and observed prefix,False,capacity,0.0026943276292518675,0.019623469717907807,0.007029655954217518,,,
float32,graph,1106.1121826171875,0.0,0,0.9939515148449553,7.977455872865506e-05,graph_time_carts_n3_hour_std,1.0,capacity,2388,0.009679115793143666,"std of time graph affinity from last 3 observed events restricted to carts, with hour weights; missing edges zero",fixed historical cutoff and observed prefix,False,capacity,0.006120817718774709,0.011607371595471525,0.00930803757104123,,,
float32,graph,6504.916015625,0.0,0,0.9608161661280941,2.9698717332060492e-06,graph_time_carts_n3_six_hours_sum,0.3333333333333333,capacity,19111,0.01169374995370932,"sum of time graph affinity from last 3 observed events restricted to carts, with six_hours weights; missing edges zero",fixed historical cutoff and observed prefix,False,capacity,0.002972126134444257,0.02261463691682427,0.0076869104420293575,,,
float32,graph,6504.916015625,0.0,0,0.9608161661280941,1.6588443227143282e-06,graph_time_carts_n3_six_hours_max,0.3333333333333333,capacity,19007,0.011309277165158747,"max of time graph affinity from last 3 observed events restricted to carts, with six_hours weights; missing edges zero",fixed historical cutoff and observed prefix,False,capacity,0.0033810237079534883,0.02061131749380557,0.007979632577036213,,,
float32,graph,6504.916015625,0.0,0,0.9608161661280941,2.6467518667136366e-06,graph_time_carts_n3_six_hours_mean,0.3333333333333333,capacity,18486,0.010369867511659959,"mean of time graph affinity from last 3 observed events restricted to carts, with six_hours weights; missing edges zero",fixed historical cutoff and observed prefix,False,capacity,0.0026892711265500222,0.019613668353840197,0.007028066488088163,,,
float32,graph,1106.117919921875,0.0,0,0.9945215393384992,3.93067819920251e-05,graph_time_carts_n3_six_hours_std,1.0,capacity,2347,0.00977310731884913,"std of time graph affinity from last 3 observed events restricted to carts, with six_hours weights; missing edges zero",fixed historical cutoff and observed prefix,False,capacity,0.0062872373514326965,0.01197568723719088,0.009252795687580997,,,
float32,graph,9866.630859375,0.0,0,0.9517327382770475,3.086837795620924e-05,graph_time_carts_n5_uniform_sum,1.0,capacity,22621,0.016242691450146816,"sum of time graph affinity from last 5 observed events restricted to carts, with uniform weights; missing edges zero",fixed historical cutoff and observed prefix,False,capacity,0.00364751895517095,0.02743393715330909,0.012746264014394987,,,
float32,graph,6504.916015625,0.0,0,0.9517327382770475,2.0819908618239162e-05,graph_time_carts_n5_uniform_max,1.0,capacity,22283,0.014705552429662656,"max of time graph affinity from last 5 observed events restricted to carts, with uniform weights; missing edges zero",fixed historical cutoff and observed prefix,False,capacity,0.00446670334824469,0.026872644260092227,0.010328481361350868,,,
float32,graph,6504.916015625,0.0,0,0.9517327382770475,8.288573401133633e-05,graph_time_carts_n5_uniform_mean,0.6666666666666666,capacity,22634,0.012704049598555986,"mean of time graph affinity from last 5 observed events restricted to carts, with uniform weights; missing edges zero",fixed historical cutoff and observed prefix,False,capacity,0.00318660787988648,0.02492432545022074,0.008180151959168528,,,
float32,graph,2466.65771484375,0.0,0,0.9879361027833926,0.00014800169030333086,graph_time_carts_n5_uniform_std,1.0,capacity,5765,0.012792510968699263,"std of time graph affinity from last 5 observed events restricted to carts, with uniform weights; missing edges zero",fixed historical cutoff and observed prefix,False,capacity,0.007271882670475019,0.018344745297738035,0.010936498520550586,,,
float32,graph,6504.916015625,0.0,0,0.9517327382770475,5.659406534604188e-06,graph_time_carts_n5_position_sum,0.6666666666666666,capacity,23200,0.013285468369090109,"sum of time graph affinity from last 5 observed events restricted to carts, with position weights; missing edges zero",fixed historical cutoff and observed prefix,False,capacity,0.0031040179797471755,0.024471002742560685,0.009389609580578643,,,
float32,graph,6504.916015625,0.0,0,0.9517327382770475,3.7392505029236388e-06,graph_time_carts_n5_position_max,0.3333333333333333,capacity,23021,0.011935211970043803,"max of time graph affinity from last 5 observed events restricted to carts, with position weights; missing edges zero",fixed historical cutoff and observed prefix,False,capacity,0.0034247573379280307,0.023090392977479415,0.007776030571678629,,,
float32,graph,6504.916015625,0.0,0,0.9517327382770475,0.0,graph_time_carts_n5_position_mean,0.0,capacity,22872,0.012533163631333279,"mean of time graph affinity from last 5 observed events restricted to carts, with position weights; missing edges zero",fixed historical cutoff and observed prefix,False,capacity,0.0029383496538265674,0.024630256413698322,0.008083752903068543,,,
float32,graph,2325.587158203125,0.0,0,0.9848894872308677,8.840282249873728e-05,graph_time_carts_n5_position_std,1.0,capacity,5900,0.012832417594745005,"std of time graph affinity from last 5 observed events restricted to carts, with position weights; missing edges zero",fixed historical cutoff and observed prefix,False,capacity,0.007423452040560965,0.018513350379251916,0.010893445461522225,,,
float32,graph,9760.95703125,0.0,0,0.9517327382770475,8.103774963468162e-06,graph_time_carts_n5_hour_sum,0.3333333333333333,capacity,23726,0.016513656675149202,"sum of time graph affinity from last 5 observed events restricted to carts, with hour weights; missing edges zero",fixed historical cutoff and observed prefix,False,capacity,0.004017608098835427,0.02806767546628897,0.012819322042298282,,,
float32,graph,6504.916015625,0.0,0,0.9517327382770475,5.759302870907401e-06,graph_time_carts_n5_hour_max,0.6666666666666666,capacity,23583,0.015072204494509842,"max of time graph affinity from last 5 observed events restricted to carts, with hour weights; missing edges zero",fixed historical cutoff and observed prefix,False,capacity,0.00494715595412785,0.02778463596964841,0.010403496847004224,,,
float32,graph,6504.916015625,0.0,0,0.9517327382770475,3.3193237576188014e-06,graph_time_carts_n5_hour_mean,0.6666666666666666,capacity,22990,0.012835822167996473,"mean of time graph affinity from last 5 observed events restricted to carts, with hour weights; missing edges zero",fixed historical cutoff and observed prefix,False,capacity,0.003327687723830811,0.025214116114247755,0.008231364268898443,,,
float32,graph,2136.802490234375,0.0,0,0.9861034643092684,7.312278040803501e-05,graph_time_carts_n5_hour_std,1.0,capacity,6058,0.013473075670411273,"std of time graph affinity from last 5 observed events restricted to carts, with hour weights; missing edges zero",fixed historical cutoff and observed prefix,False,capacity,0.007574756999412879,0.01894705774600629,0.011719137744446832,,,
float32,graph,9848.884765625,0.0,0,0.9517327382770475,1.265620371946609e-05,graph_time_carts_n5_six_hours_sum,1.0,capacity,23717,0.016381885066682776,"sum of time graph affinity from last 5 observed events restricted to carts, with six_hours weights; missing edges zero",fixed historical cutoff and observed prefix,False,capacity,0.0038441811839655332,0.027737171367719374,0.012793859229950686,,,
float32,graph,6504.916015625,0.0,0,0.9517327382770475,7.3573350179777176e-06,graph_time_carts_n5_six_hours_max,0.6666666666666666,capacity,23577,0.01489509544721891,"max of time graph affinity from last 5 observed events restricted to carts, with six_hours weights; missing edges zero",fixed historical cutoff and observed prefix,False,capacity,0.0047240768881758695,0.027307400196536435,0.010384112832400656,,,
float32,graph,6504.916015625,0.0,0,0.9517327382770475,0.0,graph_time_carts_n5_six_hours_mean,0.0,capacity,22973,0.012748387332766875,"mean of time graph affinity from last 5 observed events restricted to carts, with six_hours weights; missing edges zero",fixed historical cutoff and observed prefix,False,capacity,0.003255540280156878,0.02506306144803479,0.008173191450567916,,,
float32,graph,2456.377685546875,0.0,0,0.9869011095050125,7.976905743864145e-06,graph_time_carts_n5_six_hours_std,1.0,capacity,5965,0.012786490555462434,"std of time graph affinity from last 5 observed events restricted to carts, with six_hours weights; missing edges zero",fixed historical cutoff and observed prefix,False,capacity,0.007144042279915401,0.0180760664604666,0.011082110648884856,,,
float32,graph,14799.9462890625,0.0,0,0.9430247873108267,0.0001292023234776896,graph_time_carts_n10_uniform_sum,0.6666666666666666,capacity,26679,0.02225326250864867,"sum of time graph affinity from last 10 observed events restricted to carts, with uniform weights; missing edges zero",fixed historical cutoff and observed prefix,False,capacity,0.006859901066957538,0.03442075001962494,0.018735078993442397,,,
float32,graph,6504.916015625,0.0,0,0.9430247873108267,1.0965043467581865e-05,graph_time_carts_n10_uniform_max,0.3333333333333333,capacity,26065,0.021320795244667148,"max of time graph affinity from last 10 observed events restricted to carts, with uniform weights; missing edges zero",fixed historical cutoff and observed prefix,False,capacity,0.0065324685252557265,0.03275223886931959,0.018069794552242828,,,
float32,graph,6504.916015625,0.0,0,0.9430247873108267,3.185392107050606e-05,graph_time_carts_n10_uniform_mean,1.0,capacity,26912,0.01415641229033586,"mean of time graph affinity from last 10 observed events restricted to carts, with uniform weights; missing edges zero",fixed historical cutoff and observed prefix,False,capacity,0.0036099379282554557,0.024657725596092302,0.01066350136447104,,,
float32,graph,2648.88720703125,0.0,0,0.9774811142908837,0.00012553202979689578,graph_time_carts_n10_uniform_std,0.6666666666666666,capacity,10767,0.027050378418391724,"std of time graph affinity from last 10 observed events restricted to carts, with uniform weights; missing edges zero",fixed historical cutoff and observed prefix,False,capacity,0.009328631022121213,0.036175965397266224,0.02544120949499956,,,
float32,graph,7708.6435546875,0.0,0,0.9430247873108267,1.7701844300322667e-06,graph_time_carts_n10_position_sum,0.6666666666666666,capacity,27510,0.017951809067395064,"sum of time graph affinity from last 10 observed events restricted to carts, with position weights; missing edges zero",fixed historical cutoff and observed prefix,False,capacity,0.005253303294394841,0.030302785627666536,0.013892738416092698,,,
float32,graph,6504.916015625,0.0,0,0.9430247873108267,3.656058700474363e-06,graph_time_carts_n10_position_max,1.0,capacity,27269,0.015111964667007852,"max of time graph affinity from last 10 observed events restricted to carts, with position weights; missing edges zero",fixed historical cutoff and observed prefix,False,capacity,0.004339256788506178,0.02614670443994308,0.011390046093623851,,,
float32,graph,6504.916015625,0.0,0,0.9430247873108267,5.737958239951949e-06,graph_time_carts_n10_position_mean,1.0,capacity,27423,0.013934870940457549,"mean of time graph affinity from last 10 observed events restricted to carts, with position weights; missing edges zero",fixed historical cutoff and observed prefix,False,capacity,0.003345304978222916,0.02495098885196007,0.010191739645078728,,,
float32,graph,2327.263916015625,0.0,0,0.9743819708840049,6.8303828902900786e-06,graph_time_carts_n10_position_std,0.6666666666666666,capacity,11167,0.02671180493140855,"std of time graph affinity from last 10 observed events restricted to carts, with position weights; missing edges zero",fixed historical cutoff and observed prefix,False,capacity,0.009595148757725214,0.03630672156693892,0.02476712264259059,,,
float32,graph,14574.140625,0.0,0,0.9430247873108267,4.2632933775783904e-05,graph_time_carts_n10_hour_sum,0.6666666666666666,capacity,28133,0.023087170378768472,"sum of time graph affinity from last 10 observed events restricted to carts, with hour weights; missing edges zero",fixed historical cutoff and observed prefix,False,capacity,0.007527000811461284,0.03597376266900892,0.019237235828199452,,,
float32,graph,6504.916015625,0.0,0,0.9430247873108267,2.5100539993429166e-05,graph_time_carts_n10_hour_max,1.0,capacity,27981,0.022135191691729963,"max of time graph affinity from last 10 observed events restricted to carts, with hour weights; missing edges zero",fixed historical cutoff and observed prefix,False,capacity,0.0073442079622299955,0.03457372031433409,0.018381091335344563,,,
float32,graph,6504.916015625,0.0,0,0.9430247873108267,5.617179496619292e-07,graph_time_carts_n10_hour_mean,0.6666666666666666,capacity,27524,0.014680456792337569,"mean of time graph affinity from last 10 observed events restricted to carts, with hour weights; missing edges zero",fixed historical cutoff and observed prefix,False,capacity,0.004290293808242409,0.02636376173924246,0.01057049814956765,,,
float32,graph,2136.802490234375,0.0,0,0.9753877820210773,2.992515545818623e-05,graph_time_carts_n10_hour_std,1.0,capacity,11360,0.0298330619856784,"std of time graph affinity from last 10 observed events restricted to carts, with hour weights; missing edges zero",fixed historical cutoff and observed prefix,False,capacity,0.009031444112889002,0.037293332431551675,0.02956986307487333,,,
float32,graph,14761.97265625,0.0,0,0.9430247873108267,0.00021624227984700595,graph_time_carts_n10_six_hours_sum,1.0,capacity,28121,0.022770487766024645,"sum of time graph affinity from last 10 observed events restricted to carts, with six_hours weights; missing edges zero",fixed historical cutoff and observed prefix,False,capacity,0.007223443939671391,0.035274606750617776,0.019109602244786958,,,
float32,graph,6504.916015625,0.0,0,0.9430247873108267,1.2169711744140562e-05,graph_time_carts_n10_six_hours_max,0.6666666666666666,capacity,27967,0.022102960520840095,"max of time graph affinity from last 10 observed events restricted to carts, with six_hours weights; missing edges zero",fixed historical cutoff and observed prefix,False,capacity,0.0070599623824496825,0.03404410688822896,0.018639553693544066,,,
float32,graph,6504.916015625,0.0,0,0.9430247873108267,2.2729735984186964e-05,graph_time_carts_n10_six_hours_mean,0.6666666666666666,capacity,27508,0.014446663777857102,"mean of time graph affinity from last 10 observed events restricted to carts, with six_hours weights; missing edges zero",fixed historical cutoff and observed prefix,False,capacity,0.004125343536243681,0.02561875659660126,0.01058083740875393,,,
float32,graph,2600.940185546875,0.0,0,0.9763255014950983,1.1649190692663457e-05,graph_time_carts_n10_six_hours_std,1.0,capacity,11215,0.0281031573132465,"std of time graph affinity from last 10 observed events restricted to carts, with six_hours weights; missing edges zero",fixed historical cutoff and observed prefix,False,capacity,0.00903568210909537,0.03648250921766881,0.027091393895060534,,,
float32,graph,17977.861328125,0.0,0,0.9382214068515777,6.664670745446727e-06,graph_time_carts_n20_uniform_sum,0.6666666666666666,capacity,28994,0.02141195234601244,"sum of time graph affinity from last 20 observed events restricted to carts, with uniform weights; missing edges zero",fixed historical cutoff and observed prefix,False,capacity,0.00585229695352385,0.0347190604424234,0.017351674196555058,,,
float32,graph,6504.916015625,0.0,0,0.9382214068515777,1.2161508882121376e-05,graph_time_carts_n20_uniform_max,0.6666666666666666,capacity,28117,0.021761204951343774,"max of time graph affinity from last 20 observed events restricted to carts, with uniform weights; missing edges zero",fixed historical cutoff and observed prefix,False,capacity,0.006360195866099941,0.0335891723074896,0.0184140561208115,,,
float32,graph,6504.916015625,0.0,0,0.9382214068515777,0.000331277147208483,graph_time_carts_n20_uniform_mean,0.6666666666666666,capacity,29278,0.013539100199302392,"mean of time graph affinity from last 20 observed events restricted to carts, with uniform weights; missing edges zero",fixed historical cutoff and observed prefix,False,capacity,0.003491689550721892,0.025617852458727417,0.009174292511019963,,,
float32,graph,2648.88720703125,0.0,0,0.9719831988685111,5.995844832634758e-06,graph_time_carts_n20_uniform_std,0.3333333333333333,capacity,13437,0.026122440377835617,"std of time graph affinity from last 20 observed events restricted to carts, with uniform weights; missing edges zero",fixed historical cutoff and observed prefix,False,capacity,0.008391660518434145,0.03417443916942086,0.02505157095860991,,,
float32,graph,7714.15234375,0.0,0,0.9382214068515777,1.1808602256004695e-05,graph_time_carts_n20_position_sum,0.6666666666666666,capacity,29909,0.01875160284404158,"sum of time graph affinity from last 20 observed events restricted to carts, with position weights; missing edges zero",fixed historical cutoff and observed prefix,False,capacity,0.005185137627482045,0.03207514913895296,0.014350907232679146,,,
float32,graph,6504.916015625,0.0,0,0.9382214068515777,4.459409383460427e-05,graph_time_carts_n20_position_max,0.6666666666666666,capacity,29644,0.015587044369871222,"max of time graph affinity from last 20 observed events restricted to carts, with position weights; missing edges zero",fixed historical cutoff and observed prefix,False,capacity,0.0043689532401633615,0.026926257576774085,0.011787119621371099,,,
float32,graph,6504.916015625,0.0,0,0.9382214068515777,2.827297023565512e-05,graph_time_carts_n20_position_mean,1.0,capacity,29891,0.013600373229321235,"mean of time graph affinity from last 20 observed events restricted to carts, with position weights; missing edges zero",fixed historical cutoff and observed prefix,False,capacity,0.003355801757502138,0.025866246580931316,0.009174865132152711,,,
float32,graph,2327.263916015625,0.0,0,0.9689813292659913,2.3807613634311466e-05,graph_time_carts_n20_position_std,0.6666666666666666,capacity,13959,0.026182463410677512,"std of time graph affinity from last 20 observed events restricted to carts, with position weights; missing edges zero",fixed historical cutoff and observed prefix,False,capacity,0.008751052342002796,0.03513052353891267,0.02461366852467239,,,
float32,graph,16767.5,0.0,0,0.9382214068515777,7.839259018946207e-06,graph_time_carts_n20_hour_sum,0.6666666666666666,capacity,30566,0.022620089680452354,"sum of time graph affinity from last 20 observed events restricted to carts, with hour weights; missing edges zero",fixed historical cutoff and observed prefix,False,capacity,0.006488324695441219,0.036774854797925076,0.01823133461921785,,,
float32,graph,6504.916015625,0.0,0,0.9382214068515777,6.103289102741998e-05,graph_time_carts_n20_hour_max,0.6666666666666666,capacity,30411,0.02272960616361514,"max of time graph affinity from last 20 observed events restricted to carts, with hour weights; missing edges zero",fixed historical cutoff and observed prefix,False,capacity,0.006874389773550147,0.035088447203160025,0.019192721708853534,,,
float32,graph,6504.916015625,0.0,0,0.9382214068515777,1.3784845473564803e-05,graph_time_carts_n20_hour_mean,0.3333333333333333,capacity,29996,0.014620661411465041,"mean of time graph affinity from last 20 observed events restricted to carts, with hour weights; missing edges zero",fixed historical cutoff and observed prefix,False,capacity,0.004039642416252918,0.02709706398273696,0.010145963291697771,,,
float32,graph,2136.802490234375,0.0,0,0.9698781937421816,0.0,graph_time_carts_n20_hour_std,0.0,capacity,14146,0.029494033222293277,"std of time graph affinity from last 20 observed events restricted to carts, with hour weights; missing edges zero",fixed historical cutoff and observed prefix,False,capacity,0.007601511537652706,0.036029894370890055,0.029874856262101655,,,
float32,graph,17769.404296875,0.0,0,0.9382214068515777,5.168451333560792e-05,graph_time_carts_n20_six_hours_sum,0.6666666666666666,capacity,30551,0.022021483096873674,"sum of time graph affinity from last 20 observed events restricted to carts, with six_hours weights; missing edges zero",fixed historical cutoff and observed prefix,False,capacity,0.005990749627881623,0.03541606063386618,0.017995983239876095,,,
float32,graph,6504.916015625,0.0,0,0.9382214068515777,1.450913678872919e-05,graph_time_carts_n20_six_hours_max,0.6666666666666666,capacity,30400,0.02257065146241732,"max of time graph affinity from last 20 observed events restricted to carts, with six_hours weights; missing edges zero",fixed historical cutoff and observed prefix,False,capacity,0.006406740662208753,0.0341862966758433,0.019456813989072425,,,
float32,graph,6504.916015625,0.0,0,0.9382214068515777,2.8900279779438865e-06,graph_time_carts_n20_six_hours_mean,0.3333333333333333,capacity,29964,0.014160105650185523,"mean of time graph affinity from last 20 observed events restricted to carts, with six_hours weights; missing edges zero",fixed historical cutoff and observed prefix,False,capacity,0.004111876601764087,0.026751617988821096,0.009539054322271309,,,
float32,graph,2600.940185546875,0.0,0,0.9708353679770745,0.0001310037519279519,graph_time_carts_n20_six_hours_std,0.6666666666666666,capacity,14002,0.027227309825715508,"std of time graph affinity from last 20 observed events restricted to carts, with six_hours weights; missing edges zero",fixed historical cutoff and observed prefix,False,capacity,0.008390960339652953,0.03517937359064643,0.026390669524260474,,,
float32,graph,30747.177734375,0.0,0,0.9362700943361355,8.143642500701874e-06,graph_time_carts_n50_uniform_sum,1.0,capacity,29959,0.018759609748968765,"sum of time graph affinity from last 50 observed events restricted to carts, with uniform weights; missing edges zero",fixed historical cutoff and observed prefix,False,capacity,0.005730900357737616,0.03137108125701061,0.01462532556015304,,,
float32,graph,6504.916015625,0.0,0,0.9362700943361355,1.1634639237628368e-05,graph_time_carts_n50_uniform_max,0.6666666666666666,capacity,28940,0.0223336173840062,"max of time graph affinity from last 50 observed events restricted to carts, with uniform weights; missing edges zero",fixed historical cutoff and observed prefix,False,capacity,0.006402076810177895,0.03402429620670241,0.019143534734962813,,,
float32,graph,6504.916015625,0.0,0,0.9362700943361355,4.550432084230585e-06,graph_time_carts_n50_uniform_mean,0.6666666666666666,capacity,30234,0.013356522634629475,"mean of time graph affinity from last 50 observed events restricted to carts, with uniform weights; missing edges zero",fixed historical cutoff and observed prefix,False,capacity,0.003745195129072655,0.025159066934672875,0.00905713840220058,,,
float32,graph,2648.88720703125,0.0,0,0.9699599037378432,5.307646312383346e-06,graph_time_carts_n50_uniform_std,0.6666666666666666,capacity,14431,0.026073210389097583,"std of time graph affinity from last 50 observed events restricted to carts, with uniform weights; missing edges zero",fixed historical cutoff and observed prefix,False,capacity,0.008363920932917723,0.03350670109717214,0.02530801327775695,,,
float32,graph,7714.15234375,0.0,0,0.9362700943361355,4.356836454597006e-06,graph_time_carts_n50_position_sum,0.6666666666666666,capacity,30895,0.018666429790478018,"sum of time graph affinity from last 50 observed events restricted to carts, with position weights; missing edges zero",fixed historical cutoff and observed prefix,False,capacity,0.0053955849875728535,0.03228135950493033,0.014070772400402722,,,
float32,graph,6504.916015625,0.0,0,0.9362700943361355,0.0001413008210914275,graph_time_carts_n50_position_max,0.6666666666666666,capacity,30615,0.01575382959655604,"max of time graph affinity from last 50 observed events restricted to carts, with position weights; missing edges zero",fixed historical cutoff and observed prefix,False,capacity,0.004339899781191186,0.027029835383526137,0.012018148338965138,,,
float32,graph,6504.916015625,0.0,0,0.9362700943361355,4.4048560190502976e-05,graph_time_carts_n50_position_mean,0.6666666666666666,capacity,30889,0.013377261778487285,"mean of time graph affinity from last 50 observed events restricted to carts, with position weights; missing edges zero",fixed historical cutoff and observed prefix,False,capacity,0.0034839702996547904,0.02526391529056261,0.009082816935588371,,,
float32,graph,2327.263916015625,0.0,0,0.9669230155657542,1.2462603092603696e-05,graph_time_carts_n50_position_std,0.6666666666666666,capacity,14989,0.026383821478330256,"std of time graph affinity from last 50 observed events restricted to carts, with position weights; missing edges zero",fixed historical cutoff and observed prefix,False,capacity,0.008622278951670352,0.03549528714738961,0.024788345731577233,,,
float32,graph,19511.310546875,0.0,0,0.9362700943361355,0.0001631398376163792,graph_time_carts_n50_hour_sum,1.0,capacity,31555,0.023126063519859658,"sum of time graph affinity from last 50 observed events restricted to carts, with hour weights; missing edges zero",fixed historical cutoff and observed prefix,False,capacity,0.0076916189999196045,0.039034594584413336,0.01774420540757283,,,
float32,graph,6504.916015625,0.0,0,0.9362700943361355,8.436834744345603e-06,graph_time_carts_n50_hour_max,0.3333333333333333,capacity,31401,0.02301151773292893,"max of time graph affinity from last 50 observed events restricted to carts, with hour weights; missing edges zero",fixed historical cutoff and observed prefix,False,capacity,0.006981198776480407,0.03537654508665243,0.019500723882141937,,,
float32,graph,6504.916015625,0.0,0,0.9362700943361355,7.493140090896246e-05,graph_time_carts_n50_hour_mean,0.6666666666666666,capacity,30988,0.014454016666469631,"mean of time graph affinity from last 50 observed events restricted to carts, with hour weights; missing edges zero",fixed historical cutoff and observed prefix,False,capacity,0.004299366951227083,0.026532379282842397,0.010107276977490339,,,
float32,graph,2136.802490234375,0.0,0,0.9679035355136932,0.00019089119192687378,graph_time_carts_n50_hour_std,1.0,capacity,15152,0.029233080055979303,"std of time graph affinity from last 50 observed events restricted to carts, with hour weights; missing edges zero",fixed historical cutoff and observed prefix,False,capacity,0.0075837171710986225,0.03620312904944461,0.029356282706726765,,,
float32,graph,20722.072265625,0.0,0,0.9362700943361355,7.435139872008513e-06,graph_time_carts_n50_six_hours_sum,0.3333333333333333,capacity,31541,0.021507573124244714,"sum of time graph affinity from last 50 observed events restricted to carts, with six_hours weights; missing edges zero",fixed historical cutoff and observed prefix,False,capacity,0.0067381030473562175,0.03583735574633753,0.016804260159346388,,,
float32,graph,6504.916015625,0.0,0,0.9362700943361355,5.383259966030875e-06,graph_time_carts_n50_six_hours_max,1.0,capacity,31391,0.022958623143724297,"max of time graph affinity from last 50 observed events restricted to carts, with six_hours weights; missing edges zero",fixed historical cutoff and observed prefix,False,capacity,0.006531365435578726,0.03446581459302155,0.0199429037037666,,,
float32,graph,6504.916015625,0.0,0,0.9362700943361355,3.216319857755774e-05,graph_time_carts_n50_six_hours_mean,0.6666666666666666,capacity,30961,0.013985063832160633,"mean of time graph affinity from last 50 observed events restricted to carts, with six_hours weights; missing edges zero",fixed historical cutoff and observed prefix,False,capacity,0.0043700361029572485,0.026257008311214167,0.009451596214167765,,,
float32,graph,2600.940185546875,0.0,0,0.9687965090377092,2.1024564871675707e-05,graph_time_carts_n50_six_hours_std,0.6666666666666666,capacity,15034,0.027160770595006555,"std of time graph affinity from last 50 observed events restricted to carts, with six_hours weights; missing edges zero",fixed historical cutoff and observed prefix,False,capacity,0.008396806964664015,0.034606812639968856,0.02656507684424916,,,
float32,graph,1973.9754638671875,0.0,0,0.9969222568300802,0.0,graph_time_orders_n1_uniform_sum,0.0,capacity,1454,0.00185217980139369,"sum of time graph affinity from last 1 observed events restricted to orders, with uniform weights; missing edges zero",fixed historical cutoff and observed prefix,False,capacity,-0.001948929587283159,-0.0010364328362586113,0.0022439283196463177,,,
float32,graph,1973.9754638671875,0.0,0,0.9969222568300802,,graph_time_orders_n1_uniform_max,,duplicate,1454,0.00185217980139369,"max of time graph affinity from last 1 observed events restricted to orders, with uniform weights; missing edges zero",fixed historical cutoff and observed prefix,False,duplicate,-0.001948929587283159,-0.0010364328362586113,0.0022439283196463177,graph_time_orders_n1_uniform_sum,,
float32,graph,1973.9754638671875,0.0,0,0.9969222568300802,,graph_time_orders_n1_uniform_mean,,duplicate,1454,0.00185217980139369,"mean of time graph affinity from last 1 observed events restricted to orders, with uniform weights; missing edges zero",fixed historical cutoff and observed prefix,False,duplicate,-0.001948929587283159,-0.0010364328362586113,0.0022439283196463177,graph_time_orders_n1_uniform_sum,,
float32,graph,0.0,0.0,0,1.0,,graph_time_orders_n1_uniform_std,,constant,1,0.0,"std of time graph affinity from last 1 observed events restricted to orders, with uniform weights; missing edges zero",fixed historical cutoff and observed prefix,False,constant,0.0,0.0,0.0,,,
float32,graph,1973.9754638671875,0.0,0,0.9969222568300802,,graph_time_orders_n1_position_sum,,duplicate,1454,0.00185217980139369,"sum of time graph affinity from last 1 observed events restricted to orders, with position weights; missing edges zero",fixed historical cutoff and observed prefix,False,duplicate,-0.001948929587283159,-0.0010364328362586113,0.0022439283196463177,graph_time_orders_n1_uniform_sum,,
float32,graph,1973.9754638671875,0.0,0,0.9969222568300802,,graph_time_orders_n1_position_max,,duplicate,1454,0.00185217980139369,"max of time graph affinity from last 1 observed events restricted to orders, with position weights; missing edges zero",fixed historical cutoff and observed prefix,False,duplicate,-0.001948929587283159,-0.0010364328362586113,0.0022439283196463177,graph_time_orders_n1_uniform_sum,,
float32,graph,1973.9754638671875,0.0,0,0.9969222568300802,,graph_time_orders_n1_position_mean,,duplicate,1454,0.00185217980139369,"mean of time graph affinity from last 1 observed events restricted to orders, with position weights; missing edges zero",fixed historical cutoff and observed prefix,False,duplicate,-0.001948929587283159,-0.0010364328362586113,0.0022439283196463177,graph_time_orders_n1_uniform_sum,,
float32,graph,0.0,0.0,0,1.0,,graph_time_orders_n1_position_std,,constant,1,0.0,"std of time graph affinity from last 1 observed events restricted to orders, with position weights; missing edges zero",fixed historical cutoff and observed prefix,False,constant,0.0,0.0,0.0,,,
float32,graph,1973.9754638671875,0.0,0,0.9969222568300802,,graph_time_orders_n1_hour_sum,,duplicate,1454,0.00185217980139369,"sum of time graph affinity from last 1 observed events restricted to orders, with hour weights; missing edges zero",fixed historical cutoff and observed prefix,False,duplicate,-0.001948929587283159,-0.0010364328362586113,0.0022439283196463177,graph_time_orders_n1_uniform_sum,,
float32,graph,1973.9754638671875,0.0,0,0.9969222568300802,,graph_time_orders_n1_hour_max,,duplicate,1454,0.00185217980139369,"max of time graph affinity from last 1 observed events restricted to orders, with hour weights; missing edges zero",fixed historical cutoff and observed prefix,False,duplicate,-0.001948929587283159,-0.0010364328362586113,0.0022439283196463177,graph_time_orders_n1_uniform_sum,,
float32,graph,1973.9754638671875,0.0,0,0.9969222568300802,,graph_time_orders_n1_hour_mean,,duplicate,1454,0.00185217980139369,"mean of time graph affinity from last 1 observed events restricted to orders, with hour weights; missing edges zero",fixed historical cutoff and observed prefix,False,duplicate,-0.001948929587283159,-0.0010364328362586113,0.0022439283196463177,graph_time_orders_n1_uniform_sum,,
float32,graph,0.0,0.0,0,1.0,,graph_time_orders_n1_hour_std,,constant,1,0.0,"std of time graph affinity from last 1 observed events restricted to orders, with hour weights; missing edges zero",fixed historical cutoff and observed prefix,False,constant,0.0,0.0,0.0,,,
float32,graph,1973.9754638671875,0.0,0,0.9969222568300802,,graph_time_orders_n1_six_hours_sum,,duplicate,1454,0.00185217980139369,"sum of time graph affinity from last 1 observed events restricted to orders, with six_hours weights; missing edges zero",fixed historical cutoff and observed prefix,False,duplicate,-0.001948929587283159,-0.0010364328362586113,0.0022439283196463177,graph_time_orders_n1_uniform_sum,,
float32,graph,1973.9754638671875,0.0,0,0.9969222568300802,,graph_time_orders_n1_six_hours_max,,duplicate,1454,0.00185217980139369,"max of time graph affinity from last 1 observed events restricted to orders, with six_hours weights; missing edges zero",fixed historical cutoff and observed prefix,False,duplicate,-0.001948929587283159,-0.0010364328362586113,0.0022439283196463177,graph_time_orders_n1_uniform_sum,,
float32,graph,1973.9754638671875,0.0,0,0.9969222568300802,,graph_time_orders_n1_six_hours_mean,,duplicate,1454,0.00185217980139369,"mean of time graph affinity from last 1 observed events restricted to orders, with six_hours weights; missing edges zero",fixed historical cutoff and observed prefix,False,duplicate,-0.001948929587283159,-0.0010364328362586113,0.0022439283196463177,graph_time_orders_n1_uniform_sum,,
float32,graph,0.0,0.0,0,1.0,,graph_time_orders_n1_six_hours_std,,constant,1,0.0,"std of time graph affinity from last 1 observed events restricted to orders, with six_hours weights; missing edges zero",fixed historical cutoff and observed prefix,False,constant,0.0,0.0,0.0,,,
float32,graph,3394.464599609375,0.0,0,0.9945312667189351,5.338814610821298e-07,graph_time_orders_n3_uniform_sum,0.3333333333333333,capacity,2584,0.006051903678054861,"sum of time graph affinity from last 3 observed events restricted to orders, with uniform weights; missing edges zero",fixed historical cutoff and observed prefix,False,capacity,-0.0013296675562133797,-0.0011232248378466089,0.009303282451799235,,,
float32,graph,3394.464599609375,0.0,0,0.9945312667189351,1.3687522493520937e-07,graph_time_orders_n3_uniform_max,0.3333333333333333,capacity,2580,0.0042842487034898446,"max of time graph affinity from last 3 observed events restricted to orders, with uniform weights; missing edges zero",fixed historical cutoff and observed prefix,False,capacity,-0.001253782250157824,-0.0011054622883165833,0.006378719653298479,,,
float32,graph,3394.464599609375,0.0,0,0.9945312667189351,7.588667718074003e-08,graph_time_orders_n3_uniform_mean,0.3333333333333333,capacity,2601,0.0023429354011649615,"mean of time graph affinity from last 3 observed events restricted to orders, with uniform weights; missing edges zero",fixed historical cutoff and observed prefix,False,capacity,-0.0012680480382595287,-0.0010124856612120506,0.003187308164958989,,,
float32,graph,446.2887878417969,0.0,0,0.9982685262824093,9.729754344209062e-07,graph_time_orders_n3_uniform_std,0.3333333333333333,capacity,817,0.01141540884828203,"std of time graph affinity from last 3 observed events restricted to orders, with uniform weights; missing edges zero",fixed historical cutoff and observed prefix,False,capacity,-0.00011938552533131576,-0.0008549633981934498,0.01857830212715144,,,
float32,graph,1973.9754638671875,0.0,0,0.9945312667189351,9.250748066928609e-06,graph_time_orders_n3_position_sum,0.6666666666666666,capacity,2600,0.005391891796290927,"sum of time graph affinity from last 3 observed events restricted to orders, with position weights; missing edges zero",fixed historical cutoff and observed prefix,False,capacity,-0.0015350466649177719,-0.0012125948685092376,0.008124347782077298,,,
float32,graph,1973.9754638671875,0.0,0,0.9945312667189351,0.0,graph_time_orders_n3_position_max,0.0,capacity,2597,0.0035989784591616693,"max of time graph affinity from last 3 observed events restricted to orders, with position weights; missing edges zero",fixed historical cutoff and observed prefix,False,capacity,-0.0014645072431185905,-0.0011938821366089508,0.005157271823111875,,,
float32,graph,3394.464599609375,0.0,0,0.9945312667189351,0.0,graph_time_orders_n3_position_mean,0.0,capacity,2619,0.002084645087821493,"mean of time graph affinity from last 3 observed events restricted to orders, with position weights; missing edges zero",fixed historical cutoff and observed prefix,False,capacity,-0.0012520802594665754,-0.0010079565536894887,0.002761750159613315,,,
float32,graph,415.4151306152344,0.0,0,0.9980817605780399,7.552486345432587e-07,graph_time_orders_n3_position_std,0.6666666666666666,capacity,853,0.011283016297954264,"std of time graph affinity from last 3 observed events restricted to orders, with position weights; missing edges zero",fixed historical cutoff and observed prefix,False,capacity,-9.489731061806416e-05,-0.0008604065109973632,0.018359007689322082,,,
float32,graph,3251.0400390625,0.0,0,0.9945312667189351,0.0,graph_time_orders_n3_hour_sum,0.0,capacity,2604,0.006408405269958073,"sum of time graph affinity from last 3 observed events restricted to orders, with hour weights; missing edges zero",fixed historical cutoff and observed prefix,False,capacity,-0.0012078761657723827,-0.0011153997069468118,0.009921662902161319,,,
float32,graph,3251.0400390625,0.0,0,0.9945312667189351,0.0,graph_time_orders_n3_hour_max,0.0,capacity,2600,0.004572260869609594,"max of time graph affinity from last 3 observed events restricted to orders, with hour weights; missing edges zero",fixed historical cutoff and observed prefix,False,capacity,-0.001125538355463931,-0.0011000190323872889,0.0068828355405783585,,,
float32,graph,3394.464599609375,0.0,0,0.9945312667189351,0.0,graph_time_orders_n3_hour_mean,0.0,capacity,2601,0.002352148295315173,"mean of time graph affinity from last 3 observed events restricted to orders, with hour weights; missing edges zero",fixed historical cutoff and observed prefix,False,capacity,-0.0012422129887483344,-0.0009926374069409271,0.003216892957263436,,,
float32,graph,446.2887878417969,0.0,0,0.9981576341454399,0.0,graph_time_orders_n3_hour_std,0.0,capacity,839,0.013628456503106668,"std of time graph affinity from last 3 observed events restricted to orders, with hour weights; missing edges zero",fixed historical cutoff and observed prefix,False,capacity,9.795192409630642e-05,-0.0008284108641190292,0.022283563419102214,,,
float32,graph,3370.12841796875,0.0,0,0.9945312667189351,0.0,graph_time_orders_n3_six_hours_sum,0.0,capacity,2604,0.00624181923651091,"sum of time graph affinity from last 3 observed events restricted to orders, with six_hours weights; missing edges zero",fixed historical cutoff and observed prefix,False,capacity,-0.0012528012489094534,-0.0010918724149177272,0.009648295645241077,,,
float32,graph,3370.12841796875,0.0,0,0.9945312667189351,3.0089535843414298e-06,graph_time_orders_n3_six_hours_max,0.3333333333333333,capacity,2600,0.004433956131863952,"max of time graph affinity from last 3 observed events restricted to orders, with six_hours weights; missing edges zero",fixed historical cutoff and observed prefix,False,capacity,-0.001173398216963885,-0.001073953801332815,0.006657383616279533,,,
float32,graph,3394.464599609375,0.0,0,0.9945312667189351,0.0,graph_time_orders_n3_six_hours_mean,0.0,capacity,2602,0.0023429354009786444,"mean of time graph affinity from last 3 observed events restricted to orders, with six_hours weights; missing edges zero",fixed historical cutoff and observed prefix,False,capacity,-0.0012680480383638584,-0.0010124856612373923,0.003187308164618401,,,
float32,graph,446.2887878417969,0.0,0,0.9982218348563169,0.0,graph_time_orders_n3_six_hours_std,0.0,capacity,832,0.011415408255978218,"std of time graph affinity from last 3 observed events restricted to orders, with six_hours weights; missing edges zero",fixed historical cutoff and observed prefix,False,capacity,-0.00011942796443285623,-0.0008549859720226214,0.018578282779880245,,,
float32,graph,3394.464599609375,0.0,0,0.9936032746253499,0.0,graph_time_orders_n5_uniform_sum,0.0,capacity,3030,0.0056795619025328484,"sum of time graph affinity from last 5 observed events restricted to orders, with uniform weights; missing edges zero",fixed historical cutoff and observed prefix,False,capacity,-0.001683011806213393,-0.000541565930448141,0.008914651571295111,,,
float32,graph,3394.464599609375,0.0,0,0.9936032746253499,0.0,graph_time_orders_n5_uniform_max,0.0,capacity,3025,0.004021097820618615,"max of time graph affinity from last 5 observed events restricted to orders, with uniform weights; missing edges zero",fixed historical cutoff and observed prefix,False,capacity,-0.0016189819735452824,-0.0005092191397044332,0.006177389802254595,,,
float32,graph,3394.464599609375,0.0,0,0.9936032746253499,0.0,graph_time_orders_n5_uniform_mean,0.0,capacity,3050,0.0022814508268153453,"mean of time graph affinity from last 5 observed events restricted to orders, with uniform weights; missing edges zero",fixed historical cutoff and observed prefix,False,capacity,-0.0016349816638471897,-0.0005985337848200323,0.0032306542083076948,,,
float32,graph,446.2887878417969,0.0,0,0.9977646479758294,1.2068757110642204e-05,graph_time_orders_n5_uniform_std,0.3333333333333333,capacity,1055,0.010989985525305874,"std of time graph affinity from last 5 observed events restricted to orders, with uniform weights; missing edges zero",fixed historical cutoff and observed prefix,False,capacity,-0.00014671291502971938,0.0007262567136861558,0.017929062032828427,,,
float32,graph,1973.9754638671875,0.0,0,0.9936032746253499,0.0,graph_time_orders_n5_position_sum,0.0,capacity,3056,0.0052782641737683655,"sum of time graph affinity from last 5 observed events restricted to orders, with position weights; missing edges zero",fixed historical cutoff and observed prefix,False,capacity,-0.0017794013576158888,-0.0008591435223368476,0.008070968302176204,,,
float32,graph,1973.9754638671875,0.0,0,0.9936032746253499,0.0,graph_time_orders_n5_position_max,0.0,capacity,3053,0.0035332033530980156,"max of time graph affinity from last 5 observed events restricted to orders, with position weights; missing edges zero",fixed historical cutoff and observed prefix,False,capacity,-0.0017160048609717424,-0.0008356806650174542,0.005184831112492676,,,
float32,graph,3394.464599609375,0.0,0,0.9936032746253499,0.0,graph_time_orders_n5_position_mean,0.0,capacity,3085,0.0020498605527660557,"mean of time graph affinity from last 5 observed events restricted to orders, with position weights; missing edges zero",fixed historical cutoff and observed prefix,False,capacity,-0.0016187811830857654,-0.0006013434163096062,0.002845965682607662,,,
float32,graph,415.4151306152344,0.0,0,0.9975681548910241,0.0,graph_time_orders_n5_position_std,0.0,capacity,1108,0.010884841469906288,"std of time graph affinity from last 5 observed events restricted to orders, with position weights; missing edges zero",fixed historical cutoff and observed prefix,False,capacity,-0.00011590003456974283,0.000772536507032388,0.01773581752389933,,,
float32,graph,3251.0400390625,0.0,0,0.9936032746253499,0.0,graph_time_orders_n5_hour_sum,0.0,capacity,3061,0.006313443453530457,"sum of time graph affinity from last 5 observed events restricted to orders, with hour weights; missing edges zero",fixed historical cutoff and observed prefix,False,capacity,-0.0013575260878326042,-0.0008231263192278857,0.009884588248298052,,,
float32,graph,3251.0400390625,0.0,0,0.9936032746253499,0.0,graph_time_orders_n5_hour_max,0.0,capacity,3057,0.004506099873011043,"max of time graph affinity from last 5 observed events restricted to orders, with hour weights; missing edges zero",fixed historical cutoff and observed prefix,False,capacity,-0.0012793282952012273,-0.0007975425164292436,0.0068981738142702455,,,
float32,graph,3394.464599609375,0.0,0,0.9936032746253499,0.0,graph_time_orders_n5_hour_mean,0.0,capacity,3052,0.0023243296120636784,"mean of time graph affinity from last 5 observed events restricted to orders, with hour weights; missing edges zero",fixed historical cutoff and observed prefix,False,capacity,-0.0015215485584890373,-0.0005269273924581119,0.003356827564128902,,,
float32,graph,446.2887878417969,0.0,0,0.997511736084496,0.0,graph_time_orders_n5_hour_std,0.0,capacity,1131,0.011955937740967724,"std of time graph affinity from last 5 observed events restricted to orders, with hour weights; missing edges zero",fixed historical cutoff and observed prefix,False,capacity,-0.0001168962059494816,0.0008630822614186161,0.019475539069911986,,,
float32,graph,3370.12841796875,0.0,0,0.9936032746253499,2.7876495199265154e-05,graph_time_orders_n5_six_hours_sum,0.6666666666666666,capacity,3061,0.006009122620348508,"sum of time graph affinity from last 5 observed events restricted to orders, with six_hours weights; missing edges zero",fixed historical cutoff and observed prefix,False,capacity,-0.001466800379817271,-0.0004909778264207475,0.009525248724067596,,,
float32,graph,3370.12841796875,0.0,0,0.9936032746253499,7.377683933447616e-06,graph_time_orders_n5_six_hours_max,0.6666666666666666,capacity,3057,0.00427509558139604,"max of time graph affinity from last 5 observed events restricted to orders, with six_hours weights; missing edges zero",fixed historical cutoff and observed prefix,False,capacity,-0.0013936721888706625,-0.00045429710557928646,0.00666573205139198,,,
float32,graph,3394.464599609375,0.0,0,0.9936032746253499,0.0,graph_time_orders_n5_six_hours_mean,0.0,capacity,3054,0.0022811989920549706,"mean of time graph affinity from last 5 observed events restricted to orders, with six_hours weights; missing edges zero",fixed historical cutoff and observed prefix,False,capacity,-0.0016361888650460235,-0.000599203131730041,0.00322969861005226,,,
float32,graph,446.2887878417969,0.0,0,0.9976673741714703,0.0,graph_time_orders_n5_six_hours_std,0.0,capacity,1083,0.011002703047504633,"std of time graph affinity from last 5 observed events restricted to orders, with six_hours weights; missing edges zero",fixed historical cutoff and observed prefix,False,capacity,-0.00014350114085002615,0.000728812966941466,0.017949515072228653,,,
float32,graph,3394.464599609375,0.0,0,0.993249197977483,0.0,graph_time_orders_n10_uniform_sum,0.0,capacity,3205,0.006540192899034053,"sum of time graph affinity from last 10 observed events restricted to orders, with uniform weights; missing edges zero",fixed historical cutoff and observed prefix,False,capacity,-0.0018189466362034208,-0.00048188710041305327,0.010356220175482992,,,
float32,graph,3394.464599609375,0.0,0,0.993249197977483,0.0,graph_time_orders_n10_uniform_max,0.0,capacity,3198,0.0045532141757431525,"max of time graph affinity from last 10 observed events restricted to orders, with uniform weights; missing edges zero",fixed historical cutoff and observed prefix,False,capacity,-0.0017244505253933879,-0.0005002646795506616,0.007051149532231026,,,
float32,graph,3394.464599609375,0.0,0,0.993249197977483,0.0,graph_time_orders_n10_uniform_mean,0.0,capacity,3226,0.002737120439846671,"mean of time graph affinity from last 10 observed events restricted to orders, with uniform weights; missing edges zero",fixed historical cutoff and observed prefix,False,capacity,-0.0016754739139921955,-0.0008475409134514846,0.003858851290686677,,,
float32,graph,863.3053588867188,0.0,0,0.9974358625170958,0.0,graph_time_orders_n10_uniform_std,0.0,capacity,1212,0.007797693765581636,"std of time graph affinity from last 10 observed events restricted to orders, with uniform weights; missing edges zero",fixed historical cutoff and observed prefix,False,capacity,-0.0006204438252814282,0.001187466645292744,0.01229901564910945,,,
float32,graph,1973.9754638671875,0.0,0,0.993249197977483,0.0,graph_time_orders_n10_position_sum,0.0,capacity,3231,0.005692132445498302,"sum of time graph affinity from last 10 observed events restricted to orders, with position weights; missing edges zero",fixed historical cutoff and observed prefix,False,capacity,-0.0018561282595921217,-0.000837582745382797,0.008758741326540418,,,
float32,graph,1973.9754638671875,0.0,0,0.993249197977483,0.0,graph_time_orders_n10_position_max,0.0,capacity,3228,0.0037927514567840776,"max of time graph affinity from last 10 observed events restricted to orders, with position weights; missing edges zero",fixed historical cutoff and observed prefix,False,capacity,-0.0017760358394358245,-0.0008352653204158457,0.005607613794526236,,,
float32,graph,3394.464599609375,0.0,0,0.993249197977483,0.0,graph_time_orders_n10_position_mean,0.0,capacity,3264,0.002494985611468259,"mean of time graph affinity from last 10 observed events restricted to orders, with position weights; missing edges zero",fixed historical cutoff and observed prefix,False,capacity,-0.0016597309494654111,-0.0008365003328819007,0.003463437361095247,,,
float32,graph,880.41015625,0.0,0,0.9971965689583726,1.2221764254996069e-05,graph_time_orders_n10_position_std,0.6666666666666666,capacity,1270,0.007554635637353117,"std of time graph affinity from last 10 observed events restricted to orders, with position weights; missing edges zero",fixed historical cutoff and observed prefix,False,capacity,-0.0006027928396800065,0.0012318681783155551,0.01187465983315075,,,
float32,graph,3251.0400390625,0.0,0,0.993249197977483,0.0,graph_time_orders_n10_hour_sum,0.0,capacity,3239,0.007184194993062935,"sum of time graph affinity from last 10 observed events restricted to orders, with hour weights; missing edges zero",fixed historical cutoff and observed prefix,False,capacity,-0.0014527019148923349,-0.0007484146644782474,0.011357334003717046,,,
float32,graph,3251.0400390625,0.0,0,0.993249197977483,0.0,graph_time_orders_n10_hour_max,0.0,capacity,3233,0.005071113514798082,"max of time graph affinity from last 10 observed events restricted to orders, with hour weights; missing edges zero",fixed historical cutoff and observed prefix,False,capacity,-0.001348935502968926,-0.0007708059502274885,0.007841630299054905,,,
float32,graph,3394.464599609375,0.0,0,0.993249197977483,0.0,graph_time_orders_n10_hour_mean,0.0,capacity,3230,0.002791902802211585,"mean of time graph affinity from last 10 observed events restricted to orders, with hour weights; missing edges zero",fixed historical cutoff and observed prefix,False,capacity,-0.0015595448608960636,-0.0007778707082929367,0.004004311839390163,,,
float32,graph,863.3053588867188,0.0,0,0.9971848961018496,0.0,graph_time_orders_n10_hour_std,0.0,capacity,1291,0.00805664274178237,"std of time graph affinity from last 10 observed events restricted to orders, with hour weights; missing edges zero",fixed historical cutoff and observed prefix,False,capacity,-0.0006136148119474274,0.0012670173440344548,0.012691960095628816,,,
float32,graph,3370.12841796875,0.0,0,0.993249197977483,0.0,graph_time_orders_n10_six_hours_sum,0.0,capacity,3239,0.00690509343771923,"sum of time graph affinity from last 10 observed events restricted to orders, with six_hours weights; missing edges zero",fixed historical cutoff and observed prefix,False,capacity,-0.0015967020142528768,-0.0004244041694915814,0.011030169975744113,,,
float32,graph,3370.12841796875,0.0,0,0.993249197977483,1.0135027125039694e-06,graph_time_orders_n10_six_hours_max,0.3333333333333333,capacity,3233,0.004837406955135602,"max of time graph affinity from last 10 observed events restricted to orders, with six_hours weights; missing edges zero",fixed historical cutoff and observed prefix,False,capacity,-0.0014924726947894804,-0.00043952244023307674,0.007593838255977886,,,
float32,graph,3394.464599609375,0.0,0,0.993249197977483,0.0,graph_time_orders_n10_six_hours_mean,0.0,capacity,3232,0.0027368199664289427,"mean of time graph affinity from last 10 observed events restricted to orders, with six_hours weights; missing edges zero",fixed historical cutoff and observed prefix,False,capacity,-0.001676737552212988,-0.0008481635159981408,0.0038578285940136696,,,
float32,graph,863.3052978515625,0.0,0,0.9973210794279522,0.0,graph_time_orders_n10_six_hours_std,0.0,capacity,1242,0.0078018030375608845,"std of time graph affinity from last 10 observed events restricted to orders, with six_hours weights; missing edges zero",fixed historical cutoff and observed prefix,False,capacity,-0.000618637790130096,0.0011891675640580144,0.012305314982217451,,,
float32,graph,3394.464599609375,0.0,0,0.9926850099122007,0.0,graph_time_orders_n20_uniform_sum,0.0,capacity,3460,0.005749994909702347,"sum of time graph affinity from last 20 observed events restricted to orders, with uniform weights; missing edges zero",fixed historical cutoff and observed prefix,False,capacity,-0.001521483765780902,-4.284590964951482e-05,0.009308321267049004,,,
float32,graph,3394.464599609375,0.0,0,0.9926850099122007,0.0,graph_time_orders_n20_uniform_max,0.0,capacity,3449,0.0040013030334579884,"max of time graph affinity from last 20 observed events restricted to orders, with uniform weights; missing edges zero",fixed historical cutoff and observed prefix,False,capacity,-0.0013999945252057408,-8.948180793118111e-05,0.006390765064263434,,,
float32,graph,3394.464599609375,0.0,0,0.9926850099122007,0.0,graph_time_orders_n20_uniform_mean,0.0,capacity,3486,0.00210645056702998,"mean of time graph affinity from last 20 observed events restricted to orders, with uniform weights; missing edges zero",fixed historical cutoff and observed prefix,False,capacity,-0.0016854182615647524,-0.0007843084354960603,0.002837693683707811,,,
float32,graph,863.3053588867188,0.0,0,0.9970856768214034,0.0,graph_time_orders_n20_uniform_std,0.0,capacity,1380,0.009982405115365706,"std of time graph affinity from last 20 observed events restricted to orders, with uniform weights; missing edges zero",fixed historical cutoff and observed prefix,False,capacity,0.0003594651155148171,0.00257615647911306,0.015289352766800513,,,
float32,graph,1973.9754638671875,0.0,0,0.9926850099122007,0.0,graph_time_orders_n20_position_sum,0.0,capacity,3516,0.005660387919666462,"sum of time graph affinity from last 20 observed events restricted to orders, with position weights; missing edges zero",fixed historical cutoff and observed prefix,False,capacity,-0.0017954215890326089,-0.0006358710176175994,0.008816807425796536,,,
float32,graph,1973.9754638671875,0.0,0,0.9926850099122007,0.0,graph_time_orders_n20_position_max,0.0,capacity,3512,0.0037867305704728437,"max of time graph affinity from last 20 observed events restricted to orders, with position weights; missing edges zero",fixed historical cutoff and observed prefix,False,capacity,-0.0017023619217980091,-0.000652216877617217,0.005701382191679797,,,
float32,graph,3394.464599609375,0.0,0,0.9926850099122007,0.0,graph_time_orders_n20_position_mean,0.0,capacity,3534,0.0019129528041373434,"mean of time graph affinity from last 20 observed events restricted to orders, with position weights; missing edges zero",fixed historical cutoff and observed prefix,False,capacity,-0.0016784939124259346,-0.0007839316225015843,0.0025165398769071245,,,
float32,graph,880.41015625,0.0,0,0.9968366558822442,0.0,graph_time_orders_n20_position_std,0.0,capacity,1446,0.009757365506231368,"std of time graph affinity from last 20 observed events restricted to orders, with position weights; missing edges zero",fixed historical cutoff and observed prefix,False,capacity,0.00035838028268792374,0.0026017664733384697,0.01490166255993506,,,
float32,graph,3251.0400390625,0.0,0,0.9926850099122007,0.0,graph_time_orders_n20_hour_sum,0.0,capacity,3524,0.007352015212747583,"sum of time graph affinity from last 20 observed events restricted to orders, with hour weights; missing edges zero",fixed historical cutoff and observed prefix,False,capacity,-0.001232105381699639,-0.00013717283976721293,0.011979421371079093,,,
float32,graph,3251.0400390625,0.0,0,0.9926850099122007,1.8139716656353717e-07,graph_time_orders_n20_hour_max,0.3333333333333333,capacity,3515,0.005255570915291997,"max of time graph affinity from last 20 observed events restricted to orders, with hour weights; missing edges zero",fixed historical cutoff and observed prefix,False,capacity,-0.0011036705944604402,-0.00018231748996863623,0.008484181014758937,,,
float32,graph,3394.464599609375,0.0,0,0.9926850099122007,0.0,graph_time_orders_n20_hour_mean,0.0,capacity,3512,0.002189735546917576,"mean of time graph affinity from last 20 observed events restricted to orders, with hour weights; missing edges zero",fixed historical cutoff and observed prefix,False,capacity,-0.0015464680999903652,-0.0006766556432840868,0.0030534867398888557,,,
float32,graph,863.3053588867188,0.0,0,0.9967744006474545,0.0,graph_time_orders_n20_hour_std,0.0,capacity,1483,0.010115622551131387,"std of time graph affinity from last 20 observed events restricted to orders, with hour weights; missing edges zero",fixed historical cutoff and observed prefix,False,capacity,-0.00014150530673845895,0.002637703882415391,0.015516934759554873,,,
float32,graph,3370.12841796875,0.0,0,0.9926850099122007,0.0,graph_time_orders_n20_six_hours_sum,0.0,capacity,3524,0.007048599063051394,"sum of time graph affinity from last 20 observed events restricted to orders, with six_hours weights; missing edges zero",fixed historical cutoff and observed prefix,False,capacity,-0.0014274777687768112,0.00019915645655736906,0.011410173915344171,,,
float32,graph,3370.12841796875,0.0,0,0.9926850099122007,0.0,graph_time_orders_n20_six_hours_max,0.0,capacity,3515,0.005005874363045039,"max of time graph affinity from last 20 observed events restricted to orders, with six_hours weights; missing edges zero",fixed historical cutoff and observed prefix,False,capacity,-0.001303617075102668,0.00015341648623217472,0.0080491461827752,,,
float32,graph,3394.464599609375,0.0,0,0.9926850099122007,0.0,graph_time_orders_n20_six_hours_mean,0.0,capacity,3501,0.0021062587753350637,"mean of time graph affinity from last 20 observed events restricted to orders, with six_hours weights; missing edges zero",fixed historical cutoff and observed prefix,False,capacity,-0.0016836005402015074,-0.0007829990887000534,0.0028383316578414947,,,
float32,graph,863.3052978515625,0.0,0,0.9969436570670391,0.0,graph_time_orders_n20_six_hours_std,0.0,capacity,1416,0.009992239212771665,"std of time graph affinity from last 20 observed events restricted to orders, with six_hours weights; missing edges zero",fixed historical cutoff and observed prefix,False,capacity,0.0003648688144369732,0.002580424757639649,0.015302708173393454,,,
float32,graph,3394.464599609375,0.0,0,0.9926324820578468,0.0,graph_time_orders_n50_uniform_sum,0.0,capacity,3488,0.005615586614789149,"sum of time graph affinity from last 50 observed events restricted to orders, with uniform weights; missing edges zero",fixed historical cutoff and observed prefix,False,capacity,-0.0016070823829385109,-0.00010602767261477186,0.009038450124518111,,,
float32,graph,3394.464599609375,0.0,0,0.9926324820578468,0.0,graph_time_orders_n50_uniform_max,0.0,capacity,3476,0.003974696822967964,"max of time graph affinity from last 50 observed events restricted to orders, with uniform weights; missing edges zero",fixed historical cutoff and observed prefix,False,capacity,-0.0014546277417671462,-0.00012272847514787212,0.006320692510411481,,,
float32,graph,3394.464599609375,0.0,0,0.9926324820578468,0.0,graph_time_orders_n50_uniform_mean,0.0,capacity,3516,0.002098865943337109,"mean of time graph affinity from last 50 observed events restricted to orders, with uniform weights; missing edges zero",fixed historical cutoff and observed prefix,False,capacity,-0.0017250956163231358,-0.0008057744135952208,0.002807706762710382,,,
float32,graph,863.3053588867188,0.0,0,0.9970350944431366,0.0,graph_time_orders_n50_uniform_std,0.0,capacity,1409,0.00944018621917074,"std of time graph affinity from last 50 observed events restricted to orders, with uniform weights; missing edges zero",fixed historical cutoff and observed prefix,False,capacity,0.00017647455065247236,0.0023705885895690866,0.014518936978724611,,,
float32,graph,1973.9754638671875,0.0,0,0.9926324820578468,0.0,graph_time_orders_n50_position_sum,0.0,capacity,3543,0.005646094123290091,"sum of time graph affinity from last 50 observed events restricted to orders, with position weights; missing edges zero",fixed historical cutoff and observed prefix,False,capacity,-0.001830407093162506,-0.0006552469253577792,0.008777465560610844,,,
float32,graph,1973.9754638671875,0.0,0,0.9926324820578468,0.0,graph_time_orders_n50_position_max,0.0,capacity,3539,0.003783420942868652,"max of time graph affinity from last 50 observed events restricted to orders, with position weights; missing edges zero",fixed historical cutoff and observed prefix,False,capacity,-0.0017233381868733317,-0.0006635698878968114,0.005686693596353792,,,
float32,graph,3394.464599609375,0.0,0,0.9926324820578468,0.0,graph_time_orders_n50_position_mean,0.0,capacity,3561,0.0019056580861879582,"mean of time graph affinity from last 50 observed events restricted to orders, with position weights; missing edges zero",fixed historical cutoff and observed prefix,False,capacity,-0.0017191266384208382,-0.0008059132195655504,0.0024866190941270155,,,
float32,graph,880.41015625,0.0,0,0.996780237075716,0.0,graph_time_orders_n50_position_std,0.0,capacity,1471,0.00922864954709083,"std of time graph affinity from last 50 observed events restricted to orders, with position weights; missing edges zero",fixed historical cutoff and observed prefix,False,capacity,0.00017584971762105603,0.0023960281327554647,0.014153760225836807,,,
float32,graph,3251.0400390625,0.0,0,0.9926324820578468,0.0,graph_time_orders_n50_hour_sum,0.0,capacity,3552,0.007333020827290653,"sum of time graph affinity from last 50 observed events restricted to orders, with hour weights; missing edges zero",fixed historical cutoff and observed prefix,False,capacity,-0.0012691596801411298,-0.00015817242641157227,0.011931088552255114,,,
float32,graph,3251.0400390625,0.0,0,0.9926324820578468,0.0,graph_time_orders_n50_hour_max,0.0,capacity,3542,0.005240017587855757,"max of time graph affinity from last 50 observed events restricted to orders, with hour weights; missing edges zero",fixed historical cutoff and observed prefix,False,capacity,-0.0011429901470913406,-0.0002043738319074058,0.008440677372624002,,,
float32,graph,3394.464599609375,0.0,0,0.9926324820578468,1.7997763129933754e-07,graph_time_orders_n50_hour_mean,0.3333333333333333,capacity,3540,0.0021714912904076795,"mean of time graph affinity from last 50 observed events restricted to orders, with hour weights; missing edges zero",fixed historical cutoff and observed prefix,False,capacity,-0.0016042712389161282,-0.000708536780093273,0.0029975052208134744,,,
float32,graph,863.3053588867188,0.0,0,0.9967627277909313,0.0,graph_time_orders_n50_hour_std,0.0,capacity,1490,0.010115736076132515,"std of time graph affinity from last 50 observed events restricted to orders, with hour weights; missing edges zero",fixed historical cutoff and observed prefix,False,capacity,-0.00014170510931369698,0.0026376457845701407,0.015517119716383506,,,
float32,graph,3370.12841796875,0.0,0,0.9926324820578468,9.663532206792678e-06,graph_time_orders_n50_six_hours_sum,0.3333333333333333,capacity,3552,0.006977792181368974,"sum of time graph affinity from last 50 observed events restricted to orders, with six_hours weights; missing edges zero",fixed historical cutoff and observed prefix,False,capacity,-0.0014842100393318944,0.0001623887163370389,0.011301090937557788,,,
float32,graph,3370.12841796875,0.0,0,0.9926324820578468,0.0,graph_time_orders_n50_six_hours_max,0.0,capacity,3542,0.004944762653323338,"max of time graph affinity from last 50 observed events restricted to orders, with six_hours weights; missing edges zero",fixed historical cutoff and observed prefix,False,capacity,-0.0013629173126255216,0.00011546114457873536,0.007956387631145275,,,
float32,graph,3394.464599609375,0.0,0,0.9926324820578468,0.0,graph_time_orders_n50_six_hours_mean,0.0,capacity,3529,0.0020900397394417003,"mean of time graph affinity from last 50 observed events restricted to orders, with six_hours weights; missing edges zero",fixed historical cutoff and observed prefix,False,capacity,-0.0017385004306108875,-0.0008130038025355536,0.0027871475926999094,,,
float32,graph,863.3052978515625,0.0,0,0.9968950201648596,0.0,graph_time_orders_n50_six_hours_std,0.0,capacity,1442,0.009959078767280008,"std of time graph affinity from last 50 observed events restricted to orders, with six_hours weights; missing edges zero",fixed historical cutoff and observed prefix,False,capacity,0.0003322618051323331,0.002559254039182144,0.015263460625020221,,,
float32,graph,4528.05419921875,0.0,0,0.5904772836484681,0.0003241140906701415,graph_cart_all_n1_uniform_sum,1.0,capacity,178850,0.011861207063558856,"sum of cart graph affinity from last 1 observed events restricted to all, with uniform weights; missing edges zero",fixed historical cutoff and observed prefix,False,capacity,0.019977019793658752,0.018479713469469236,0.007199318405587018,,,
float32,graph,4528.05419921875,0.0,0,0.5904772836484681,,graph_cart_all_n1_uniform_max,,duplicate,178850,0.011861207063558856,"max of cart graph affinity from last 1 observed events restricted to all, with uniform weights; missing edges zero",fixed historical cutoff and observed prefix,False,duplicate,0.019977019793658752,0.018479713469469236,0.007199318405587018,graph_cart_all_n1_uniform_sum,,
float32,graph,4528.05419921875,0.0,0,0.5904772836484681,,graph_cart_all_n1_uniform_mean,,duplicate,178850,0.011861207063558856,"mean of cart graph affinity from last 1 observed events restricted to all, with uniform weights; missing edges zero",fixed historical cutoff and observed prefix,False,duplicate,0.019977019793658752,0.018479713469469236,0.007199318405587018,graph_cart_all_n1_uniform_sum,,
float32,graph,0.0,0.0,0,1.0,,graph_cart_all_n1_uniform_std,,constant,1,0.0,"std of cart graph affinity from last 1 observed events restricted to all, with uniform weights; missing edges zero",fixed historical cutoff and observed prefix,False,constant,0.0,0.0,0.0,,,
float32,graph,4528.05419921875,0.0,0,0.5904772836484681,,graph_cart_all_n1_position_sum,,duplicate,178850,0.011861207063558856,"sum of cart graph affinity from last 1 observed events restricted to all, with position weights; missing edges zero",fixed historical cutoff and observed prefix,False,duplicate,0.019977019793658752,0.018479713469469236,0.007199318405587018,graph_cart_all_n1_uniform_sum,,
float32,graph,4528.05419921875,0.0,0,0.5904772836484681,,graph_cart_all_n1_position_max,,duplicate,178850,0.011861207063558856,"max of cart graph affinity from last 1 observed events restricted to all, with position weights; missing edges zero",fixed historical cutoff and observed prefix,False,duplicate,0.019977019793658752,0.018479713469469236,0.007199318405587018,graph_cart_all_n1_uniform_sum,,
float32,graph,4528.05419921875,0.0,0,0.5904772836484681,,graph_cart_all_n1_position_mean,,duplicate,178850,0.011861207063558856,"mean of cart graph affinity from last 1 observed events restricted to all, with position weights; missing edges zero",fixed historical cutoff and observed prefix,False,duplicate,0.019977019793658752,0.018479713469469236,0.007199318405587018,graph_cart_all_n1_uniform_sum,,
float32,graph,0.0,0.0,0,1.0,,graph_cart_all_n1_position_std,,constant,1,0.0,"std of cart graph affinity from last 1 observed events restricted to all, with position weights; missing edges zero",fixed historical cutoff and observed prefix,False,constant,0.0,0.0,0.0,,,
float32,graph,4528.05419921875,0.0,0,0.5904772836484681,,graph_cart_all_n1_hour_sum,,duplicate,178850,0.011861207063558856,"sum of cart graph affinity from last 1 observed events restricted to all, with hour weights; missing edges zero",fixed historical cutoff and observed prefix,False,duplicate,0.019977019793658752,0.018479713469469236,0.007199318405587018,graph_cart_all_n1_uniform_sum,,
float32,graph,4528.05419921875,0.0,0,0.5904772836484681,,graph_cart_all_n1_hour_max,,duplicate,178850,0.011861207063558856,"max of cart graph affinity from last 1 observed events restricted to all, with hour weights; missing edges zero",fixed historical cutoff and observed prefix,False,duplicate,0.019977019793658752,0.018479713469469236,0.007199318405587018,graph_cart_all_n1_uniform_sum,,
float32,graph,4528.05419921875,0.0,0,0.5904772836484681,,graph_cart_all_n1_hour_mean,,duplicate,178850,0.011861207063558856,"mean of cart graph affinity from last 1 observed events restricted to all, with hour weights; missing edges zero",fixed historical cutoff and observed prefix,False,duplicate,0.019977019793658752,0.018479713469469236,0.007199318405587018,graph_cart_all_n1_uniform_sum,,
float32,graph,0.0,0.0,0,1.0,,graph_cart_all_n1_hour_std,,constant,1,0.0,"std of cart graph affinity from last 1 observed events restricted to all, with hour weights; missing edges zero",fixed historical cutoff and observed prefix,False,constant,0.0,0.0,0.0,,,
float32,graph,4528.05419921875,0.0,0,0.5904772836484681,,graph_cart_all_n1_six_hours_sum,,duplicate,178850,0.011861207063558856,"sum of cart graph affinity from last 1 observed events restricted to all, with six_hours weights; missing edges zero",fixed historical cutoff and observed prefix,False,duplicate,0.019977019793658752,0.018479713469469236,0.007199318405587018,graph_cart_all_n1_uniform_sum,,
float32,graph,4528.05419921875,0.0,0,0.5904772836484681,,graph_cart_all_n1_six_hours_max,,duplicate,178850,0.011861207063558856,"max of cart graph affinity from last 1 observed events restricted to all, with six_hours weights; missing edges zero",fixed historical cutoff and observed prefix,False,duplicate,0.019977019793658752,0.018479713469469236,0.007199318405587018,graph_cart_all_n1_uniform_sum,,
float32,graph,4528.05419921875,0.0,0,0.5904772836484681,,graph_cart_all_n1_six_hours_mean,,duplicate,178850,0.011861207063558856,"mean of cart graph affinity from last 1 observed events restricted to all, with six_hours weights; missing edges zero",fixed historical cutoff and observed prefix,False,duplicate,0.019977019793658752,0.018479713469469236,0.007199318405587018,graph_cart_all_n1_uniform_sum,,
float32,graph,0.0,0.0,0,1.0,,graph_cart_all_n1_six_hours_std,,constant,1,0.0,"std of cart graph affinity from last 1 observed events restricted to all, with six_hours weights; missing edges zero",fixed historical cutoff and observed prefix,False,constant,0.0,0.0,0.0,,,
float32,graph,13584.162109375,0.0,0,0.490152972784735,3.9177874244017946e-05,graph_cart_all_n3_uniform_sum,1.0,capacity,232371,0.01624580582393484,"sum of cart graph affinity from last 3 observed events restricted to all, with uniform weights; missing edges zero",fixed historical cutoff and observed prefix,False,capacity,0.01799897491291413,0.029513328859765653,0.00931984945785622,,,
float32,graph,4528.05419921875,0.0,0,0.490152972784735,3.08538455887326e-05,graph_cart_all_n3_uniform_max,0.6666666666666666,capacity,216005,0.015796462059413343,"max of cart graph affinity from last 3 observed events restricted to all, with uniform weights; missing edges zero",fixed historical cutoff and observed prefix,False,capacity,0.022499937680991105,0.027427429647754277,0.008863732328313252,,,
float32,graph,4528.05419921875,0.0,0,0.490152972784735,2.431161823701021e-05,graph_cart_all_n3_uniform_mean,1.0,capacity,237356,0.013293949283028177,"mean of cart graph affinity from last 3 observed events restricted to all, with uniform weights; missing edges zero",fixed historical cutoff and observed prefix,False,capacity,0.020320972875836882,0.022898973661112865,0.00732026649518438,,,
float32,graph,2134.544921875,0.0,0,0.7519109438866333,6.862343285433417e-05,graph_cart_all_n3_uniform_std,1.0,capacity,119862,0.013866776689970248,"std of cart graph affinity from last 3 observed events restricted to all, with uniform weights; missing edges zero",fixed historical cutoff and observed prefix,False,capacity,0.01768770248776675,0.0253561236790311,0.007485282229140405,,,
float32,graph,10344.1455078125,0.0,0,0.490152972784735,1.4913047851053447e-07,graph_cart_all_n3_position_sum,0.3333333333333333,capacity,237892,0.015671815122619167,"sum of cart graph affinity from last 3 observed events restricted to all, with position weights; missing edges zero",fixed historical cutoff and observed prefix,False,capacity,0.019051538245917043,0.027827227597563804,0.009030821697930534,,,
float32,graph,4528.05419921875,0.0,0,0.490152972784735,2.7333004912009155e-05,graph_cart_all_n3_position_max,0.6666666666666666,capacity,227223,0.015087628661214176,"max of cart graph affinity from last 3 observed events restricted to all, with position weights; missing edges zero",fixed historical cutoff and observed prefix,False,capacity,0.02241018269814197,0.02577625411033706,0.008522890263831434,,,
float32,graph,4528.05419921875,0.0,0,0.490152972784735,3.201687228118121e-05,graph_cart_all_n3_position_mean,1.0,capacity,240158,0.013225991504431244,"mean of cart graph affinity from last 3 observed events restricted to all, with position weights; missing edges zero",fixed historical cutoff and observed prefix,False,capacity,0.020548763570730197,0.022518009153213347,0.007359520668990369,,,
float32,graph,2246.4072265625,0.0,0,0.7350592300194743,1.884232633506667e-05,graph_cart_all_n3_position_std,1.0,capacity,121250,0.013988383871015132,"std of cart graph affinity from last 3 observed events restricted to all, with position weights; missing edges zero",fixed historical cutoff and observed prefix,False,capacity,0.017696359965940312,0.025677943253171773,0.007525608164115947,,,
float32,graph,13569.671875,0.0,0,0.490152972784735,5.538908725446637e-05,graph_cart_all_n3_hour_sum,0.6666666666666666,capacity,241251,0.016594038069505847,"sum of cart graph affinity from last 3 observed events restricted to all, with hour weights; missing edges zero",fixed historical cutoff and observed prefix,False,capacity,0.018628066497570726,0.030037993558741215,0.00953305558687735,,,
float32,graph,4528.05419921875,0.0,0,0.490152972784735,3.788649518385651e-07,graph_cart_all_n3_hour_max,0.3333333333333333,capacity,231842,0.01609915906399296,"max of cart graph affinity from last 3 observed events restricted to all, with hour weights; missing edges zero",fixed historical cutoff and observed prefix,False,capacity,0.023134259375416525,0.027837938695178113,0.009057252529829786,,,
float32,graph,4528.0546875,0.0,0,0.490152972784735,6.0371664405783024e-05,graph_cart_all_n3_hour_mean,0.6666666666666666,capacity,242741,0.013352147617501689,"mean of cart graph affinity from last 3 observed events restricted to all, with hour weights; missing edges zero",fixed historical cutoff and observed prefix,False,capacity,0.020579789907114822,0.022997786741321986,0.007324721007322686,,,
float32,graph,2261.66650390625,0.0,0,0.7472087281839175,6.330185781028268e-05,graph_cart_all_n3_hour_std,1.0,capacity,123011,0.014250308619126122,"std of cart graph affinity from last 3 observed events restricted to all, with hour weights; missing edges zero",fixed historical cutoff and observed prefix,False,capacity,0.01831756726171886,0.02593344131384957,0.0077308658313322755,,,
float32,graph,13581.74609375,0.0,0,0.490152972784735,1.4157332361119004e-05,graph_cart_all_n3_six_hours_sum,0.6666666666666666,capacity,241137,0.016446092277979038,"sum of cart graph affinity from last 3 observed events restricted to all, with six_hours weights; missing edges zero",fixed historical cutoff and observed prefix,False,capacity,0.018355335014515767,0.029825335111338103,0.009438263738543383,,,
float32,graph,4528.05419921875,0.0,0,0.490152972784735,1.2734533806784592e-06,graph_cart_all_n3_six_hours_max,0.6666666666666666,capacity,231637,0.015993756630140923,"max of cart graph affinity from last 3 observed events restricted to all, with six_hours weights; missing edges zero",fixed historical cutoff and observed prefix,False,capacity,0.022891593768658618,0.027728348764194704,0.008976821040027753,,,
float32,graph,4528.0546875,0.0,0,0.490152972784735,3.515852674000539e-05,graph_cart_all_n3_six_hours_mean,1.0,capacity,242950,0.013340486841063344,"mean of cart graph affinity from last 3 observed events restricted to all, with six_hours weights; missing edges zero",fixed historical cutoff and observed prefix,False,capacity,0.020471432419652512,0.02299073986907441,0.007326869397292951,,,
float32,graph,2177.373779296875,0.0,0,0.7439111462161463,1.2806901213836382e-05,graph_cart_all_n3_six_hours_std,1.0,capacity,124322,0.014106087619175707,"std of cart graph affinity from last 3 observed events restricted to all, with six_hours weights; missing edges zero",fixed historical cutoff and observed prefix,False,capacity,0.01801226175113071,0.025686837362140707,0.007664683725700707,,,
float32,graph,18112.216796875,0.0,0,0.4616517481075381,0.00010465315385148356,graph_cart_all_n5_uniform_sum,1.0,capacity,246112,0.022272981486356227,"sum of cart graph affinity from last 5 observed events restricted to all, with uniform weights; missing edges zero",fixed historical cutoff and observed prefix,False,capacity,0.018397581070622088,0.03919079691550258,0.014459973841072076,,,
float32,graph,4528.05419921875,0.0,0,0.4616517481075381,0.0010735014197507697,graph_cart_all_n5_uniform_max,0.6666666666666666,retained,225689,0.01948014538430844,"max of cart graph affinity from last 5 observed events restricted to all, with uniform weights; missing edges zero",fixed historical cutoff and observed prefix,True,selected,0.02199209631566007,0.031019236721998158,0.013291941226904979,,,
float32,graph,4528.05419921875,0.0,0,0.4616517481075381,5.415097158714935e-06,graph_cart_all_n5_uniform_mean,0.6666666666666666,capacity,252410,0.014445358591802158,"mean of cart graph affinity from last 5 observed events restricted to all, with uniform weights; missing edges zero",fixed historical cutoff and observed prefix,False,capacity,0.020700521224232743,0.024492839203286276,0.008379091180655001,,,
float32,graph,2216.799560546875,0.0,0,0.7186861032697617,4.257104462719247e-05,graph_cart_all_n5_uniform_std,0.6666666666666666,capacity,137603,0.017766934287604827,"std of cart graph affinity from last 5 observed events restricted to all, with uniform weights; missing edges zero",fixed historical cutoff and observed prefix,False,capacity,0.016382782319651193,0.029426757837204214,0.012167714507464072,,,
float32,graph,12608.1728515625,0.0,0,0.4616517481075381,4.519323447743955e-05,graph_cart_all_n5_position_sum,1.0,capacity,252738,0.019915760879699956,"sum of cart graph affinity from last 5 observed events restricted to all, with position weights; missing edges zero",fixed historical cutoff and observed prefix,False,capacity,0.01959006539684533,0.03487686038818332,0.012489493705934046,,,
float32,graph,4528.05419921875,0.0,0,0.4616517481075381,1.3227449913717553e-05,graph_cart_all_n5_position_max,1.0,capacity,241272,0.01715641274517025,"max of cart graph affinity from last 5 observed events restricted to all, with position weights; missing edges zero",fixed historical cutoff and observed prefix,False,capacity,0.02232771211254019,0.02803915725506149,0.010853157262329643,,,
float32,graph,4528.05419921875,0.0,0,0.4616517481075381,7.65820760625588e-05,graph_cart_all_n5_position_mean,0.6666666666666666,capacity,254974,0.014192983223927386,"mean of cart graph affinity from last 5 observed events restricted to all, with position weights; missing edges zero",fixed historical cutoff and observed prefix,False,capacity,0.020959354557280544,0.024003246799226375,0.008160122880719035,,,
float32,graph,2246.4072265625,0.0,0,0.7048479318616455,5.461150923602136e-05,graph_cart_all_n5_position_std,1.0,capacity,138812,0.017873482573008973,"std of cart graph affinity from last 5 observed events restricted to all, with position weights; missing edges zero",fixed historical cutoff and observed prefix,False,capacity,0.016728974143909708,0.030252686965795167,0.011874631781465752,,,
float32,graph,18007.62109375,0.0,0,0.4616517481075381,1.3595801749848892e-05,graph_cart_all_n5_hour_sum,0.6666666666666666,capacity,256062,0.022660991905665027,"sum of cart graph affinity from last 5 observed events restricted to all, with hour weights; missing edges zero",fixed historical cutoff and observed prefix,False,capacity,0.019159322664033255,0.04017794073997363,0.014486129028782688,,,
float32,graph,4528.05419921875,0.0,0,0.4616517481075381,0.00036488782044290295,graph_cart_all_n5_hour_max,1.0,redundant,246556,0.019626928115216255,"max of cart graph affinity from last 5 observed events restricted to all, with hour weights; missing edges zero",fixed historical cutoff and observed prefix,False,redundant,0.02285237799704236,0.03164006130974379,0.013082786537648137,,0.995899224072975,graph_cart_all_n5_uniform_max
float32,graph,4528.0546875,0.0,0,0.4616517481075381,9.247812264944823e-05,graph_cart_all_n5_hour_mean,1.0,capacity,257730,0.014580376461704498,"mean of cart graph affinity from last 5 observed events restricted to all, with hour weights; missing edges zero",fixed historical cutoff and observed prefix,False,capacity,0.021104659691605018,0.025042169008914154,0.008262099649782917,,,
float32,graph,2261.66650390625,0.0,0,0.7145364027758053,2.9915114414742516e-06,graph_cart_all_n5_hour_std,0.6666666666666666,capacity,140331,0.01819487869531398,"std of cart graph affinity from last 5 observed events restricted to all, with hour weights; missing edges zero",fixed historical cutoff and observed prefix,False,capacity,0.01710158197430169,0.030321540752299217,0.012313763786990081,,,
float32,graph,18094.65625,0.0,0,0.4616517481075381,0.0,graph_cart_all_n5_six_hours_sum,0.0,capacity,255975,0.02252392028681656,"sum of cart graph affinity from last 5 observed events restricted to all, with six_hours weights; missing edges zero",fixed historical cutoff and observed prefix,False,capacity,0.018783862314824366,0.039711916567482554,0.014553265141815597,,,
float32,graph,4528.05419921875,0.0,0,0.4616517481075381,1.7161024166047185e-05,graph_cart_all_n5_six_hours_max,1.0,redundant,246386,0.019669042504055767,"max of cart graph affinity from last 5 observed events restricted to all, with six_hours weights; missing edges zero",fixed historical cutoff and observed prefix,False,redundant,0.02251383112770339,0.03145183275805012,0.013303515939783985,,0.9980952370240466,graph_cart_all_n5_uniform_max
float32,graph,4528.0546875,0.0,0,0.4616517481075381,4.847713107454836e-05,graph_cart_all_n5_six_hours_mean,0.6666666666666666,capacity,257998,0.014598684694462927,"mean of cart graph affinity from last 5 observed events restricted to all, with six_hours weights; missing edges zero",fixed historical cutoff and observed prefix,False,capacity,0.020987806702836516,0.024991900120658918,0.008337223313302668,,,
float32,graph,2216.510009765625,0.0,0,0.7110559460558391,6.693004771997712e-06,graph_cart_all_n5_six_hours_std,0.3333333333333333,capacity,141814,0.018031156999507334,"std of cart graph affinity from last 5 observed events restricted to all, with six_hours weights; missing edges zero",fixed historical cutoff and observed prefix,False,capacity,0.016717179497731573,0.029925927404811318,0.012302768047151302,,,
float32,graph,36224.43359375,0.0,0,0.43625939421765597,0.0001358233840271889,graph_cart_all_n10_uniform_sum,1.0,capacity,258138,0.026692137322520067,"sum of cart graph affinity from last 10 observed events restricted to all, with uniform weights; missing edges zero",fixed historical cutoff and observed prefix,False,capacity,0.0182294872703918,0.045709288874932585,0.018594003221668518,,,
float32,graph,4528.05419921875,0.0,0,0.43625939421765597,1.8752868165918257e-05,graph_cart_all_n10_uniform_max,0.6666666666666666,capacity,234159,0.023551480097013175,"max of cart graph affinity from last 10 observed events restricted to all, with uniform weights; missing edges zero",fixed historical cutoff and observed prefix,False,capacity,0.021829835440572976,0.03552791490528803,0.01785020346894911,,,
float32,graph,4528.05419921875,0.0,0,0.43625939421765597,4.528098916524649e-05,graph_cart_all_n10_uniform_mean,1.0,capacity,265147,0.014529141972107518,"mean of cart graph affinity from last 10 observed events restricted to all, with uniform weights; missing edges zero",fixed historical cutoff and observed prefix,False,capacity,0.02112072446019015,0.02459536335992317,0.008397434196852589,,,
float32,graph,2134.544921875,0.0,0,0.692523340849356,1.6989394801594716e-05,graph_cart_all_n10_uniform_std,0.6666666666666666,capacity,150565,0.022200908157849922,"std of cart graph affinity from last 10 observed events restricted to all, with uniform weights; missing edges zero",fixed historical cutoff and observed prefix,False,capacity,0.01643732192752217,0.032867116553904986,0.01782840166487702,,,
float32,graph,16775.3984375,0.0,0,0.43625939421765597,6.0830779789095314e-05,graph_cart_all_n10_position_sum,1.0,capacity,265553,0.023662161941604795,"sum of cart graph affinity from last 10 observed events restricted to all, with position weights; missing edges zero",fixed historical cutoff and observed prefix,False,capacity,0.02004749063313724,0.04071139768269991,0.015739989289135167,,,
float32,graph,4528.05419921875,0.0,0,0.43625939421765597,3.244832313625922e-05,graph_cart_all_n10_position_max,0.6666666666666666,capacity,253762,0.019164362934531325,"max of cart graph affinity from last 10 observed events restricted to all, with position weights; missing edges zero",fixed historical cutoff and observed prefix,False,capacity,0.022478911209881425,0.03026328772753426,0.013062475825471506,,,
float32,graph,4528.05419921875,0.0,0,0.43625939421765597,1.7441381575045267e-05,graph_cart_all_n10_position_mean,1.0,capacity,267950,0.014445802667394316,"mean of cart graph affinity from last 10 observed events restricted to all, with position weights; missing edges zero",fixed historical cutoff and observed prefix,False,capacity,0.02139232724011704,0.024388739942585655,0.008316579934344858,,,
float32,graph,2253.5634765625,0.0,0,0.6792260117934761,6.813924381644465e-05,graph_cart_all_n10_position_std,0.3333333333333333,capacity,152147,0.02221775115293959,"std of cart graph affinity from last 10 observed events restricted to all, with position weights; missing edges zero",fixed historical cutoff and observed prefix,False,capacity,0.016841459030976,0.033970894825695465,0.017237228003555587,,,
float32,graph,34362.546875,0.0,0,0.43625939421765597,0.00010778648489486542,graph_cart_all_n10_hour_sum,1.0,capacity,269074,0.027596988368970194,"sum of cart graph affinity from last 10 observed events restricted to all, with hour weights; missing edges zero",fixed historical cutoff and observed prefix,False,capacity,0.019553766388927574,0.04763078105445123,0.018920629022903448,,,
float32,graph,4528.05419921875,0.0,0,0.43625939421765597,1.6805994472023352e-05,graph_cart_all_n10_hour_max,0.3333333333333333,capacity,259658,0.024064836711191546,"max of cart graph affinity from last 10 observed events restricted to all, with hour weights; missing edges zero",fixed historical cutoff and observed prefix,False,capacity,0.023497111951270678,0.03676937512145422,0.017807188299380355,,,
float32,graph,4528.0546875,0.0,0,0.43625939421765597,7.564244544302304e-05,graph_cart_all_n10_hour_mean,1.0,capacity,270665,0.015068186718579499,"mean of cart graph affinity from last 10 observed events restricted to all, with hour weights; missing edges zero",fixed historical cutoff and observed prefix,False,capacity,0.021748697571267236,0.026015187949992243,0.00848126762742517,,,
float32,graph,2261.66650390625,0.0,0,0.6888055360467537,3.1581475944664175e-05,graph_cart_all_n10_hour_std,1.0,capacity,153457,0.023416676371101473,"std of cart graph affinity from last 10 observed events restricted to all, with hour weights; missing edges zero",fixed historical cutoff and observed prefix,False,capacity,0.017706732412126926,0.03546028912941689,0.018346527318439523,,,
float32,graph,35907.1015625,0.0,0,0.43625939421765597,3.1417867965915764e-06,graph_cart_all_n10_six_hours_sum,0.3333333333333333,capacity,269031,0.027230280314677245,"sum of cart graph affinity from last 10 observed events restricted to all, with six_hours weights; missing edges zero",fixed historical cutoff and observed prefix,False,capacity,0.0188310463901706,0.04668186907112869,0.018904358257202634,,,
float32,graph,4528.05419921875,0.0,0,0.43625939421765597,2.8196817851767195e-05,graph_cart_all_n10_six_hours_max,0.6666666666666666,capacity,259511,0.02413075146128722,"max of cart graph affinity from last 10 observed events restricted to all, with six_hours weights; missing edges zero",fixed historical cutoff and observed prefix,False,capacity,0.022797778024871096,0.03648788865318329,0.018174345104741873,,,
float32,graph,4528.0546875,0.0,0,0.43625939421765597,3.5889867589822604e-05,graph_cart_all_n10_six_hours_mean,0.6666666666666666,capacity,270974,0.01495277176154708,"mean of cart graph affinity from last 10 observed events restricted to all, with six_hours weights; missing edges zero",fixed historical cutoff and observed prefix,False,capacity,0.02159250051558326,0.025753706654773535,0.008445682855927826,,,
float32,graph,2177.373779296875,0.0,0,0.6852316964746028,0.0004479417393142776,graph_cart_all_n10_six_hours_std,1.0,capacity,155036,0.022891851940095798,"std of cart graph affinity from last 10 observed events restricted to all, with six_hours weights; missing edges zero",fixed historical cutoff and observed prefix,False,capacity,0.017006169476600365,0.034367994976803685,0.018134727498991095,,,
float32,graph,49838.9296875,0.0,0,0.4247577395902438,0.00010500295357447631,graph_cart_all_n20_uniform_sum,1.0,capacity,263762,0.02389814196849256,"sum of cart graph affinity from last 20 observed events restricted to all, with uniform weights; missing edges zero",fixed historical cutoff and observed prefix,False,capacity,0.015052106110948902,0.04160330093414104,0.016519901795258935,,,
float32,graph,4528.05419921875,0.0,0,0.4247577395902438,7.080839059164763e-05,graph_cart_all_n20_uniform_max,1.0,capacity,238032,0.023875851274702417,"max of cart graph affinity from last 20 observed events restricted to all, with uniform weights; missing edges zero",fixed historical cutoff and observed prefix,False,capacity,0.02095625262897877,0.03548853426993368,0.018556109551374062,,,
float32,graph,4528.05419921875,0.0,0,0.4247577395902438,4.1278119980451186e-05,graph_cart_all_n20_uniform_mean,0.6666666666666666,redundant,270997,0.014304567745987685,"mean of cart graph affinity from last 20 observed events restricted to all, with uniform weights; missing edges zero",fixed historical cutoff and observed prefix,False,redundant,0.02096404402008811,0.024877070566279545,0.007908403623491685,,0.9983354433351233,graph_cart_all_n20_six_hours_mean
float32,graph,2251.002685546875,0.0,0,0.6809827767002002,0.0002901454229279703,graph_cart_all_n20_uniform_std,1.0,capacity,156460,0.021773191113244453,"std of cart graph affinity from last 20 observed events restricted to all, with uniform weights; missing edges zero",fixed historical cutoff and observed prefix,False,capacity,0.015509824277816367,0.032040929225774416,0.017683216529550818,,,
float32,graph,19389.892578125,0.0,0,0.4247577395902438,1.6345578521105967e-05,graph_cart_all_n20_position_sum,0.6666666666666666,redundant,271422,0.02359925014869631,"sum of cart graph affinity from last 20 observed events restricted to all, with position weights; missing edges zero",fixed historical cutoff and observed prefix,False,redundant,0.018922422938480156,0.04089868140614459,0.015729005721674866,,0.9992368427909581,source_cart_score
float32,graph,4528.05419921875,0.0,0,0.4247577395902438,4.173936978378481e-05,graph_cart_all_n20_position_max,0.6666666666666666,capacity,259492,0.019323125784080547,"max of cart graph affinity from last 20 observed events restricted to all, with position weights; missing edges zero",fixed historical cutoff and observed prefix,False,capacity,0.022222373087328016,0.030231329002501365,0.013385816290995561,,,
float32,graph,4528.05419921875,0.0,0,0.4247577395902438,4.173671568647239e-05,graph_cart_all_n20_position_mean,1.0,capacity,274050,0.014324130884223981,"mean of cart graph affinity from last 20 observed events restricted to all, with position weights; missing edges zero",fixed historical cutoff and observed prefix,False,capacity,0.021332742725473273,0.024564376016328857,0.008035906344629997,,,
float32,graph,2246.4072265625,0.0,0,0.667714629785628,3.76825878417418e-05,graph_cart_all_n20_position_std,0.6666666666666666,capacity,158285,0.022117943627314535,"std of cart graph affinity from last 20 observed events restricted to all, with position weights; missing edges zero",fixed historical cutoff and observed prefix,False,capacity,0.016054641520610643,0.03342547514704618,0.017474728218566028,,,
float32,graph,47055.72265625,0.0,0,0.4247577395902438,5.6430482906179834e-05,graph_cart_all_n20_hour_sum,1.0,capacity,274983,0.02529306101354231,"sum of cart graph affinity from last 20 observed events restricted to all, with hour weights; missing edges zero",fixed historical cutoff and observed prefix,False,capacity,0.01692261991788926,0.04461198823713756,0.017028670917686863,,,
float32,graph,4528.05419921875,0.0,0,0.4247577395902438,7.701824654407906e-06,graph_cart_all_n20_hour_max,0.6666666666666666,capacity,265571,0.024368467196220694,"max of cart graph affinity from last 20 observed events restricted to all, with hour weights; missing edges zero",fixed historical cutoff and observed prefix,False,capacity,0.022917858005817356,0.03678599731486894,0.01840147033529713,,,
float32,graph,4528.0546875,0.0,0,0.4247577395902438,1.986989369517397e-05,graph_cart_all_n20_hour_mean,1.0,redundant,276521,0.015145107834642327,"mean of cart graph affinity from last 20 observed events restricted to all, with hour weights; missing edges zero",fixed historical cutoff and observed prefix,False,redundant,0.021679899688439946,0.02643897534371365,0.008409042104473732,,0.9992347257416668,graph_cart_all_n20_six_hours_mean
float32,graph,2261.66650390625,0.0,0,0.6773077723715158,1.8433165886197168e-05,graph_cart_all_n20_hour_std,0.6666666666666666,capacity,159345,0.023278972349645224,"std of cart graph affinity from last 20 observed events restricted to all, with hour weights; missing edges zero",fixed historical cutoff and observed prefix,False,capacity,0.016974700197170487,0.035095854648653085,0.01842124322555375,,,
float32,graph,49360.390625,0.0,0,0.4247577395902438,2.3297101659410068e-05,graph_cart_all_n20_six_hours_sum,1.0,capacity,274943,0.02463293593140849,"sum of cart graph affinity from last 20 observed events restricted to all, with six_hours weights; missing edges zero",fixed historical cutoff and observed prefix,False,capacity,0.015791428792735235,0.042920097589186294,0.0169629396256318,,,
float32,graph,4528.05419921875,0.0,0,0.4247577395902438,8.250220337583467e-06,graph_cart_all_n20_six_hours_max,0.6666666666666666,capacity,265434,0.024436549268819427,"max of cart graph affinity from last 20 observed events restricted to all, with six_hours weights; missing edges zero",fixed historical cutoff and observed prefix,False,capacity,0.02202050159547914,0.03643310667750559,0.018840945176699726,,,
float32,graph,4528.0546875,0.0,0,0.4247577395902438,0.000767070508070304,graph_cart_all_n20_six_hours_mean,1.0,retained,276835,0.01484410498611042,"mean of cart graph affinity from last 20 observed events restricted to all, with six_hours weights; missing edges zero",fixed historical cutoff and observed prefix,True,selected,0.021456471798554876,0.026096213613204036,0.008115989537156202,,,
float32,graph,2251.37744140625,0.0,0,0.6737183689906675,3.6049841699620836e-05,graph_cart_all_n20_six_hours_std,0.6666666666666666,capacity,160944,0.022613356443877013,"std of cart graph affinity from last 20 observed events restricted to all, with six_hours weights; missing edges zero",fixed historical cutoff and observed prefix,False,capacity,0.016181841058516996,0.03385367800822294,0.01806511489259739,,,
float32,graph,85925.125,0.0,0,0.420549674813672,9.964348772413611e-05,graph_cart_all_n50_uniform_sum,1.0,capacity,265781,0.020572845961909805,"sum of cart graph affinity from last 50 observed events restricted to all, with uniform weights; missing edges zero",fixed historical cutoff and observed prefix,False,capacity,0.013957503385965634,0.037210033995580205,0.0133568090410653,,,
float32,graph,4528.05419921875,0.0,0,0.420549674813672,3.2012278186645395e-05,graph_cart_all_n50_uniform_max,1.0,capacity,239423,0.02431207735976499,"max of cart graph affinity from last 50 observed events restricted to all, with uniform weights; missing edges zero",fixed historical cutoff and observed prefix,False,capacity,0.020555399599949835,0.03514971170745479,0.019519373145889286,,,
float32,graph,4528.05419921875,0.0,0,0.420549674813672,2.598752713520254e-05,graph_cart_all_n50_uniform_mean,0.6666666666666666,redundant,273227,0.014409059997243363,"mean of cart graph affinity from last 50 observed events restricted to all, with uniform weights; missing edges zero",fixed historical cutoff and observed prefix,False,redundant,0.021265932461988712,0.025246108460488945,0.007847723688163014,,0.9981585278890294,graph_cart_all_n50_six_hours_mean
float32,graph,2262.861572265625,0.0,0,0.6767747119236284,1.6782265835716853e-05,graph_cart_all_n50_uniform_std,1.0,capacity,158695,0.021870889354216744,"std of cart graph affinity from last 50 observed events restricted to all, with uniform weights; missing edges zero",fixed historical cutoff and observed prefix,False,capacity,0.01546915163137461,0.03183244421282708,0.017957068212051938,,,
float32,graph,21343.37890625,0.0,0,0.420549674813672,,graph_cart_all_n50_position_sum,,duplicate,273618,0.023305347295043882,"sum of cart graph affinity from last 50 observed events restricted to all, with position weights; missing edges zero",fixed historical cutoff and observed prefix,False,duplicate,0.01890940412211398,0.041123474793423584,0.01512894074134235,source_cart_score,,
float32,graph,4528.05419921875,0.0,0,0.420549674813672,4.934313286289437e-05,graph_cart_all_n50_position_max,1.0,capacity,261617,0.019470078415147463,"max of cart graph affinity from last 50 observed events restricted to all, with position weights; missing edges zero",fixed historical cutoff and observed prefix,False,capacity,0.022178060304926087,0.030242024443487635,0.013632775086014272,,,
float32,graph,4528.05419921875,0.0,0,0.420549674813672,5.7254225555225096e-05,graph_cart_all_n50_position_mean,0.6666666666666666,capacity,276345,0.014406841508566928,"mean of cart graph affinity from last 50 observed events restricted to all, with position weights; missing edges zero",fixed historical cutoff and observed prefix,False,capacity,0.02154039487667355,0.024834766012455968,0.008003953695271307,,,
float32,graph,2257.755859375,0.0,0,0.6635065650090561,3.932903508169505e-06,graph_cart_all_n50_position_std,0.3333333333333333,capacity,160583,0.022271814069738213,"std of cart graph affinity from last 50 observed events restricted to all, with position weights; missing edges zero",fixed historical cutoff and observed prefix,False,capacity,0.016047596489208768,0.033407152678573096,0.01774151436207568,,,
float32,graph,75024.4296875,0.0,0,0.420549674813672,0.00010851316830448149,graph_cart_all_n50_hour_sum,1.0,capacity,277152,0.02479440933178747,"sum of cart graph affinity from last 50 observed events restricted to all, with hour weights; missing edges zero",fixed historical cutoff and observed prefix,False,capacity,0.018144420171164556,0.04599802519064765,0.015300932929127865,,,
float32,graph,4528.05419921875,0.0,0,0.420549674813672,8.973762459344617e-06,graph_cart_all_n50_hour_max,1.0,capacity,267728,0.02452847423629567,"max of cart graph affinity from last 50 observed events restricted to all, with hour weights; missing edges zero",fixed historical cutoff and observed prefix,False,capacity,0.022779454326890106,0.036657586852809385,0.01875542124627307,,,
float32,graph,4528.0546875,0.0,0,0.420549674813672,0.00010350479025757638,graph_cart_all_n50_hour_mean,1.0,redundant,278682,0.015273253789384628,"mean of cart graph affinity from last 50 observed events restricted to all, with hour weights; missing edges zero",fixed historical cutoff and observed prefix,False,redundant,0.02200135890707002,0.026860692453571196,0.00835818360434378,,0.9991010808334126,graph_cart_all_n50_six_hours_mean
float32,graph,2262.83056640625,0.0,0,0.6730997075949441,4.551355664102744e-06,graph_cart_all_n50_hour_std,0.3333333333333333,capacity,161517,0.023199816758338772,"std of cart graph affinity from last 50 observed events restricted to all, with hour weights; missing edges zero",fixed historical cutoff and observed prefix,False,capacity,0.01693622156823607,0.034915791769813596,0.018385761784285148,,,
float32,graph,81870.9765625,0.0,0,0.420549674813672,8.942859418374416e-05,graph_cart_all_n50_six_hours_sum,1.0,capacity,277118,0.023131477232725024,"sum of cart graph affinity from last 50 observed events restricted to all, with six_hours weights; missing edges zero",fixed historical cutoff and observed prefix,False,capacity,0.016198309184099473,0.042237757659872095,0.014733865027255747,,,
float32,graph,4528.05419921875,0.0,0,0.420549674813672,3.825248898283807e-05,graph_cart_all_n50_six_hours_max,1.0,capacity,267603,0.02466930242774535,"max of cart graph affinity from last 50 observed events restricted to all, with six_hours weights; missing edges zero",fixed historical cutoff and observed prefix,False,capacity,0.021766353127137802,0.036115701144728236,0.019429927952688497,,,
float32,graph,4528.0546875,0.0,0,0.420549674813672,0.0007824375115874846,graph_cart_all_n50_six_hours_mean,1.0,retained,278995,0.014950209636301524,"mean of cart graph affinity from last 50 observed events restricted to all, with six_hours weights; missing edges zero",fixed historical cutoff and observed prefix,True,selected,0.021759897433804288,0.026488084978888358,0.008046323998757647,,,
float32,graph,2262.857666015625,0.0,0,0.6695103042140957,1.6305950165992314e-05,graph_cart_all_n50_six_hours_std,0.3333333333333333,capacity,163094,0.02263688573800583,"std of cart graph affinity from last 50 observed events restricted to all, with six_hours weights; missing edges zero",fixed historical cutoff and observed prefix,False,capacity,0.0161416365280173,0.0336391282420481,0.01821830602098278,,,
float32,graph,4528.05419921875,0.0,0,0.6134416833815487,0.0006334654384516938,graph_cart_clicks_n1_uniform_sum,1.0,capacity,169980,0.010949374064603633,"sum of cart graph affinity from last 1 observed events restricted to clicks, with uniform weights; missing edges zero",fixed historical cutoff and observed prefix,False,capacity,0.02103613810211899,0.01604714665201537,0.006719360431311872,,,
float32,graph,4528.05419921875,0.0,0,0.6134416833815487,,graph_cart_clicks_n1_uniform_max,,duplicate,169980,0.010949374064603633,"max of cart graph affinity from last 1 observed events restricted to clicks, with uniform weights; missing edges zero",fixed historical cutoff and observed prefix,False,duplicate,0.02103613810211899,0.01604714665201537,0.006719360431311872,graph_cart_clicks_n1_uniform_sum,,
float32,graph,4528.05419921875,0.0,0,0.6134416833815487,,graph_cart_clicks_n1_uniform_mean,,duplicate,169980,0.010949374064603633,"mean of cart graph affinity from last 1 observed events restricted to clicks, with uniform weights; missing edges zero",fixed historical cutoff and observed prefix,False,duplicate,0.02103613810211899,0.01604714665201537,0.006719360431311872,graph_cart_clicks_n1_uniform_sum,,
float32,graph,0.0,0.0,0,1.0,,graph_cart_clicks_n1_uniform_std,,constant,1,0.0,"std of cart graph affinity from last 1 observed events restricted to clicks, with uniform weights; missing edges zero",fixed historical cutoff and observed prefix,False,constant,0.0,0.0,0.0,,,
float32,graph,4528.05419921875,0.0,0,0.6134416833815487,,graph_cart_clicks_n1_position_sum,,duplicate,169980,0.010949374064603633,"sum of cart graph affinity from last 1 observed events restricted to clicks, with position weights; missing edges zero",fixed historical cutoff and observed prefix,False,duplicate,0.02103613810211899,0.01604714665201537,0.006719360431311872,graph_cart_clicks_n1_uniform_sum,,
float32,graph,4528.05419921875,0.0,0,0.6134416833815487,,graph_cart_clicks_n1_position_max,,duplicate,169980,0.010949374064603633,"max of cart graph affinity from last 1 observed events restricted to clicks, with position weights; missing edges zero",fixed historical cutoff and observed prefix,False,duplicate,0.02103613810211899,0.01604714665201537,0.006719360431311872,graph_cart_clicks_n1_uniform_sum,,
float32,graph,4528.05419921875,0.0,0,0.6134416833815487,,graph_cart_clicks_n1_position_mean,,duplicate,169980,0.010949374064603633,"mean of cart graph affinity from last 1 observed events restricted to clicks, with position weights; missing edges zero",fixed historical cutoff and observed prefix,False,duplicate,0.02103613810211899,0.01604714665201537,0.006719360431311872,graph_cart_clicks_n1_uniform_sum,,
float32,graph,0.0,0.0,0,1.0,,graph_cart_clicks_n1_position_std,,constant,1,0.0,"std of cart graph affinity from last 1 observed events restricted to clicks, with position weights; missing edges zero",fixed historical cutoff and observed prefix,False,constant,0.0,0.0,0.0,,,
float32,graph,4528.05419921875,0.0,0,0.6134416833815487,,graph_cart_clicks_n1_hour_sum,,duplicate,169980,0.010949374064603633,"sum of cart graph affinity from last 1 observed events restricted to clicks, with hour weights; missing edges zero",fixed historical cutoff and observed prefix,False,duplicate,0.02103613810211899,0.01604714665201537,0.006719360431311872,graph_cart_clicks_n1_uniform_sum,,
float32,graph,4528.05419921875,0.0,0,0.6134416833815487,,graph_cart_clicks_n1_hour_max,,duplicate,169980,0.010949374064603633,"max of cart graph affinity from last 1 observed events restricted to clicks, with hour weights; missing edges zero",fixed historical cutoff and observed prefix,False,duplicate,0.02103613810211899,0.01604714665201537,0.006719360431311872,graph_cart_clicks_n1_uniform_sum,,
float32,graph,4528.05419921875,0.0,0,0.6134416833815487,,graph_cart_clicks_n1_hour_mean,,duplicate,169980,0.010949374064603633,"mean of cart graph affinity from last 1 observed events restricted to clicks, with hour weights; missing edges zero",fixed historical cutoff and observed prefix,False,duplicate,0.02103613810211899,0.01604714665201537,0.006719360431311872,graph_cart_clicks_n1_uniform_sum,,
float32,graph,0.0,0.0,0,1.0,,graph_cart_clicks_n1_hour_std,,constant,1,0.0,"std of cart graph affinity from last 1 observed events restricted to clicks, with hour weights; missing edges zero",fixed historical cutoff and observed prefix,False,constant,0.0,0.0,0.0,,,
float32,graph,4528.05419921875,0.0,0,0.6134416833815487,,graph_cart_clicks_n1_six_hours_sum,,duplicate,169980,0.010949374064603633,"sum of cart graph affinity from last 1 observed events restricted to clicks, with six_hours weights; missing edges zero",fixed historical cutoff and observed prefix,False,duplicate,0.02103613810211899,0.01604714665201537,0.006719360431311872,graph_cart_clicks_n1_uniform_sum,,
float32,graph,4528.05419921875,0.0,0,0.6134416833815487,,graph_cart_clicks_n1_six_hours_max,,duplicate,169980,0.010949374064603633,"max of cart graph affinity from last 1 observed events restricted to clicks, with six_hours weights; missing edges zero",fixed historical cutoff and observed prefix,False,duplicate,0.02103613810211899,0.01604714665201537,0.006719360431311872,graph_cart_clicks_n1_uniform_sum,,
float32,graph,4528.05419921875,0.0,0,0.6134416833815487,,graph_cart_clicks_n1_six_hours_mean,,duplicate,169980,0.010949374064603633,"mean of cart graph affinity from last 1 observed events restricted to clicks, with six_hours weights; missing edges zero",fixed historical cutoff and observed prefix,False,duplicate,0.02103613810211899,0.01604714665201537,0.006719360431311872,graph_cart_clicks_n1_uniform_sum,,
float32,graph,0.0,0.0,0,1.0,,graph_cart_clicks_n1_six_hours_std,,constant,1,0.0,"std of cart graph affinity from last 1 observed events restricted to clicks, with six_hours weights; missing edges zero",fixed historical cutoff and observed prefix,False,constant,0.0,0.0,0.0,,,
float32,graph,13584.162109375,0.0,0,0.4983006266378477,7.495404383763448e-05,graph_cart_clicks_n3_uniform_sum,1.0,capacity,227185,0.014591241008395171,"sum of cart graph affinity from last 3 observed events restricted to clicks, with uniform weights; missing edges zero",fixed historical cutoff and observed prefix,False,capacity,0.019849874242684664,0.02752832872668746,0.007246258276867446,,,
float32,graph,4528.05419921875,0.0,0,0.4983006266378477,5.2525166791891265e-06,graph_cart_clicks_n3_uniform_max,0.6666666666666666,capacity,212746,0.014138537875853171,"max of cart graph affinity from last 3 observed events restricted to clicks, with uniform weights; missing edges zero",fixed historical cutoff and observed prefix,False,capacity,0.02216203084374276,0.026328087476584466,0.006706514247505924,,,
float32,graph,4528.05419921875,0.0,0,0.4983006266378477,6.225565128910992e-05,graph_cart_clicks_n3_uniform_mean,1.0,capacity,233032,0.012918270899554975,"mean of cart graph affinity from last 3 observed events restricted to clicks, with uniform weights; missing edges zero",fixed historical cutoff and observed prefix,False,capacity,0.020353817332463314,0.022728384307948418,0.006773956456540198,,,
float32,graph,2264.027099609375,0.0,0,0.766649870723114,1.1725139419477396e-05,graph_cart_clicks_n3_uniform_std,1.0,capacity,113568,0.010520701329182425,"std of cart graph affinity from last 3 observed events restricted to clicks, with uniform weights; missing edges zero",fixed historical cutoff and observed prefix,False,capacity,0.016720223534896404,0.022803446758685102,0.0033460749134787576,,,
float32,graph,10344.1455078125,0.0,0,0.4983006266378477,3.3182205445944696e-05,graph_cart_clicks_n3_position_sum,1.0,capacity,234053,0.014229474599381703,"sum of cart graph affinity from last 3 observed events restricted to clicks, with position weights; missing edges zero",fixed historical cutoff and observed prefix,False,capacity,0.02110964552401003,0.025793377702034485,0.00730082789395059,,,
float32,graph,4528.05419921875,0.0,0,0.4983006266378477,0.00010954407468488772,graph_cart_clicks_n3_position_max,1.0,capacity,224962,0.013819037550086326,"max of cart graph affinity from last 3 observed events restricted to clicks, with position weights; missing edges zero",fixed historical cutoff and observed prefix,False,capacity,0.022734343328813026,0.02457469011928699,0.0069553269690315455,,,
float32,graph,4528.05419921875,0.0,0,0.4983006266378477,0.00012938647219389555,graph_cart_clicks_n3_position_mean,1.0,capacity,235711,0.012944076551968456,"mean of cart graph affinity from last 3 observed events restricted to clicks, with position weights; missing edges zero",fixed historical cutoff and observed prefix,False,capacity,0.02066835697995894,0.022371714780713762,0.006942877366264055,,,
float32,graph,2246.4072265625,0.0,0,0.754547063984763,0.00019222238579817247,graph_cart_clicks_n3_position_std,1.0,capacity,114966,0.01064578826475435,"std of cart graph affinity from last 3 observed events restricted to clicks, with position weights; missing edges zero",fixed historical cutoff and observed prefix,False,capacity,0.016755679719175073,0.023116320555304545,0.0033922068770757996,,,
float32,graph,13569.671875,0.0,0,0.4983006266378477,6.866811404458712e-05,graph_cart_clicks_n3_hour_sum,1.0,capacity,237297,0.014867225373034042,"sum of cart graph affinity from last 3 observed events restricted to clicks, with hour weights; missing edges zero",fixed historical cutoff and observed prefix,False,capacity,0.020555592664296664,0.02795241501280315,0.007376569337939054,,,
float32,graph,4528.05419921875,0.0,0,0.4983006266378477,1.6434488133821743e-05,graph_cart_clicks_n3_hour_max,1.0,capacity,230221,0.014421857548013166,"max of cart graph affinity from last 3 observed events restricted to clicks, with hour weights; missing edges zero",fixed historical cutoff and observed prefix,False,capacity,0.022819232476850786,0.026736386281299127,0.0068650306932305834,,,
float32,graph,4528.05419921875,0.0,0,0.4983006266378477,8.384157129031409e-05,graph_cart_clicks_n3_hour_mean,0.6666666666666666,capacity,238020,0.01297120749312694,"mean of cart graph affinity from last 3 observed events restricted to clicks, with hour weights; missing edges zero",fixed historical cutoff and observed prefix,False,capacity,0.020606305298005154,0.022799966616552567,0.0067843116306010925,,,
float32,graph,2148.890625,0.0,0,0.7627277909313578,5.393084270883511e-05,graph_cart_clicks_n3_hour_std,1.0,capacity,116267,0.010867570202351013,"std of cart graph affinity from last 3 observed events restricted to clicks, with hour weights; missing edges zero",fixed historical cutoff and observed prefix,False,capacity,0.017391224195444043,0.023460874567702263,0.003483642354159883,,,
float32,graph,13581.74609375,0.0,0,0.4983006266378477,1.1837427765892304e-05,graph_cart_clicks_n3_six_hours_sum,1.0,capacity,237171,0.014783253818389856,"sum of cart graph affinity from last 3 observed events restricted to clicks, with six_hours weights; missing edges zero",fixed historical cutoff and observed prefix,False,capacity,0.020263073582337438,0.027839458018737964,0.00734184842422454,,,
float32,graph,4528.05419921875,0.0,0,0.4983006266378477,1.7763413864809237e-05,graph_cart_clicks_n3_six_hours_max,0.6666666666666666,capacity,229994,0.01431873394937473,"max of cart graph affinity from last 3 observed events restricted to clicks, with six_hours weights; missing edges zero",fixed historical cutoff and observed prefix,False,capacity,0.022554215645551528,0.026618961163144186,0.0067960400597938675,,,
float32,graph,4528.0546875,0.0,0,0.4983006266378477,5.138075388521062e-05,graph_cart_clicks_n3_six_hours_mean,1.0,capacity,238187,0.012959070483573547,"mean of cart graph affinity from last 3 observed events restricted to clicks, with six_hours weights; missing edges zero",fixed historical cutoff and observed prefix,False,capacity,0.02049776176177683,0.022799665346236626,0.006782324505874793,,,
float32,graph,2259.189453125,0.0,0,0.7600936163093152,9.701841635140809e-05,graph_cart_clicks_n3_six_hours_std,1.0,capacity,117397,0.010730425671174692,"std of cart graph affinity from last 3 observed events restricted to clicks, with six_hours weights; missing edges zero",fixed historical cutoff and observed prefix,False,capacity,0.017057560822203936,0.02316353891564019,0.0034593465237704028,,,
float32,graph,18112.216796875,0.0,0,0.46770801516693156,0.00014512813653393063,graph_cart_clicks_n5_uniform_sum,0.6666666666666666,capacity,241952,0.01982206253784617,"sum of cart graph affinity from last 5 observed events restricted to clicks, with uniform weights; missing edges zero",fixed historical cutoff and observed prefix,False,capacity,0.020272253064298237,0.03589844209435184,0.011708841005184654,,,
float32,graph,4528.05419921875,0.0,0,0.46770801516693156,0.0,graph_cart_clicks_n5_uniform_max,0.0,redundant,223355,0.017681895185782354,"max of cart graph affinity from last 5 observed events restricted to clicks, with uniform weights; missing edges zero",fixed historical cutoff and observed prefix,False,redundant,0.02201272179381364,0.03073397776301107,0.010434049462496113,,0.9996721747674936,graph_cart_all_n5_uniform_max
float32,graph,4528.05419921875,0.0,0,0.46770801516693156,1.3432153722274042e-05,graph_cart_clicks_n5_uniform_mean,0.6666666666666666,capacity,249101,0.01489340284627275,"mean of cart graph affinity from last 5 observed events restricted to clicks, with uniform weights; missing edges zero",fixed historical cutoff and observed prefix,False,capacity,0.021108530593250626,0.02478284901933637,0.008912825135244629,,,
float32,graph,2264.027099609375,0.0,0,0.7279776970621366,4.2440451855689963e-05,graph_cart_clicks_n5_uniform_std,0.6666666666666666,capacity,133046,0.01527750767173562,"std of cart graph affinity from last 5 observed events restricted to clicks, with uniform weights; missing edges zero",fixed historical cutoff and observed prefix,False,capacity,0.01597042902734169,0.029382961370531972,0.008109293929736432,,,
float32,graph,12608.1728515625,0.0,0,0.46770801516693156,6.739087153599439e-06,graph_cart_clicks_n5_position_sum,0.6666666666666666,capacity,249810,0.017816389039158366,"sum of cart graph affinity from last 5 observed events restricted to clicks, with position weights; missing edges zero",fixed historical cutoff and observed prefix,False,capacity,0.02161681912220994,0.031681900109803054,0.010250228489994092,,,
float32,graph,4528.05419921875,0.0,0,0.46770801516693156,7.475138566687145e-05,graph_cart_clicks_n5_position_max,1.0,capacity,239978,0.015925618790988232,"max of cart graph affinity from last 5 observed events restricted to clicks, with position weights; missing edges zero",fixed historical cutoff and observed prefix,False,capacity,0.022808906301093185,0.0273259053294082,0.00907826093676076,,,
float32,graph,4528.05419921875,0.0,0,0.46770801516693156,7.374067886672863e-05,graph_cart_clicks_n5_position_mean,1.0,capacity,251952,0.014633063868753139,"mean of cart graph affinity from last 5 observed events restricted to clicks, with position weights; missing edges zero",fixed historical cutoff and observed prefix,False,capacity,0.021358763216325374,0.024024241329111132,0.008816525247312103,,,
float32,graph,2246.4072265625,0.0,0,0.7174157073848327,2.2298538294175787e-05,graph_cart_clicks_n5_position_std,1.0,capacity,134752,0.015450094640190657,"std of cart graph affinity from last 5 observed events restricted to clicks, with position weights; missing edges zero",fixed historical cutoff and observed prefix,False,capacity,0.016344672295806974,0.030018461912920177,0.008016814727889844,,,
float32,graph,18007.62109375,0.0,0,0.46770801516693156,0.00013857937859414234,graph_cart_clicks_n5_hour_sum,1.0,capacity,253144,0.020075846786772714,"sum of cart graph affinity from last 5 observed events restricted to clicks, with hour weights; missing edges zero",fixed historical cutoff and observed prefix,False,capacity,0.0209568123873856,0.036666376159290616,0.011633754500411616,,,
float32,graph,4528.05419921875,0.0,0,0.46770801516693156,4.82204611750723e-05,graph_cart_clicks_n5_hour_max,1.0,redundant,245916,0.0179122508161995,"max of cart graph affinity from last 5 observed events restricted to clicks, with hour weights; missing edges zero",fixed historical cutoff and observed prefix,False,redundant,0.022874253252088646,0.03146003636598604,0.01031135763532471,,0.9955028210278546,graph_cart_all_n5_uniform_max
float32,graph,4528.05419921875,0.0,0,0.46770801516693156,7.719268432577957e-06,graph_cart_clicks_n5_hour_mean,1.0,capacity,254326,0.014890823560626883,"mean of cart graph affinity from last 5 observed events restricted to clicks, with hour weights; missing edges zero",fixed historical cutoff and observed prefix,False,capacity,0.021377945002653897,0.024949197945501645,0.008780449461185,,,
float32,graph,2262.480224609375,0.0,0,0.7249057903204783,1.317894838115056e-05,graph_cart_clicks_n5_hour_std,0.6666666666666666,capacity,135916,0.015770264759419325,"std of cart graph affinity from last 5 observed events restricted to clicks, with hour weights; missing edges zero",fixed historical cutoff and observed prefix,False,capacity,0.016751969440327863,0.03040711462475447,0.008288222379933667,,,
float32,graph,18094.65625,0.0,0,0.46770801516693156,1.154124757234455e-05,graph_cart_clicks_n5_six_hours_sum,0.6666666666666666,capacity,253044,0.020051451563441545,"sum of cart graph affinity from last 5 observed events restricted to clicks, with six_hours weights; missing edges zero",fixed historical cutoff and observed prefix,False,capacity,0.02067017983615037,0.03638766144050955,0.011780225246122739,,,
float32,graph,4528.05419921875,0.0,0,0.46770801516693156,5.873647156958201e-06,graph_cart_clicks_n5_six_hours_max,1.0,redundant,245720,0.017886178901744737,"max of cart graph affinity from last 5 observed events restricted to clicks, with six_hours weights; missing edges zero",fixed historical cutoff and observed prefix,False,redundant,0.022529871297836623,0.03119570429186342,0.010457467474003413,,0.9977300048797415,graph_cart_all_n5_uniform_max
float32,graph,4528.0546875,0.0,0,0.46770801516693156,2.0336111923447174e-05,graph_cart_clicks_n5_six_hours_mean,1.0,capacity,254523,0.014936748970620377,"mean of cart graph affinity from last 5 observed events restricted to clicks, with six_hours weights; missing edges zero",fixed historical cutoff and observed prefix,False,capacity,0.021297405173195103,0.024953353106148733,0.008868337535760414,,,
float32,graph,2262.51025390625,0.0,0,0.7218786295288252,2.481648918452451e-05,graph_cart_clicks_n5_six_hours_std,0.6666666666666666,capacity,137264,0.015510461480409092,"std of cart graph affinity from last 5 observed events restricted to clicks, with six_hours weights; missing edges zero",fixed historical cutoff and observed prefix,False,capacity,0.01636765649464243,0.029848287550258916,0.008198682609778626,,,
float32,graph,22640.271484375,0.0,0,0.44091297301819216,9.631834093856987e-05,graph_cart_clicks_n10_uniform_sum,1.0,capacity,254522,0.023798594877680938,"sum of cart graph affinity from last 10 observed events restricted to clicks, with uniform weights; missing edges zero",fixed historical cutoff and observed prefix,False,capacity,0.019626201834700187,0.04176000524277235,0.015513288535632023,,,
float32,graph,4528.05419921875,0.0,0,0.44091297301819216,2.8450250893752764e-06,graph_cart_clicks_n10_uniform_max,0.6666666666666666,capacity,232515,0.02137840080317923,"max of cart graph affinity from last 10 observed events restricted to clicks, with uniform weights; missing edges zero",fixed historical cutoff and observed prefix,False,capacity,0.021910036787661576,0.03446227004251413,0.01474786018609806,,,
float32,graph,4528.05419921875,0.0,0,0.44091297301819216,9.600467056549907e-05,graph_cart_clicks_n10_uniform_mean,1.0,capacity,262595,0.014466691942264553,"mean of cart graph affinity from last 10 observed events restricted to clicks, with uniform weights; missing edges zero",fixed historical cutoff and observed prefix,False,capacity,0.0212788681939174,0.02413269060883046,0.008498329900372794,,,
float32,graph,2264.027099609375,0.0,0,0.6996768564219192,8.614609534435704e-06,graph_cart_clicks_n10_uniform_std,0.6666666666666666,capacity,147195,0.020466378064194626,"std of cart graph affinity from last 10 observed events restricted to clicks, with uniform weights; missing edges zero",fixed historical cutoff and observed prefix,False,capacity,0.01602510703312596,0.03239120383594391,0.015244177016831426,,,
float32,graph,12608.1728515625,0.0,0,0.44091297301819216,2.228397913445956e-05,graph_cart_clicks_n10_position_sum,0.6666666666666666,capacity,263320,0.020640415112681214,"sum of cart graph affinity from last 10 observed events restricted to clicks, with position weights; missing edges zero",fixed historical cutoff and observed prefix,False,capacity,0.021653964814519925,0.03602003509352323,0.012781680171953753,,,
float32,graph,4528.05419921875,0.0,0,0.44091297301819216,1.460465321012118e-05,graph_cart_clicks_n10_position_max,1.0,capacity,253171,0.01771857208451061,"max of cart graph affinity from last 10 observed events restricted to clicks, with position weights; missing edges zero",fixed historical cutoff and observed prefix,False,capacity,0.02289386711584239,0.0291665887871483,0.01113201456130313,,,
float32,graph,4528.05419921875,0.0,0,0.44091297301819216,5.4030123098161035e-05,graph_cart_clicks_n10_position_mean,1.0,capacity,265976,0.014524281219478661,"mean of cart graph affinity from last 10 observed events restricted to clicks, with position weights; missing edges zero",fixed historical cutoff and observed prefix,False,capacity,0.02160783548117696,0.02384130665631667,0.00868517612410994,,,
float32,graph,2246.4072265625,0.0,0,0.6896012357664105,0.0,graph_cart_clicks_n10_position_std,0.0,capacity,149513,0.02062058960224074,"std of cart graph affinity from last 10 observed events restricted to clicks, with position weights; missing edges zero",fixed historical cutoff and observed prefix,False,capacity,0.016382837312924413,0.03350060058550267,0.014886876158829165,,,
float32,graph,21521.86328125,0.0,0,0.44091297301819216,3.064544391287137e-05,graph_cart_clicks_n10_hour_sum,1.0,capacity,266909,0.024453986152319352,"sum of cart graph affinity from last 10 observed events restricted to clicks, with hour weights; missing edges zero",fixed historical cutoff and observed prefix,False,capacity,0.02094657181345265,0.043314412033797704,0.015608342268057959,,,
float32,graph,4528.05419921875,0.0,0,0.44091297301819216,1.6053994207129286e-05,graph_cart_clicks_n10_hour_max,1.0,capacity,259687,0.02188571949898078,"max of cart graph affinity from last 10 observed events restricted to clicks, with hour weights; missing edges zero",fixed historical cutoff and observed prefix,False,capacity,0.02346785121712794,0.03568345957413731,0.014723160841711326,,,
float32,graph,4528.05419921875,0.0,0,0.44091297301819216,2.9715017842462204e-05,graph_cart_clicks_n10_hour_mean,1.0,capacity,268014,0.015038356812106364,"mean of cart graph affinity from last 10 observed events restricted to clicks, with hour weights; missing edges zero",fixed historical cutoff and observed prefix,False,capacity,0.021783969769134586,0.025431261373424035,0.00871763570527616,,,
float32,graph,2135.419677734375,0.0,0,0.6970310089433536,4.283486467870348e-06,graph_cart_clicks_n10_hour_std,0.6666666666666666,capacity,150157,0.021622855058184957,"std of cart graph affinity from last 10 observed events restricted to clicks, with hour weights; missing edges zero",fixed historical cutoff and observed prefix,False,capacity,0.017310446920978585,0.03500008007506348,0.015652977239280094,,,
float32,graph,22449.796875,0.0,0,0.44091297301819216,7.388993010226903e-05,graph_cart_clicks_n10_six_hours_sum,0.6666666666666666,capacity,266816,0.024286222389744126,"sum of cart graph affinity from last 10 observed events restricted to clicks, with six_hours weights; missing edges zero",fixed historical cutoff and observed prefix,False,capacity,0.020274480928507605,0.042668084025126216,0.015763915148925837,,,
float32,graph,4528.05419921875,0.0,0,0.44091297301819216,1.0876669751380507e-05,graph_cart_clicks_n10_six_hours_max,0.3333333333333333,capacity,259515,0.021882028132523802,"max of cart graph affinity from last 10 observed events restricted to clicks, with six_hours weights; missing edges zero",fixed historical cutoff and observed prefix,False,capacity,0.02281108984213977,0.035341336666274176,0.014997530247379287,,,
float32,graph,4528.0546875,0.0,0,0.44091297301819216,2.3853093721586617e-05,graph_cart_clicks_n10_six_hours_mean,0.6666666666666666,capacity,268251,0.014886070414267615,"mean of cart graph affinity from last 10 observed events restricted to clicks, with six_hours weights; missing edges zero",fixed historical cutoff and observed prefix,False,capacity,0.021661611707733907,0.025200939668999556,0.008599378904657264,,,
float32,graph,2259.189453125,0.0,0,0.6938851741103824,1.350887597931478e-05,graph_cart_clicks_n10_six_hours_std,0.3333333333333333,capacity,151663,0.021072059065161297,"std of cart graph affinity from last 10 observed events restricted to clicks, with six_hours weights; missing edges zero",fixed historical cutoff and observed prefix,False,capacity,0.016575489333841443,0.03374599047598294,0.015484521648303787,,,
float32,graph,24223.26953125,0.0,0,0.4288879853233284,1.0145583907407633e-05,graph_cart_clicks_n20_uniform_sum,1.0,capacity,260313,0.023426249784107137,"sum of cart graph affinity from last 20 observed events restricted to clicks, with uniform weights; missing edges zero",fixed historical cutoff and observed prefix,False,capacity,0.01778715523093256,0.040999836325045634,0.015579305605833652,,,
float32,graph,4528.05419921875,0.0,0,0.4288879853233284,3.119392390046749e-05,graph_cart_clicks_n20_uniform_max,1.0,capacity,236535,0.021828232621698817,"max of cart graph affinity from last 20 observed events restricted to clicks, with uniform weights; missing edges zero",fixed historical cutoff and observed prefix,False,capacity,0.02086864494513303,0.0343472014415951,0.01572867949117831,,,
float32,graph,4528.05419921875,0.0,0,0.4288879853233284,2.3527591082625913e-05,graph_cart_clicks_n20_uniform_mean,1.0,capacity,268562,0.014218823201395918,"mean of cart graph affinity from last 20 observed events restricted to clicks, with uniform weights; missing edges zero",fixed historical cutoff and observed prefix,False,capacity,0.021132769384695486,0.024233795918359096,0.008059012479031067,,,
float32,graph,2264.027099609375,0.0,0,0.687560431350958,2.8528821729460157e-05,graph_cart_clicks_n20_uniform_std,1.0,capacity,153223,0.02033546631021335,"std of cart graph affinity from last 20 observed events restricted to clicks, with uniform weights; missing edges zero",fixed historical cutoff and observed prefix,False,capacity,0.015038334991028511,0.03161346460820385,0.015579322381082242,,,
float32,graph,12608.1728515625,0.0,0,0.4288879853233284,0.0001503743838802868,graph_cart_clicks_n20_position_sum,1.0,capacity,269401,0.021503910795531454,"sum of cart graph affinity from last 20 observed events restricted to clicks, with position weights; missing edges zero",fixed historical cutoff and observed prefix,False,capacity,0.02129021285969214,0.037468064826376137,0.013557450102748999,,,
float32,graph,4528.05419921875,0.0,0,0.4288879853233284,1.7537586709874818e-05,graph_cart_clicks_n20_position_max,0.6666666666666666,capacity,259133,0.017938585080277115,"max of cart graph affinity from last 20 observed events restricted to clicks, with position weights; missing edges zero",fixed historical cutoff and observed prefix,False,capacity,0.022589070556926005,0.029142979164352135,0.011561307125464793,,,
float32,graph,4528.05419921875,0.0,0,0.4288879853233284,4.0514190783561636e-05,graph_cart_clicks_n20_position_mean,0.6666666666666666,capacity,272298,0.014381418135989964,"mean of cart graph affinity from last 20 observed events restricted to clicks, with position weights; missing edges zero",fixed historical cutoff and observed prefix,False,capacity,0.021547542048284535,0.023914385302573192,0.008420580567315922,,,
float32,graph,2249.982177734375,0.0,0,0.6775217747411058,0.0,graph_cart_clicks_n20_position_std,0.0,capacity,155854,0.02081596387168901,"std of cart graph affinity from last 20 observed events restricted to clicks, with position weights; missing edges zero",fixed historical cutoff and observed prefix,False,capacity,0.015615875453443931,0.033057186270062724,0.015562034075543001,,,
float32,graph,21873.607421875,0.0,0,0.4288879853233284,3.761326843326272e-05,graph_cart_clicks_n20_hour_sum,1.0,capacity,273054,0.02438652164196083,"sum of cart graph affinity from last 20 observed events restricted to clicks, with hour weights; missing edges zero",fixed historical cutoff and observed prefix,False,capacity,0.01981578170106276,0.04334035773022117,0.015671393587980337,,,
float32,graph,4528.05419921875,0.0,0,0.4288879853233284,1.0232342533104419e-05,graph_cart_clicks_n20_hour_max,1.0,capacity,265848,0.022330056062183624,"max of cart graph affinity from last 20 observed events restricted to clicks, with hour weights; missing edges zero",fixed historical cutoff and observed prefix,False,capacity,0.022900594377080204,0.03583774952856264,0.015481119609844687,,,
float32,graph,4528.05419921875,0.0,0,0.4288879853233284,6.350236121739852e-05,graph_cart_clicks_n20_hour_mean,0.6666666666666666,capacity,274139,0.015086608565693277,"mean of cart graph affinity from last 20 observed events restricted to clicks, with hour weights; missing edges zero",fixed historical cutoff and observed prefix,False,capacity,0.021756929241565512,0.025764803360001885,0.0086357910558936,,,
float32,graph,2199.629150390625,0.0,0,0.6849690572028334,9.632839674040553e-06,graph_cart_clicks_n20_hour_std,0.6666666666666666,capacity,156310,0.021799474514349552,"std of cart graph affinity from last 20 observed events restricted to clicks, with hour weights; missing edges zero",fixed historical cutoff and observed prefix,False,capacity,0.016651714940708787,0.034879053948124024,0.016117644726402446,,,
float32,graph,22923.52734375,0.0,0,0.4288879853233284,2.515967917490588e-05,graph_cart_clicks_n20_six_hours_sum,0.6666666666666666,capacity,272974,0.024058122113839873,"sum of cart graph affinity from last 20 observed events restricted to clicks, with six_hours weights; missing edges zero",fixed historical cutoff and observed prefix,False,capacity,0.01864216981630481,0.042140855472670505,0.015919414150680405,,,
float32,graph,4528.05419921875,0.0,0,0.4288879853233284,4.863925854131147e-06,graph_cart_clicks_n20_six_hours_max,0.6666666666666666,capacity,265685,0.022374280932173543,"max of cart graph affinity from last 20 observed events restricted to clicks, with six_hours weights; missing edges zero",fixed historical cutoff and observed prefix,False,capacity,0.021993388660089413,0.03541942888999583,0.015915188998609758,,,
float32,graph,4528.0546875,0.0,0,0.4288879853233284,3.347223943746779e-05,graph_cart_clicks_n20_six_hours_mean,1.0,capacity,274381,0.014769757303272516,"mean of cart graph affinity from last 20 observed events restricted to clicks, with six_hours weights; missing edges zero",fixed historical cutoff and observed prefix,False,capacity,0.021562127779987814,0.025475115594029856,0.00828501641177463,,,
float32,graph,2259.189453125,0.0,0,0.6818134949894263,3.6278317240298517e-06,graph_cart_clicks_n20_six_hours_std,0.6666666666666666,capacity,157849,0.02112776532936015,"std of cart graph affinity from last 20 observed events restricted to clicks, with six_hours weights; missing edges zero",fixed historical cutoff and observed prefix,False,capacity,0.01573614645148447,0.033443842189571804,0.01586833004556694,,,
float32,graph,63894.96875,0.0,0,0.42439977199020257,9.768476927132595e-06,graph_cart_clicks_n50_uniform_sum,0.6666666666666666,capacity,262475,0.021072507545341346,"sum of cart graph affinity from last 50 observed events restricted to clicks, with uniform weights; missing edges zero",fixed historical cutoff and observed prefix,False,capacity,0.01677664616736156,0.03837128325215512,0.013139096588264421,,,
float32,graph,4528.05419921875,0.0,0,0.42439977199020257,1.8970308156101374e-05,graph_cart_clicks_n50_uniform_max,1.0,capacity,238037,0.02225818808143897,"max of cart graph affinity from last 50 observed events restricted to clicks, with uniform weights; missing edges zero",fixed historical cutoff and observed prefix,False,capacity,0.020469504305433383,0.03404445465976437,0.016663168754943867,,,
float32,graph,4528.05419921875,0.0,0,0.42439977199020257,1.1131758173512767e-05,graph_cart_clicks_n50_uniform_mean,0.6666666666666666,capacity,270897,0.014294465761058034,"mean of cart graph affinity from last 50 observed events restricted to clicks, with uniform weights; missing edges zero",fixed historical cutoff and observed prefix,False,capacity,0.021408495309300772,0.02457914199560914,0.007966456052408692,,,
float32,graph,2264.027099609375,0.0,0,0.6830722180178322,1.4436216916264663e-06,graph_cart_clicks_n50_uniform_std,0.3333333333333333,capacity,155534,0.020417318781321452,"std of cart graph affinity from last 50 observed events restricted to clicks, with uniform weights; missing edges zero",fixed historical cutoff and observed prefix,False,capacity,0.01497888988244713,0.03140453871141542,0.015830113632753523,,,
float32,graph,15332.6103515625,0.0,0,0.42439977199020257,6.34435432862492e-06,graph_cart_clicks_n50_position_sum,0.6666666666666666,capacity,271729,0.02180847673375228,"sum of cart graph affinity from last 50 observed events restricted to clicks, with position weights; missing edges zero",fixed historical cutoff and observed prefix,False,capacity,0.021581433291834474,0.03871168546566388,0.013394712941449451,,,
float32,graph,4528.05419921875,0.0,0,0.42439977199020257,8.435981434373471e-05,graph_cart_clicks_n50_position_max,1.0,capacity,261397,0.01808313297084706,"max of cart graph affinity from last 50 observed events restricted to clicks, with position weights; missing edges zero",fixed historical cutoff and observed prefix,False,capacity,0.022541527051669223,0.029142298295280766,0.01181048462849318,,,
float32,graph,4528.05419921875,0.0,0,0.42439977199020257,3.553808549891621e-05,graph_cart_clicks_n50_position_mean,1.0,capacity,274634,0.014449016461549643,"mean of cart graph affinity from last 50 observed events restricted to clicks, with position weights; missing edges zero",fixed historical cutoff and observed prefix,False,capacity,0.021762921294074374,0.024184855022560563,0.008362113042290063,,,
float32,graph,2246.4072265625,0.0,0,0.67303356140798,4.69288682427235e-05,graph_cart_clicks_n50_position_std,1.0,capacity,158191,0.02092831108170196,"std of cart graph affinity from last 50 observed events restricted to clicks, with position weights; missing edges zero",fixed historical cutoff and observed prefix,False,capacity,0.015590914162139497,0.03299942379873199,0.015782320876447355,,,
float32,graph,57485.91796875,0.0,0,0.42439977199020257,2.3674747381894715e-05,graph_cart_clicks_n50_hour_sum,1.0,capacity,275354,0.023895420307736198,"sum of cart graph affinity from last 50 observed events restricted to clicks, with hour weights; missing edges zero",fixed historical cutoff and observed prefix,False,capacity,0.02065837264177941,0.044763320268528875,0.014000978271665989,,,
float32,graph,4528.05419921875,0.0,0,0.42439977199020257,7.660149741062094e-06,graph_cart_clicks_n50_hour_max,0.6666666666666666,capacity,268151,0.022567675335342055,"max of cart graph affinity from last 50 observed events restricted to clicks, with hour weights; missing edges zero",fixed historical cutoff and observed prefix,False,capacity,0.022762320459782017,0.035714713519753465,0.015961715389063026,,,
float32,graph,4528.05419921875,0.0,0,0.42439977199020257,1.328377216469151e-05,graph_cart_clicks_n50_hour_mean,0.6666666666666666,capacity,276439,0.01520919659994841,"mean of cart graph affinity from last 50 observed events restricted to clicks, with hour weights; missing edges zero",fixed historical cutoff and observed prefix,False,capacity,0.022069255756427684,0.026189424461504785,0.008575739476423677,,,
float32,graph,2135.671875,0.0,0,0.6804808438697075,1.2114611202613477e-05,graph_cart_clicks_n50_hour_std,0.6666666666666666,capacity,158609,0.021788268454190542,"std of cart graph affinity from last 50 observed events restricted to clicks, with hour weights; missing edges zero",fixed historical cutoff and observed prefix,False,capacity,0.016599815180135397,0.03468701341244088,0.0162036381874079,,,
float32,graph,62769.8984375,0.0,0,0.42439977199020257,9.887352999312513e-06,graph_cart_clicks_n50_six_hours_sum,0.6666666666666666,capacity,275279,0.022847048754206387,"sum of cart graph affinity from last 50 observed events restricted to clicks, with six_hours weights; missing edges zero",fixed historical cutoff and observed prefix,False,capacity,0.018799867329974483,0.04201105441204095,0.013939576162661093,,,
float32,graph,4528.05419921875,0.0,0,0.42439977199020257,5.857941055305463e-06,graph_cart_clicks_n50_six_hours_max,0.6666666666666666,capacity,267996,0.02268072158434743,"max of cart graph affinity from last 50 observed events restricted to clicks, with six_hours weights; missing edges zero",fixed historical cutoff and observed prefix,False,capacity,0.02174527927861909,0.03511961297176996,0.01661718294159089,,,
float32,graph,4528.0546875,0.0,0,0.42439977199020257,9.708384656510815e-06,graph_cart_clicks_n50_six_hours_mean,0.6666666666666666,capacity,276673,0.014854592566467303,"mean of cart graph affinity from last 50 observed events restricted to clicks, with six_hours weights; missing edges zero",fixed historical cutoff and observed prefix,False,capacity,0.02184239185738829,0.025846025447916643,0.008194242910589138,,,
float32,graph,2259.189453125,0.0,0,0.6773252816563006,4.513683864441028e-05,graph_cart_clicks_n50_six_hours_std,0.6666666666666666,capacity,160143,0.021154455668892402,"std of cart graph affinity from last 50 observed events restricted to clicks, with six_hours weights; missing edges zero",fixed historical cutoff and observed prefix,False,capacity,0.01567367269405592,0.03319602249117666,0.016047136086889686,,,
float32,graph,4528.05419921875,0.0,0,0.9801133434368391,4.7490971668052463e-05,graph_cart_carts_n1_uniform_sum,0.6666666666666666,capacity,9678,0.004343990040972052,"sum of cart graph affinity from last 1 observed events restricted to carts, with uniform weights; missing edges zero",fixed historical cutoff and observed prefix,False,capacity,0.0019291782701292568,0.009707342464411553,0.0020647824577261003,,,
float32,graph,4528.05419921875,0.0,0,0.9801133434368391,,graph_cart_carts_n1_uniform_max,,duplicate,9678,0.004343990040972052,"max of cart graph affinity from last 1 observed events restricted to carts, with uniform weights; missing edges zero",fixed historical cutoff and observed prefix,False,duplicate,0.0019291782701292568,0.009707342464411553,0.0020647824577261003,graph_cart_carts_n1_uniform_sum,,
float32,graph,4528.05419921875,0.0,0,0.9801133434368391,,graph_cart_carts_n1_uniform_mean,,duplicate,9678,0.004343990040972052,"mean of cart graph affinity from last 1 observed events restricted to carts, with uniform weights; missing edges zero",fixed historical cutoff and observed prefix,False,duplicate,0.0019291782701292568,0.009707342464411553,0.0020647824577261003,graph_cart_carts_n1_uniform_sum,,
float32,graph,0.0,0.0,0,1.0,,graph_cart_carts_n1_uniform_std,,constant,1,0.0,"std of cart graph affinity from last 1 observed events restricted to carts, with uniform weights; missing edges zero",fixed historical cutoff and observed prefix,False,constant,0.0,0.0,0.0,,,
float32,graph,4528.05419921875,0.0,0,0.9801133434368391,,graph_cart_carts_n1_position_sum,,duplicate,9678,0.004343990040972052,"sum of cart graph affinity from last 1 observed events restricted to carts, with position weights; missing edges zero",fixed historical cutoff and observed prefix,False,duplicate,0.0019291782701292568,0.009707342464411553,0.0020647824577261003,graph_cart_carts_n1_uniform_sum,,
float32,graph,4528.05419921875,0.0,0,0.9801133434368391,,graph_cart_carts_n1_position_max,,duplicate,9678,0.004343990040972052,"max of cart graph affinity from last 1 observed events restricted to carts, with position weights; missing edges zero",fixed historical cutoff and observed prefix,False,duplicate,0.0019291782701292568,0.009707342464411553,0.0020647824577261003,graph_cart_carts_n1_uniform_sum,,
float32,graph,4528.05419921875,0.0,0,0.9801133434368391,,graph_cart_carts_n1_position_mean,,duplicate,9678,0.004343990040972052,"mean of cart graph affinity from last 1 observed events restricted to carts, with position weights; missing edges zero",fixed historical cutoff and observed prefix,False,duplicate,0.0019291782701292568,0.009707342464411553,0.0020647824577261003,graph_cart_carts_n1_uniform_sum,,
float32,graph,0.0,0.0,0,1.0,,graph_cart_carts_n1_position_std,,constant,1,0.0,"std of cart graph affinity from last 1 observed events restricted to carts, with position weights; missing edges zero",fixed historical cutoff and observed prefix,False,constant,0.0,0.0,0.0,,,
float32,graph,4528.05419921875,0.0,0,0.9801133434368391,,graph_cart_carts_n1_hour_sum,,duplicate,9678,0.004343990040972052,"sum of cart graph affinity from last 1 observed events restricted to carts, with hour weights; missing edges zero",fixed historical cutoff and observed prefix,False,duplicate,0.0019291782701292568,0.009707342464411553,0.0020647824577261003,graph_cart_carts_n1_uniform_sum,,
float32,graph,4528.05419921875,0.0,0,0.9801133434368391,,graph_cart_carts_n1_hour_max,,duplicate,9678,0.004343990040972052,"max of cart graph affinity from last 1 observed events restricted to carts, with hour weights; missing edges zero",fixed historical cutoff and observed prefix,False,duplicate,0.0019291782701292568,0.009707342464411553,0.0020647824577261003,graph_cart_carts_n1_uniform_sum,,
float32,graph,4528.05419921875,0.0,0,0.9801133434368391,,graph_cart_carts_n1_hour_mean,,duplicate,9678,0.004343990040972052,"mean of cart graph affinity from last 1 observed events restricted to carts, with hour weights; missing edges zero",fixed historical cutoff and observed prefix,False,duplicate,0.0019291782701292568,0.009707342464411553,0.0020647824577261003,graph_cart_carts_n1_uniform_sum,,
float32,graph,0.0,0.0,0,1.0,,graph_cart_carts_n1_hour_std,,constant,1,0.0,"std of cart graph affinity from last 1 observed events restricted to carts, with hour weights; missing edges zero",fixed historical cutoff and observed prefix,False,constant,0.0,0.0,0.0,,,
float32,graph,4528.05419921875,0.0,0,0.9801133434368391,,graph_cart_carts_n1_six_hours_sum,,duplicate,9678,0.004343990040972052,"sum of cart graph affinity from last 1 observed events restricted to carts, with six_hours weights; missing edges zero",fixed historical cutoff and observed prefix,False,duplicate,0.0019291782701292568,0.009707342464411553,0.0020647824577261003,graph_cart_carts_n1_uniform_sum,,
float32,graph,4528.05419921875,0.0,0,0.9801133434368391,,graph_cart_carts_n1_six_hours_max,,duplicate,9678,0.004343990040972052,"max of cart graph affinity from last 1 observed events restricted to carts, with six_hours weights; missing edges zero",fixed historical cutoff and observed prefix,False,duplicate,0.0019291782701292568,0.009707342464411553,0.0020647824577261003,graph_cart_carts_n1_uniform_sum,,
float32,graph,4528.05419921875,0.0,0,0.9801133434368391,,graph_cart_carts_n1_six_hours_mean,,duplicate,9678,0.004343990040972052,"mean of cart graph affinity from last 1 observed events restricted to carts, with six_hours weights; missing edges zero",fixed historical cutoff and observed prefix,False,duplicate,0.0019291782701292568,0.009707342464411553,0.0020647824577261003,graph_cart_carts_n1_uniform_sum,,
float32,graph,0.0,0.0,0,1.0,,graph_cart_carts_n1_six_hours_std,,constant,1,0.0,"std of cart graph affinity from last 1 observed events restricted to carts, with six_hours weights; missing edges zero",fixed historical cutoff and observed prefix,False,constant,0.0,0.0,0.0,,,
float32,graph,9056.1083984375,0.0,0,0.9608161661280941,2.931608672358464e-05,graph_cart_carts_n3_uniform_sum,0.6666666666666666,capacity,18899,0.011651320247994056,"sum of cart graph affinity from last 3 observed events restricted to carts, with uniform weights; missing edges zero",fixed historical cutoff and observed prefix,False,capacity,0.003898420828883212,0.02087129104056139,0.00833348475489553,,,
float32,graph,4528.05419921875,0.0,0,0.9608161661280941,4.642471082424952e-06,graph_cart_carts_n3_uniform_max,0.3333333333333333,capacity,18818,0.011132724056565674,"max of cart graph affinity from last 3 observed events restricted to carts, with uniform weights; missing edges zero",fixed historical cutoff and observed prefix,False,capacity,0.004551836253782234,0.019035416404216673,0.008278192516537415,,,
float32,graph,4528.05419921875,0.0,0,0.9608161661280941,1.0067143612538518e-05,graph_cart_carts_n3_uniform_mean,0.6666666666666666,capacity,18909,0.009665292474242653,"mean of cart graph affinity from last 3 observed events restricted to carts, with uniform weights; missing edges zero",fixed historical cutoff and observed prefix,False,capacity,0.004042095633714079,0.017553243199867726,0.006658516584851546,,,
float32,graph,1473.60693359375,0.0,0,0.9953075116777202,9.716752820395273e-05,graph_cart_carts_n3_uniform_std,0.6666666666666666,capacity,2331,0.015206800214792517,"std of cart graph affinity from last 3 observed events restricted to carts, with uniform weights; missing edges zero",fixed historical cutoff and observed prefix,False,capacity,0.005385686617543206,0.01711228097175339,0.015890912102520298,,,
float32,graph,7729.8720703125,0.0,0,0.9608161661280941,4.491304475504922e-06,graph_cart_carts_n3_position_sum,0.3333333333333333,capacity,19123,0.010177683827014117,"sum of cart graph affinity from last 3 observed events restricted to carts, with position weights; missing edges zero",fixed historical cutoff and observed prefix,False,capacity,0.003483857724625462,0.018668958930088547,0.007047683959208345,,,
float32,graph,4528.05419921875,0.0,0,0.9608161661280941,0.0,graph_cart_carts_n3_position_max,0.0,capacity,19051,0.00972533385782177,"max of cart graph affinity from last 3 observed events restricted to carts, with position weights; missing edges zero",fixed historical cutoff and observed prefix,False,capacity,0.003913059742705023,0.017278586915546658,0.006917419681478784,,,
float32,graph,4528.05419921875,0.0,0,0.9608161661280941,2.0280960973752683e-05,graph_cart_carts_n3_position_mean,0.6666666666666666,capacity,18967,0.009549520492835185,"mean of cart graph affinity from last 3 observed events restricted to carts, with position weights; missing edges zero",fixed historical cutoff and observed prefix,False,capacity,0.003947505469211244,0.017493852468542324,0.006511023675585605,,,
float32,graph,1419.7218017578125,0.0,0,0.9930099044187598,3.202108218865517e-05,graph_cart_carts_n3_position_std,1.0,capacity,2389,0.015499148507778702,"std of cart graph affinity from last 3 observed events restricted to carts, with position weights; missing edges zero",fixed historical cutoff and observed prefix,False,capacity,0.005374548932653748,0.017138234244703055,0.016367038901837352,,,
float32,graph,9050.412109375,0.0,0,0.9608161661280941,1.672646065062273e-05,graph_cart_carts_n3_hour_sum,0.3333333333333333,capacity,19500,0.01192518611027317,"sum of cart graph affinity from last 3 observed events restricted to carts, with hour weights; missing edges zero",fixed historical cutoff and observed prefix,False,capacity,0.003920846900060045,0.021330197552131808,0.008556736924379372,,,
float32,graph,4528.05419921875,0.0,0,0.9608161661280941,9.329223451402884e-06,graph_cart_carts_n3_hour_max,0.3333333333333333,capacity,19415,0.011479107350011154,"max of cart graph affinity from last 3 observed events restricted to carts, with hour weights; missing edges zero",fixed historical cutoff and observed prefix,False,capacity,0.004609246489750592,0.01958903504018214,0.00856912031496909,,,
float32,graph,4528.0546875,0.0,0,0.9608161661280941,4.701598007309207e-06,graph_cart_carts_n3_hour_mean,0.3333333333333333,capacity,18977,0.009679945347667824,"mean of cart graph affinity from last 3 observed events restricted to carts, with hour weights; missing edges zero",fixed historical cutoff and observed prefix,False,capacity,0.0040683196642055655,0.017608693662400837,0.006650842137545027,,,
float32,graph,1473.5989990234375,0.0,0,0.9939320600840835,3.6505940747220694e-05,graph_cart_carts_n3_hour_std,1.0,capacity,2436,0.015252519335976718,"std of cart graph affinity from last 3 observed events restricted to carts, with hour weights; missing edges zero",fixed historical cutoff and observed prefix,False,capacity,0.005236769717804917,0.016800068031893288,0.016148036591047066,,,
float32,graph,9055.158203125,0.0,0,0.9608161661280941,4.044925783724407e-06,graph_cart_carts_n3_six_hours_sum,0.3333333333333333,capacity,19497,0.011747925626300842,"sum of cart graph affinity from last 3 observed events restricted to carts, with six_hours weights; missing edges zero",fixed historical cutoff and observed prefix,False,capacity,0.003939480905153708,0.02102608154331029,0.008410255121320641,,,
float32,graph,4528.05419921875,0.0,0,0.9608161661280941,0.0,graph_cart_carts_n3_six_hours_max,0.0,capacity,19414,0.011251052455499585,"max of cart graph affinity from last 3 observed events restricted to carts, with six_hours weights; missing edges zero",fixed historical cutoff and observed prefix,False,capacity,0.00460788280417051,0.019218056478140715,0.0083747453860672,,,
float32,graph,4528.05419921875,0.0,0,0.9608161661280941,0.0,graph_cart_carts_n3_six_hours_mean,0.0,capacity,18981,0.009678864705873704,"mean of cart graph affinity from last 3 observed events restricted to carts, with six_hours weights; missing edges zero",fixed historical cutoff and observed prefix,False,capacity,0.004066111247229194,0.01760490606634849,0.006651302935410396,,,
float32,graph,1473.606689453125,0.0,0,0.9945254302906735,4.309734531329748e-06,graph_cart_carts_n3_six_hours_std,0.6666666666666666,capacity,2398,0.015281605539155483,"std of cart graph affinity from last 3 observed events restricted to carts, with six_hours weights; missing edges zero",fixed historical cutoff and observed prefix,False,capacity,0.005300325466084398,0.016948265931301408,0.0161118220219277,,,
float32,graph,9056.1083984375,0.0,0,0.9517327382770475,2.018137450393663e-05,graph_cart_carts_n5_uniform_sum,0.6666666666666666,capacity,23315,0.01795077682875573,"sum of cart graph affinity from last 5 observed events restricted to carts, with uniform weights; missing edges zero",fixed historical cutoff and observed prefix,False,capacity,0.005715662813214663,0.031011557585536458,0.01345957211962221,,,
float32,graph,4528.05419921875,0.0,0,0.9517327382770475,3.228098910019296e-05,graph_cart_carts_n5_uniform_max,1.0,capacity,23066,0.017581303681504304,"max of cart graph affinity from last 5 observed events restricted to carts, with uniform weights; missing edges zero",fixed historical cutoff and observed prefix,False,capacity,0.007132196899208765,0.030955536536045002,0.012635705051283209,,,
float32,graph,4528.05419921875,0.0,0,0.9517327382770475,3.4547561579363686e-07,graph_cart_carts_n5_uniform_mean,0.3333333333333333,capacity,23315,0.013854771943286536,"mean of cart graph affinity from last 5 observed events restricted to carts, with uniform weights; missing edges zero",fixed historical cutoff and observed prefix,False,capacity,0.005493474121107005,0.02812516234402765,0.008113126379945903,,,
float32,graph,1462.956298828125,0.0,0,0.9879419392116542,2.9005836117388004e-05,graph_cart_carts_n5_uniform_std,1.0,capacity,5947,0.019095705440159344,"std of cart graph affinity from last 5 observed events restricted to carts, with uniform weights; missing edges zero",fixed historical cutoff and observed prefix,False,capacity,0.009445011800611098,0.024011671716998948,0.018246171241664253,,,
float32,graph,7729.8720703125,0.0,0,0.9517327382770475,1.0356619992360941e-06,graph_cart_carts_n5_position_sum,0.3333333333333333,capacity,23718,0.014584617946488332,"sum of cart graph affinity from last 5 observed events restricted to carts, with position weights; missing edges zero",fixed historical cutoff and observed prefix,False,capacity,0.004873828950954138,0.02612380614120099,0.010433488681721035,,,
float32,graph,4528.05419921875,0.0,0,0.9517327382770475,0.0,graph_cart_carts_n5_position_max,0.0,capacity,23580,0.013839217857786067,"max of cart graph affinity from last 5 observed events restricted to carts, with position weights; missing edges zero",fixed historical cutoff and observed prefix,False,capacity,0.00557197409329205,0.02505887892261831,0.009607261286118949,,,
float32,graph,4528.05419921875,0.0,0,0.9517327382770475,3.535776321744781e-05,graph_cart_carts_n5_position_mean,0.6666666666666666,capacity,23448,0.013369087703535608,"mean of cart graph affinity from last 5 observed events restricted to carts, with position weights; missing edges zero",fixed historical cutoff and observed prefix,False,capacity,0.0050471587112740175,0.027372135360815602,0.0077545520402725445,,,
float32,graph,1379.2884521484375,0.0,0,0.985463402676586,4.6991246721484287e-07,graph_cart_carts_n5_position_std,0.6666666666666666,capacity,6038,0.019079189426951075,"std of cart graph affinity from last 5 observed events restricted to carts, with position weights; missing edges zero",fixed historical cutoff and observed prefix,False,capacity,0.009638290465481316,0.02434686314917599,0.01801883572608358,,,
float32,graph,9050.412109375,0.0,0,0.9517327382770475,3.607603775901402e-06,graph_cart_carts_n5_hour_sum,0.3333333333333333,capacity,24162,0.018318013180168246,"sum of cart graph affinity from last 5 observed events restricted to carts, with hour weights; missing edges zero",fixed historical cutoff and observed prefix,False,capacity,0.006019270329354711,0.031844003376679815,0.013604808557048055,,,
float32,graph,4528.05419921875,0.0,0,0.9517327382770475,3.7049818805940674e-07,graph_cart_carts_n5_hour_max,0.3333333333333333,capacity,24047,0.01817199879476113,"max of cart graph affinity from last 5 observed events restricted to carts, with hour weights; missing edges zero",fixed historical cutoff and observed prefix,False,capacity,0.007604560227947904,0.032257844121062515,0.012890315892745976,,,
float32,graph,4528.0546875,0.0,0,0.9517327382770475,2.966163897583675e-05,graph_cart_carts_n5_hour_mean,0.3333333333333333,capacity,23533,0.01394691516994027,"mean of cart graph affinity from last 5 observed events restricted to carts, with hour weights; missing edges zero",fixed historical cutoff and observed prefix,False,capacity,0.005577386371995632,0.028328632180708375,0.008150978130880322,,,
float32,graph,1462.9375,0.0,0,0.9860995733570941,1.2420949845416264e-05,graph_cart_carts_n5_hour_std,1.0,capacity,6182,0.019800943932075137,"std of cart graph affinity from last 5 observed events restricted to carts, with hour weights; missing edges zero",fixed historical cutoff and observed prefix,False,capacity,0.009791063565582975,0.024773650659675264,0.018982903962690437,,,
float32,graph,9055.158203125,0.0,0,0.9517327382770475,7.522684806727783e-06,graph_cart_carts_n5_six_hours_sum,0.6666666666666666,capacity,24160,0.01805712002217165,"sum of cart graph affinity from last 5 observed events restricted to carts, with six_hours weights; missing edges zero",fixed historical cutoff and observed prefix,False,capacity,0.005838935561533615,0.03127435980732694,0.013484864206367006,,,
float32,graph,4528.05419921875,0.0,0,0.9517327382770475,0.0,graph_cart_carts_n5_six_hours_max,0.0,capacity,24047,0.017757338593976702,"max of cart graph affinity from last 5 observed events restricted to carts, with six_hours weights; missing edges zero",fixed historical cutoff and observed prefix,False,capacity,0.0073177830397375115,0.03136669557874281,0.012692586027300183,,,
float32,graph,4528.05419921875,0.0,0,0.9517327382770475,1.8344815447185242e-06,graph_cart_carts_n5_six_hours_mean,0.3333333333333333,capacity,23537,0.013880690359806037,"mean of cart graph affinity from last 5 observed events restricted to carts, with six_hours weights; missing edges zero",fixed historical cutoff and observed prefix,False,capacity,0.005525569669383847,0.028202331994890615,0.008112389657334114,,,
float32,graph,1462.9559326171875,0.0,0,0.9868057811767407,2.5905848547103636e-05,graph_cart_carts_n5_six_hours_std,0.3333333333333333,capacity,6098,0.019119836700615084,"std of cart graph affinity from last 5 observed events restricted to carts, with six_hours weights; missing edges zero",fixed historical cutoff and observed prefix,False,capacity,0.009413686549312737,0.023932283413021994,0.018331305036295355,,,
float32,graph,17278.517578125,0.0,0,0.9430247873108267,9.895859546825193e-05,graph_cart_carts_n10_uniform_sum,1.0,capacity,27515,0.0232292618092309,"sum of cart graph affinity from last 10 observed events restricted to carts, with uniform weights; missing edges zero",fixed historical cutoff and observed prefix,False,capacity,0.00995309907765672,0.03941527910986073,0.017348946947511677,,,
float32,graph,4528.05419921875,0.0,0,0.9430247873108267,4.009001086911231e-06,graph_cart_carts_n10_uniform_max,1.0,capacity,27078,0.024832673020226386,"max of cart graph affinity from last 10 observed events restricted to carts, with uniform weights; missing edges zero",fixed historical cutoff and observed prefix,False,capacity,0.010030734699441848,0.03790792449103142,0.020762037004954628,,,
float32,graph,4528.05419921875,0.0,0,0.9430247873108267,3.3088291640255697e-06,graph_cart_carts_n10_uniform_mean,0.6666666666666666,capacity,27700,0.016095248256750818,"mean of cart graph affinity from last 10 observed events restricted to carts, with uniform weights; missing edges zero",fixed historical cutoff and observed prefix,False,capacity,0.006667989096490047,0.029471539297695342,0.010978312596322018,,,
float32,graph,2264.027099609375,0.0,0,0.9774791688147965,1.4368385078925861e-05,graph_cart_carts_n10_uniform_std,0.6666666666666666,capacity,11072,0.02965367495879323,"std of cart graph affinity from last 10 observed events restricted to carts, with uniform weights; missing edges zero",fixed historical cutoff and observed prefix,False,capacity,0.012744073851067503,0.04001574862302796,0.027290904977963486,,,
float32,graph,7729.8720703125,0.0,0,0.9430247873108267,1.5189354534625424e-05,graph_cart_carts_n10_position_sum,0.3333333333333333,capacity,28083,0.019953750080470168,"sum of cart graph affinity from last 10 observed events restricted to carts, with position weights; missing edges zero",fixed historical cutoff and observed prefix,False,capacity,0.008288994020588495,0.03485968051490375,0.01444491087323366,,,
float32,graph,4528.05419921875,0.0,0,0.9430247873108267,4.990516776940797e-06,graph_cart_carts_n10_position_max,0.6666666666666666,capacity,27898,0.01776309394533861,"max of cart graph affinity from last 10 observed events restricted to carts, with position weights; missing edges zero",fixed historical cutoff and observed prefix,False,capacity,0.007058922332853593,0.029115341507497602,0.013870998766339949,,,
float32,graph,4528.05419921875,0.0,0,0.9430247873108267,3.623305034122164e-05,graph_cart_carts_n10_position_mean,1.0,capacity,28026,0.015366377593466107,"mean of cart graph affinity from last 10 observed events restricted to carts, with position weights; missing edges zero",fixed historical cutoff and observed prefix,False,capacity,0.006286589433252177,0.029058755321728934,0.010033486756037014,,,
float32,graph,2181.238037109375,0.0,0,0.9749928503753796,0.0004312129238605762,graph_cart_carts_n10_position_std,0.6666666666666666,capacity,11358,0.029157517956714188,"std of cart graph affinity from last 10 observed events restricted to carts, with position weights; missing edges zero",fixed historical cutoff and observed prefix,False,capacity,0.013152024592377144,0.04026404339418075,0.026271837465370415,,,
float32,graph,16535.537109375,0.0,0,0.9430247873108267,5.564903995848125e-06,graph_cart_carts_n10_hour_sum,0.6666666666666666,capacity,28601,0.02434978946163828,"sum of cart graph affinity from last 10 observed events restricted to carts, with hour weights; missing edges zero",fixed historical cutoff and observed prefix,False,capacity,0.01072839514375097,0.041525600557648014,0.01803211629994797,,,
float32,graph,4528.05419921875,0.0,0,0.9430247873108267,1.4072492272819205e-05,graph_cart_carts_n10_hour_max,0.6666666666666666,capacity,28480,0.026249483976676154,"max of cart graph affinity from last 10 observed events restricted to carts, with hour weights; missing edges zero",fixed historical cutoff and observed prefix,False,capacity,0.01101825930507404,0.04057215095232955,0.021626687934116474,,,
float32,graph,4528.0546875,0.0,0,0.9430247873108267,6.01550695850613e-06,graph_cart_carts_n10_hour_mean,0.6666666666666666,capacity,28109,0.016527318180851992,"mean of cart graph affinity from last 10 observed events restricted to carts, with hour weights; missing edges zero",fixed historical cutoff and observed prefix,False,capacity,0.00752346927019245,0.03095150713872536,0.010815865187025235,,,
float32,graph,2263.818603515625,0.0,0,0.9753761091645542,6.785528818468742e-05,graph_cart_carts_n10_hour_std,1.0,capacity,11546,0.03203275240985882,"std of cart graph affinity from last 10 observed events restricted to carts, with hour weights; missing edges zero",fixed historical cutoff and observed prefix,False,capacity,0.012132358278585484,0.04046862294185704,0.031131549499071928,,,
float32,graph,17152.251953125,0.0,0,0.9430247873108267,5.219839376296863e-07,graph_cart_carts_n10_six_hours_sum,0.3333333333333333,capacity,28596,0.023772073849994434,"sum of cart graph affinity from last 10 observed events restricted to carts, with six_hours weights; missing edges zero",fixed historical cutoff and observed prefix,False,capacity,0.010316498676664872,0.04038354060844113,0.01770893633299268,,,
float32,graph,4528.05419921875,0.0,0,0.9430247873108267,5.232040877133716e-06,graph_cart_carts_n10_six_hours_max,0.3333333333333333,capacity,28479,0.025756191445651506,"max of cart graph affinity from last 10 observed events restricted to carts, with six_hours weights; missing edges zero",fixed historical cutoff and observed prefix,False,capacity,0.010606778729424992,0.03941316680149715,0.02145260588709977,,,
float32,graph,4528.05419921875,0.0,0,0.9430247873108267,1.915149800252852e-07,graph_cart_carts_n10_six_hours_mean,0.3333333333333333,capacity,28101,0.016387763632448874,"mean of cart graph affinity from last 10 observed events restricted to carts, with six_hours weights; missing edges zero",fixed historical cutoff and observed prefix,False,capacity,0.007358912144516518,0.0305547436632811,0.010809082198354822,,,
float32,graph,2264.021240234375,0.0,0,0.9762671372124829,8.961241969490197e-05,graph_cart_carts_n10_six_hours_std,1.0,capacity,11397,0.030719039504028486,"std of cart graph affinity from last 10 observed events restricted to carts, with six_hours weights; missing edges zero",fixed historical cutoff and observed prefix,False,capacity,0.012370630827551389,0.040124238411765344,0.029074508162906243,,,
float32,graph,27168.326171875,0.0,0,0.9382214068515777,2.085081450160263e-06,graph_cart_carts_n20_uniform_sum,0.6666666666666666,capacity,29882,0.01892188887365744,"sum of cart graph affinity from last 20 observed events restricted to carts, with uniform weights; missing edges zero",fixed historical cutoff and observed prefix,False,capacity,0.007257105970501366,0.033780251908952716,0.013436837839869147,,,
float32,graph,4528.05419921875,0.0,0,0.9382214068515777,0.0,graph_cart_carts_n20_uniform_max,0.0,capacity,29276,0.024870808000295813,"max of cart graph affinity from last 20 observed events restricted to carts, with uniform weights; missing edges zero",fixed historical cutoff and observed prefix,False,capacity,0.00908558516733294,0.037295007094612226,0.021289578925298088,,,
float32,graph,4528.05419921875,0.0,0,0.9382214068515777,7.306720800365118e-05,graph_cart_carts_n20_uniform_mean,1.0,capacity,30107,0.015405257843961817,"mean of cart graph affinity from last 20 observed events restricted to carts, with uniform weights; missing edges zero",fixed historical cutoff and observed prefix,False,capacity,0.006037161805842097,0.029761908009498888,0.009788282100879904,,,
float32,graph,1978.452392578125,0.0,0,0.9719734714880752,2.2198449263542343e-05,graph_cart_carts_n20_uniform_std,1.0,capacity,13802,0.02876179236596415,"std of cart graph affinity from last 20 observed events restricted to carts, with uniform weights; missing edges zero",fixed historical cutoff and observed prefix,False,capacity,0.01096760731009869,0.03709961585656024,0.027558578129977016,,,
float32,graph,8693.5302734375,0.0,0,0.9382214068515777,4.544834132353918e-05,graph_cart_carts_n20_position_sum,1.0,capacity,30505,0.01909114391806984,"sum of cart graph affinity from last 20 observed events restricted to carts, with position weights; missing edges zero",fixed historical cutoff and observed prefix,False,capacity,0.007537149120952953,0.034195980042365626,0.013464391655441426,,,
float32,graph,4528.05419921875,0.0,0,0.9382214068515777,0.0,graph_cart_carts_n20_position_max,0.0,capacity,30295,0.01820147592318729,"max of cart graph affinity from last 20 observed events restricted to carts, with position weights; missing edges zero",fixed historical cutoff and observed prefix,False,capacity,0.006887103725690396,0.02953242263835968,0.014421731265183911,,,
float32,graph,4528.05419921875,0.0,0,0.9382214068515777,2.4257871462852922e-05,graph_cart_carts_n20_position_mean,0.6666666666666666,capacity,30501,0.015024747815593348,"mean of cart graph affinity from last 20 observed events restricted to carts, with position weights; missing edges zero",fixed historical cutoff and observed prefix,False,capacity,0.0059033668908171424,0.029503011469120346,0.009305846142959217,,,
float32,graph,2117.0048828125,0.0,0,0.9695999906617148,5.921188911945267e-05,graph_cart_carts_n20_position_std,0.6666666666666666,capacity,14167,0.0283403914067021,"std of cart graph affinity from last 20 observed events restricted to carts, with position weights; missing edges zero",fixed historical cutoff and observed prefix,False,capacity,0.01147771479548511,0.03768171309330907,0.026480176665268113,,,
float32,graph,25339.21484375,0.0,0,0.9382214068515777,0.0,graph_cart_carts_n20_hour_sum,0.0,capacity,31048,0.02021369880068401,"sum of cart graph affinity from last 20 observed events restricted to carts, with hour weights; missing edges zero",fixed historical cutoff and observed prefix,False,capacity,0.008164605503360312,0.03642539026472051,0.014116035284886379,,,
float32,graph,4528.05419921875,0.0,0,0.9382214068515777,2.9669634173897067e-07,graph_cart_carts_n20_hour_max,0.3333333333333333,capacity,30928,0.026358094886455147,"max of cart graph affinity from last 20 observed events restricted to carts, with hour weights; missing edges zero",fixed historical cutoff and observed prefix,False,capacity,0.010253062086631957,0.040173996854407104,0.022134316035783037,,,
float32,graph,4528.0546875,0.0,0,0.9382214068515777,5.514546210455656e-06,graph_cart_carts_n20_hour_mean,0.3333333333333333,capacity,30590,0.016398067603576403,"mean of cart graph affinity from last 20 observed events restricted to carts, with hour weights; missing edges zero",fixed historical cutoff and observed prefix,False,capacity,0.00712738971790466,0.03164720575892576,0.010318611506847018,,,
float32,graph,2006.2930908203125,0.0,0,0.9698879211226176,2.5008986135840377e-06,graph_cart_carts_n20_hour_std,0.3333333333333333,capacity,14354,0.03066303975933253,"std of cart graph affinity from last 20 observed events restricted to carts, with hour weights; missing edges zero",fixed historical cutoff and observed prefix,False,capacity,0.010203294862652567,0.03737228864180748,0.03071837280087505,,,
float32,graph,26853.3046875,0.0,0,0.9382214068515777,4.9565124600073656e-06,graph_cart_carts_n20_six_hours_sum,1.0,capacity,31045,0.019448582765573444,"sum of cart graph affinity from last 20 observed events restricted to carts, with six_hours weights; missing edges zero",fixed historical cutoff and observed prefix,False,capacity,0.007606134053777153,0.03477294029095788,0.013760145454847274,,,
float32,graph,4528.05419921875,0.0,0,0.9382214068515777,0.0,graph_cart_carts_n20_six_hours_max,0.0,capacity,30934,0.02577718496735703,"max of cart graph affinity from last 20 observed events restricted to carts, with six_hours weights; missing edges zero",fixed historical cutoff and observed prefix,False,capacity,0.00965385165752016,0.03866376073792898,0.0220211193003772,,,
float32,graph,4528.05419921875,0.0,0,0.9382214068515777,3.3628834854483648e-06,graph_cart_carts_n20_six_hours_mean,0.3333333333333333,capacity,30564,0.016029447572627767,"mean of cart graph affinity from last 20 observed events restricted to carts, with six_hours weights; missing edges zero",fixed historical cutoff and observed prefix,False,capacity,0.006919680070523125,0.03120832187335596,0.009958305005947776,,,
float32,graph,1981.653564453125,0.0,0,0.9707556034575001,1.5102759806730843e-05,graph_cart_carts_n20_six_hours_std,0.6666666666666666,capacity,14205,0.02969586467584983,"std of cart graph affinity from last 20 observed events restricted to carts, with six_hours weights; missing edges zero",fixed historical cutoff and observed prefix,False,capacity,0.010860721229268493,0.0376086669785578,0.02887865409892607,,,
float32,graph,37453.3984375,0.0,0,0.9362700943361355,7.320910740942945e-06,graph_cart_carts_n50_uniform_sum,0.6666666666666666,capacity,30871,0.0161821200363936,"sum of cart graph affinity from last 50 observed events restricted to carts, with uniform weights; missing edges zero",fixed historical cutoff and observed prefix,False,capacity,0.007164189207758203,0.029772429120683425,0.010889953965687923,,,
float32,graph,4528.05419921875,0.0,0,0.9362700943361355,3.877742579780153e-06,graph_cart_carts_n50_uniform_max,0.6666666666666666,capacity,30175,0.025522006204987287,"max of cart graph affinity from last 50 observed events restricted to carts, with uniform weights; missing edges zero",fixed historical cutoff and observed prefix,False,capacity,0.00932984878352508,0.037604154044513026,0.022179625188801455,,,
float32,graph,4528.05419921875,0.0,0,0.9362700943361355,1.4487026545095016e-05,graph_cart_carts_n50_uniform_mean,0.3333333333333333,capacity,31089,0.015688593081277357,"mean of cart graph affinity from last 50 observed events restricted to carts, with uniform weights; missing edges zero",fixed historical cutoff and observed prefix,False,capacity,0.006668281544224583,0.0304924591637043,0.00979004529623935,,,
float32,graph,2018.2137451171875,0.0,0,0.9699501763574073,2.93202949719092e-06,graph_cart_carts_n50_uniform_std,0.3333333333333333,capacity,14827,0.028632711939540437,"std of cart graph affinity from last 50 observed events restricted to carts, with uniform weights; missing edges zero",fixed historical cutoff and observed prefix,False,capacity,0.011055591613572077,0.0368501205355117,0.027453527695882867,,,
float32,graph,9681.6328125,0.0,0,0.9362700943361355,3.643417740032352e-05,graph_cart_carts_n50_position_sum,0.6666666666666666,capacity,31501,0.018593408257874207,"sum of cart graph affinity from last 50 observed events restricted to carts, with position weights; missing edges zero",fixed historical cutoff and observed prefix,False,capacity,0.007795166027353538,0.03377185019663369,0.012803894326914575,,,
float32,graph,4528.05419921875,0.0,0,0.9362700943361355,1.5301376220110693e-05,graph_cart_carts_n50_position_max,0.3333333333333333,capacity,31280,0.0184738592515253,"max of cart graph affinity from last 50 observed events restricted to carts, with position weights; missing edges zero",fixed historical cutoff and observed prefix,False,capacity,0.006839399590470314,0.029595733500293393,0.014851998737317082,,,
float32,graph,4528.05419921875,0.0,0,0.9362700943361355,8.586935355446164e-05,graph_cart_carts_n50_position_mean,1.0,capacity,31501,0.01515074336657232,"mean of cart graph affinity from last 50 observed events restricted to carts, with position weights; missing edges zero",fixed historical cutoff and observed prefix,False,capacity,0.006231688628559504,0.02978340240000002,0.009320922972860609,,,
float32,graph,2117.0048828125,0.0,0,0.9675611317223495,4.113882284259468e-05,graph_cart_carts_n50_position_std,0.6666666666666666,capacity,15201,0.028360519786189912,"std of cart graph affinity from last 50 observed events restricted to carts, with position weights; missing edges zero",fixed historical cutoff and observed prefix,False,capacity,0.011378694021967959,0.037627288190028446,0.02655743987830764,,,
float32,graph,29485.6875,0.0,0,0.9362700943361355,6.648330901960728e-06,graph_cart_carts_n50_hour_sum,0.3333333333333333,capacity,32044,0.02065583106443615,"sum of cart graph affinity from last 50 observed events restricted to carts, with hour weights; missing edges zero",fixed historical cutoff and observed prefix,False,capacity,0.009824571985650536,0.038804792009180716,0.013386560438528138,,,
float32,graph,4528.05419921875,0.0,0,0.9362700943361355,1.5435923506345022e-05,graph_cart_carts_n50_hour_max,0.6666666666666666,capacity,31923,0.02670211738755411,"max of cart graph affinity from last 50 observed events restricted to carts, with hour weights; missing edges zero",fixed historical cutoff and observed prefix,False,capacity,0.010652650347232373,0.0408047237872119,0.022325725361112173,,,
float32,graph,4528.0546875,0.0,0,0.9362700943361355,5.020658932458846e-06,graph_cart_carts_n50_hour_mean,0.6666666666666666,capacity,31584,0.016600231250168126,"mean of cart graph affinity from last 50 observed events restricted to carts, with hour weights; missing edges zero",fixed historical cutoff and observed prefix,False,capacity,0.007722032303706532,0.03229450899964276,0.010232792199841077,,,
float32,graph,2006.2930908203125,0.0,0,0.9679093719419548,2.9803199497057792e-05,graph_cart_carts_n50_hour_std,0.6666666666666666,capacity,15364,0.029694407938681937,"std of cart graph affinity from last 50 observed events restricted to carts, with hour weights; missing edges zero",fixed historical cutoff and observed prefix,False,capacity,0.010328072513902985,0.03718538231453936,0.029176643321549716,,,
float32,graph,31315.40625,0.0,0,0.9362700943361355,1.574880500231108e-05,graph_cart_carts_n50_six_hours_sum,0.6666666666666666,capacity,32041,0.01882696987374134,"sum of cart graph affinity from last 50 observed events restricted to carts, with six_hours weights; missing edges zero",fixed historical cutoff and observed prefix,False,capacity,0.008657909610857998,0.03498723153523996,0.012441682420139252,,,
float32,graph,4528.05419921875,0.0,0,0.9362700943361355,6.1375786745582725e-06,graph_cart_carts_n50_six_hours_max,0.3333333333333333,capacity,31930,0.026134426635083516,"max of cart graph affinity from last 50 observed events restricted to carts, with six_hours weights; missing edges zero",fixed historical cutoff and observed prefix,False,capacity,0.010041452941782828,0.03910210449997582,0.02233274998485415,,,
float32,graph,4528.05419921875,0.0,0,0.9362700943361355,2.150437575909768e-07,graph_cart_carts_n50_six_hours_mean,0.3333333333333333,capacity,31569,0.01626668378831284,"mean of cart graph affinity from last 50 observed events restricted to carts, with six_hours weights; missing edges zero",fixed historical cutoff and observed prefix,False,capacity,0.007539523143889063,0.03191106854965611,0.009899018181711834,,,
float32,graph,2015.0035400390625,0.0,0,0.9687109080898733,5.85140064652993e-05,graph_cart_carts_n50_six_hours_std,0.6666666666666666,capacity,15238,0.029287130501153592,"std of cart graph affinity from last 50 observed events restricted to carts, with six_hours weights; missing edges zero",fixed historical cutoff and observed prefix,False,capacity,0.010955627223934528,0.037293998850544706,0.028338946872661214,,,
float32,graph,1313.3389892578125,0.0,0,0.9969222568300802,1.1712217912788393e-06,graph_cart_orders_n1_uniform_sum,0.3333333333333333,capacity,1491,0.0022930005657597276,"sum of cart graph affinity from last 1 observed events restricted to orders, with uniform weights; missing edges zero",fixed historical cutoff and observed prefix,False,capacity,-0.001726812612992433,-0.0009183119317647094,0.0030747095415517857,,,
float32,graph,1313.3389892578125,0.0,0,0.9969222568300802,,graph_cart_orders_n1_uniform_max,,duplicate,1491,0.0022930005657597276,"max of cart graph affinity from last 1 observed events restricted to orders, with uniform weights; missing edges zero",fixed historical cutoff and observed prefix,False,duplicate,-0.001726812612992433,-0.0009183119317647094,0.0030747095415517857,graph_cart_orders_n1_uniform_sum,,
float32,graph,1313.3389892578125,0.0,0,0.9969222568300802,,graph_cart_orders_n1_uniform_mean,,duplicate,1491,0.0022930005657597276,"mean of cart graph affinity from last 1 observed events restricted to orders, with uniform weights; missing edges zero",fixed historical cutoff and observed prefix,False,duplicate,-0.001726812612992433,-0.0009183119317647094,0.0030747095415517857,graph_cart_orders_n1_uniform_sum,,
float32,graph,0.0,0.0,0,1.0,,graph_cart_orders_n1_uniform_std,,constant,1,0.0,"std of cart graph affinity from last 1 observed events restricted to orders, with uniform weights; missing edges zero",fixed historical cutoff and observed prefix,False,constant,0.0,0.0,0.0,,,
float32,graph,1313.3389892578125,0.0,0,0.9969222568300802,,graph_cart_orders_n1_position_sum,,duplicate,1491,0.0022930005657597276,"sum of cart graph affinity from last 1 observed events restricted to orders, with position weights; missing edges zero",fixed historical cutoff and observed prefix,False,duplicate,-0.001726812612992433,-0.0009183119317647094,0.0030747095415517857,graph_cart_orders_n1_uniform_sum,,
float32,graph,1313.3389892578125,0.0,0,0.9969222568300802,,graph_cart_orders_n1_position_max,,duplicate,1491,0.0022930005657597276,"max of cart graph affinity from last 1 observed events restricted to orders, with position weights; missing edges zero",fixed historical cutoff and observed prefix,False,duplicate,-0.001726812612992433,-0.0009183119317647094,0.0030747095415517857,graph_cart_orders_n1_uniform_sum,,
float32,graph,1313.3389892578125,0.0,0,0.9969222568300802,,graph_cart_orders_n1_position_mean,,duplicate,1491,0.0022930005657597276,"mean of cart graph affinity from last 1 observed events restricted to orders, with position weights; missing edges zero",fixed historical cutoff and observed prefix,False,duplicate,-0.001726812612992433,-0.0009183119317647094,0.0030747095415517857,graph_cart_orders_n1_uniform_sum,,
float32,graph,0.0,0.0,0,1.0,,graph_cart_orders_n1_position_std,,constant,1,0.0,"std of cart graph affinity from last 1 observed events restricted to orders, with position weights; missing edges zero",fixed historical cutoff and observed prefix,False,constant,0.0,0.0,0.0,,,
float32,graph,1313.3389892578125,0.0,0,0.9969222568300802,,graph_cart_orders_n1_hour_sum,,duplicate,1491,0.0022930005657597276,"sum of cart graph affinity from last 1 observed events restricted to orders, with hour weights; missing edges zero",fixed historical cutoff and observed prefix,False,duplicate,-0.001726812612992433,-0.0009183119317647094,0.0030747095415517857,graph_cart_orders_n1_uniform_sum,,
float32,graph,1313.3389892578125,0.0,0,0.9969222568300802,,graph_cart_orders_n1_hour_max,,duplicate,1491,0.0022930005657597276,"max of cart graph affinity from last 1 observed events restricted to orders, with hour weights; missing edges zero",fixed historical cutoff and observed prefix,False,duplicate,-0.001726812612992433,-0.0009183119317647094,0.0030747095415517857,graph_cart_orders_n1_uniform_sum,,
float32,graph,1313.3389892578125,0.0,0,0.9969222568300802,,graph_cart_orders_n1_hour_mean,,duplicate,1491,0.0022930005657597276,"mean of cart graph affinity from last 1 observed events restricted to orders, with hour weights; missing edges zero",fixed historical cutoff and observed prefix,False,duplicate,-0.001726812612992433,-0.0009183119317647094,0.0030747095415517857,graph_cart_orders_n1_uniform_sum,,
float32,graph,0.0,0.0,0,1.0,,graph_cart_orders_n1_hour_std,,constant,1,0.0,"std of cart graph affinity from last 1 observed events restricted to orders, with hour weights; missing edges zero",fixed historical cutoff and observed prefix,False,constant,0.0,0.0,0.0,,,
float32,graph,1313.3389892578125,0.0,0,0.9969222568300802,,graph_cart_orders_n1_six_hours_sum,,duplicate,1491,0.0022930005657597276,"sum of cart graph affinity from last 1 observed events restricted to orders, with six_hours weights; missing edges zero",fixed historical cutoff and observed prefix,False,duplicate,-0.001726812612992433,-0.0009183119317647094,0.0030747095415517857,graph_cart_orders_n1_uniform_sum,,
float32,graph,1313.3389892578125,0.0,0,0.9969222568300802,,graph_cart_orders_n1_six_hours_max,,duplicate,1491,0.0022930005657597276,"max of cart graph affinity from last 1 observed events restricted to orders, with six_hours weights; missing edges zero",fixed historical cutoff and observed prefix,False,duplicate,-0.001726812612992433,-0.0009183119317647094,0.0030747095415517857,graph_cart_orders_n1_uniform_sum,,
float32,graph,1313.3389892578125,0.0,0,0.9969222568300802,,graph_cart_orders_n1_six_hours_mean,,duplicate,1491,0.0022930005657597276,"mean of cart graph affinity from last 1 observed events restricted to orders, with six_hours weights; missing edges zero",fixed historical cutoff and observed prefix,False,duplicate,-0.001726812612992433,-0.0009183119317647094,0.0030747095415517857,graph_cart_orders_n1_uniform_sum,,
float32,graph,0.0,0.0,0,1.0,,graph_cart_orders_n1_six_hours_std,,constant,1,0.0,"std of cart graph affinity from last 1 observed events restricted to orders, with six_hours weights; missing edges zero",fixed historical cutoff and observed prefix,False,constant,0.0,0.0,0.0,,,
float32,graph,1313.3389892578125,0.0,0,0.9945312667189351,0.0,graph_cart_orders_n3_uniform_sum,0.0,capacity,2652,0.007535314118537655,"sum of cart graph affinity from last 3 observed events restricted to orders, with uniform weights; missing edges zero",fixed historical cutoff and observed prefix,False,capacity,0.0010945859216660195,-0.0010069775620190156,0.011872937096275581,,,
float32,graph,1313.3389892578125,0.0,0,0.9945312667189351,1.8361853058362827e-06,graph_cart_orders_n3_uniform_max,0.3333333333333333,capacity,2651,0.005801567972549465,"max of cart graph affinity from last 3 observed events restricted to orders, with uniform weights; missing edges zero",fixed historical cutoff and observed prefix,False,capacity,0.0013396272272632754,-0.0009864388566981326,0.008952789321356163,,,
float32,graph,1313.3389892578125,0.0,0,0.9945312667189351,1.9359030367241556e-07,graph_cart_orders_n3_uniform_mean,0.3333333333333333,capacity,2665,0.0031850768270260807,"mean of cart graph affinity from last 3 observed events restricted to orders, with uniform weights; missing edges zero",fixed historical cutoff and observed prefix,False,capacity,0.0013190794161065352,-0.0008521938419184446,0.00466251788806649,,,
float32,graph,204.71766662597656,0.0,0,0.9982685262824093,0.0,graph_cart_orders_n3_uniform_std,0.0,capacity,838,0.012186100701367282,"std of cart graph affinity from last 3 observed events restricted to orders, with uniform weights; missing edges zero",fixed historical cutoff and observed prefix,False,capacity,0.0007728255590333833,-0.0009159399048349058,0.019723393623355786,,,
float32,graph,1313.3389892578125,0.0,0,0.9945312667189351,0.0,graph_cart_orders_n3_position_sum,0.0,capacity,2658,0.006326177145126895,"sum of cart graph affinity from last 3 observed events restricted to orders, with position weights; missing edges zero",fixed historical cutoff and observed prefix,False,capacity,0.0006320478092219833,-0.0010642118667739092,0.009906181340287541,,,
float32,graph,1313.3389892578125,0.0,0,0.9945312667189351,0.0,graph_cart_orders_n3_position_max,0.0,capacity,2655,0.004655913792530601,"max of cart graph affinity from last 3 observed events restricted to orders, with position weights; missing edges zero",fixed historical cutoff and observed prefix,False,capacity,0.0008184783632043886,-0.0010382967807295185,0.007104294869985512,,,
float32,graph,1313.3389892578125,0.0,0,0.9945312667189351,1.3307345767883705e-05,graph_cart_orders_n3_position_mean,0.6666666666666666,capacity,2675,0.002865302551711667,"mean of cart graph affinity from last 3 observed events restricted to orders, with position weights; missing edges zero",fixed historical cutoff and observed prefix,False,capacity,0.0013584817786678916,-0.0008453948183211796,0.0041263932139142066,,,
float32,graph,190.36216735839844,0.0,0,0.9981089972432604,0.0,graph_cart_orders_n3_position_std,0.0,capacity,873,0.01201528453436803,"std of cart graph affinity from last 3 observed events restricted to orders, with position weights; missing edges zero",fixed historical cutoff and observed prefix,False,capacity,0.0008134604476549264,-0.0009176890870289659,0.019431052939156413,,,
float32,graph,1313.3389892578125,0.0,0,0.9945312667189351,0.0,graph_cart_orders_n3_hour_sum,0.0,capacity,2667,0.008051458412285285,"sum of cart graph affinity from last 3 observed events restricted to orders, with hour weights; missing edges zero",fixed historical cutoff and observed prefix,False,capacity,0.0012852556739511162,-0.001066287942591626,0.012671744103521143,,,
float32,graph,1313.3389892578125,0.0,0,0.9945312667189351,2.6549910728143165e-06,graph_cart_orders_n3_hour_max,0.3333333333333333,capacity,2666,0.00626826261491847,"max of cart graph affinity from last 3 observed events restricted to orders, with hour weights; missing edges zero",fixed historical cutoff and observed prefix,False,capacity,0.0015609622827435462,-0.0010540121467867301,0.009659937904346827,,,
float32,graph,1313.3389892578125,0.0,0,0.9945312667189351,1.106020184693503e-06,graph_cart_orders_n3_hour_mean,0.3333333333333333,capacity,2666,0.003210366636233441,"mean of cart graph affinity from last 3 observed events restricted to orders, with hour weights; missing edges zero",fixed historical cutoff and observed prefix,False,capacity,0.0013577301547096814,-0.0008287660585842632,0.0047099396719786565,,,
float32,graph,204.71766662597656,0.0,0,0.998190707238922,0.0,graph_cart_orders_n3_hour_std,0.0,capacity,860,0.014039998572652774,"std of cart graph affinity from last 3 observed events restricted to orders, with hour weights; missing edges zero",fixed historical cutoff and observed prefix,False,capacity,0.001056807367776288,-0.0008976820884780683,0.022775022015552874,,,
float32,graph,1313.3389892578125,0.0,0,0.9945312667189351,0.0,graph_cart_orders_n3_six_hours_sum,0.0,capacity,2667,0.00785395286931432,"sum of cart graph affinity from last 3 observed events restricted to orders, with six_hours weights; missing edges zero",fixed historical cutoff and observed prefix,False,capacity,0.001239303224751458,-0.0009899809273657206,0.012388380447715763,,,
float32,graph,1313.3389892578125,0.0,0,0.9945312667189351,0.0,graph_cart_orders_n3_six_hours_max,0.0,capacity,2666,0.00608290396679207,"max of cart graph affinity from last 3 observed events restricted to orders, with six_hours weights; missing edges zero",fixed historical cutoff and observed prefix,False,capacity,0.0015036644580110213,-0.0009707176117059348,0.009402203729131978,,,
float32,graph,1313.3389892578125,0.0,0,0.9945312667189351,0.0,graph_cart_orders_n3_six_hours_mean,0.0,capacity,2668,0.003185076834300933,"mean of cart graph affinity from last 3 observed events restricted to orders, with six_hours weights; missing edges zero",fixed historical cutoff and observed prefix,False,capacity,0.0013190794020760046,-0.000852193868599588,0.004662517889189094,,,
float32,graph,204.71766662597656,0.0,0,0.9982082165237066,0.0,graph_cart_orders_n3_six_hours_std,0.0,capacity,856,0.01218594973174312,"std of cart graph affinity from last 3 observed events restricted to orders, with six_hours weights; missing edges zero",fixed historical cutoff and observed prefix,False,capacity,0.0007730758304671758,-0.0009154021612766312,0.019723369167189024,,,
float32,graph,1313.3389892578125,0.0,0,0.9936032746253499,0.0,graph_cart_orders_n5_uniform_sum,0.0,capacity,3115,0.0075883561405615755,"sum of cart graph affinity from last 5 observed events restricted to orders, with uniform weights; missing edges zero",fixed historical cutoff and observed prefix,False,capacity,0.0006698851307985395,0.0003817436982204027,0.012344740863359335,,,
float32,graph,1313.3389892578125,0.0,0,0.9936032746253499,0.0,graph_cart_orders_n5_uniform_max,0.0,capacity,3114,0.005987548558255263,"max of cart graph affinity from last 5 observed events restricted to orders, with uniform weights; missing edges zero",fixed historical cutoff and observed prefix,False,capacity,0.0008775531832987768,0.0004716303406102926,0.00959717356290383,,,
float32,graph,1313.3389892578125,0.0,0,0.9936032746253499,0.0,graph_cart_orders_n5_uniform_mean,0.0,capacity,3132,0.003556724837260025,"mean of cart graph affinity from last 5 observed events restricted to orders, with uniform weights; missing edges zero",fixed historical cutoff and observed prefix,False,capacity,0.000828708940132265,0.0003696626245206373,0.005604925259817679,,,
float32,graph,204.71766662597656,0.0,0,0.9977646479758294,0.0,graph_cart_orders_n5_uniform_std,0.0,capacity,1086,0.011280362254623675,"std of cart graph affinity from last 5 observed events restricted to orders, with uniform weights; missing edges zero",fixed historical cutoff and observed prefix,False,capacity,0.000770878462592407,0.0008777210413601356,0.018233263493260658,,,
float32,graph,1313.3389892578125,0.0,0,0.9936032746253499,0.0,graph_cart_orders_n5_position_sum,0.0,capacity,3126,0.006344786042861901,"sum of cart graph affinity from last 5 observed events restricted to orders, with position weights; missing edges zero",fixed historical cutoff and observed prefix,False,capacity,0.0004060966739786343,-0.0002640978179073887,0.010374911716819703,,,
float32,graph,1313.3389892578125,0.0,0,0.9936032746253499,0.0,graph_cart_orders_n5_position_max,0.0,capacity,3122,0.004708334665812192,"max of cart graph affinity from last 5 observed events restricted to orders, with position weights; missing edges zero",fixed historical cutoff and observed prefix,False,capacity,0.00058229021047065,-0.00021062974014274098,0.007644861204537174,,,
float32,graph,1313.3389892578125,0.0,0,0.9936032746253499,1.2400340530837226e-07,graph_cart_orders_n5_position_mean,0.3333333333333333,capacity,3153,0.003265683803742858,"mean of cart graph affinity from last 5 observed events restricted to orders, with position weights; missing edges zero",fixed historical cutoff and observed prefix,False,capacity,0.0008659178521854676,0.0003705421897484762,0.0051132156026662805,,,
float32,graph,190.36216735839844,0.0,0,0.9975837186997216,0.0,graph_cart_orders_n5_position_std,0.0,capacity,1133,0.011212525029990785,"std of cart graph affinity from last 5 observed events restricted to orders, with position weights; missing edges zero",fixed historical cutoff and observed prefix,False,capacity,0.0008257400212392603,0.0009308268904604423,0.018084504934547878,,,
float32,graph,1313.3389892578125,0.0,0,0.9936032746253499,0.0,graph_cart_orders_n5_hour_sum,0.0,capacity,3138,0.008113566437344035,"sum of cart graph affinity from last 5 observed events restricted to orders, with hour weights; missing edges zero",fixed historical cutoff and observed prefix,False,capacity,0.001158198123723548,-0.00041678564014575734,0.013121184888213256,,,
float32,graph,1313.3389892578125,0.0,0,0.9936032746253499,0.0,graph_cart_orders_n5_hour_max,0.0,capacity,3136,0.006347219268323143,"max of cart graph affinity from last 5 observed events restricted to orders, with hour weights; missing edges zero",fixed historical cutoff and observed prefix,False,capacity,0.0014283109553387518,-0.0003637750200064644,0.010158759444645548,,,
float32,graph,1313.3389892578125,0.0,0,0.9936032746253499,7.232061279881644e-07,graph_cart_orders_n5_hour_mean,0.3333333333333333,capacity,3137,0.003818569845611325,"mean of cart graph affinity from last 5 observed events restricted to orders, with hour weights; missing edges zero",fixed historical cutoff and observed prefix,False,capacity,0.001029632317589097,0.0004835968077905933,0.005950879285858729,,,
float32,graph,231.52554321289062,0.0,0,0.9975487001301524,0.0,graph_cart_orders_n5_hour_std,0.0,capacity,1163,0.011799377210476655,"std of cart graph affinity from last 5 observed events restricted to orders, with hour weights; missing edges zero",fixed historical cutoff and observed prefix,False,capacity,0.000830851403244291,0.0009822593698264512,0.019036023765340485,,,
float32,graph,1313.3389892578125,0.0,0,0.9936032746253499,0.0,graph_cart_orders_n5_six_hours_sum,0.0,capacity,3138,0.008204032843826557,"sum of cart graph affinity from last 5 observed events restricted to orders, with six_hours weights; missing edges zero",fixed historical cutoff and observed prefix,False,capacity,0.0010290844051752278,0.0003610716279777305,0.013321338191526193,,,
float32,graph,1313.3389892578125,0.0,0,0.9936032746253499,0.0,graph_cart_orders_n5_six_hours_max,0.0,capacity,3137,0.00653309581103577,"max of cart graph affinity from last 5 observed events restricted to orders, with six_hours weights; missing edges zero",fixed historical cutoff and observed prefix,False,capacity,0.0012805513225994452,0.00046006659277854925,0.010445034501570435,,,
float32,graph,1313.3389892578125,0.0,0,0.9936032746253499,0.0,graph_cart_orders_n5_six_hours_mean,0.0,capacity,3137,0.003552882223777004,"mean of cart graph affinity from last 5 observed events restricted to orders, with six_hours weights; missing edges zero",fixed historical cutoff and observed prefix,False,capacity,0.0008254812866721164,0.0003679944595791918,0.005599892928726725,,,
float32,graph,204.71766662597656,0.0,0,0.997663483219296,6.787312500044562e-07,graph_cart_orders_n5_six_hours_std,0.3333333333333333,capacity,1113,0.011333580831633315,"std of cart graph affinity from last 5 observed events restricted to orders, with six_hours weights; missing edges zero",fixed historical cutoff and observed prefix,False,capacity,0.0007794511815183262,0.000884384453539102,0.01831720062903292,,,
float32,graph,1313.3389892578125,0.0,0,0.993249197977483,3.439234338340891e-06,graph_cart_orders_n10_uniform_sum,0.3333333333333333,capacity,3291,0.009793382151974155,"sum of cart graph affinity from last 10 observed events restricted to orders, with uniform weights; missing edges zero",fixed historical cutoff and observed prefix,False,capacity,0.0004670688225274636,0.0009056799085708131,0.01579161882858361,,,
float32,graph,1313.3389892578125,0.0,0,0.993249197977483,0.0,graph_cart_orders_n10_uniform_max,0.0,capacity,3290,0.0074844310299941,"max of cart graph affinity from last 10 observed events restricted to orders, with uniform weights; missing edges zero",fixed historical cutoff and observed prefix,False,capacity,0.0007411669858608378,0.0007373627134215385,0.011981842528969259,,,
float32,graph,1313.3389892578125,0.0,0,0.993249197977483,0.0,graph_cart_orders_n10_uniform_mean,0.0,capacity,3309,0.004024384895459634,"mean of cart graph affinity from last 10 observed events restricted to orders, with uniform weights; missing edges zero",fixed historical cutoff and observed prefix,False,capacity,0.0007993308862433867,-0.00010841166786145562,0.006519880510794765,,,
float32,graph,204.71766662597656,0.0,0,0.9974358625170958,1.4370192210947543e-06,graph_cart_orders_n10_uniform_std,0.3333333333333333,capacity,1247,0.01350186938691313,"std of cart graph affinity from last 10 observed events restricted to orders, with uniform weights; missing edges zero",fixed historical cutoff and observed prefix,False,capacity,0.0003899037548467189,0.0033629627859906035,0.020756650292718795,,,
float32,graph,1313.3389892578125,0.0,0,0.993249197977483,0.0,graph_cart_orders_n10_position_sum,0.0,capacity,3303,0.007209246301681486,"sum of cart graph affinity from last 10 observed events restricted to orders, with position weights; missing edges zero",fixed historical cutoff and observed prefix,False,capacity,0.000320852704867454,-3.814152410955107e-05,0.01194286428993646,,,
float32,graph,1313.3389892578125,0.0,0,0.993249197977483,0.0,graph_cart_orders_n10_position_max,0.0,capacity,3299,0.00529545649975036,"max of cart graph affinity from last 10 observed events restricted to orders, with position weights; missing edges zero",fixed historical cutoff and observed prefix,False,capacity,0.0005238297315743292,-9.619547031879084e-05,0.008690358142495483,,,
float32,graph,1313.3389892578125,0.0,0,0.993249197977483,0.0,graph_cart_orders_n10_position_mean,0.0,capacity,3334,0.0037261229114600616,"mean of cart graph affinity from last 10 observed events restricted to orders, with position weights; missing edges zero",fixed historical cutoff and observed prefix,False,capacity,0.0008334656872126135,-7.123871069543036e-05,0.006035674549216952,,,
float32,graph,190.36216735839844,0.0,0,0.9972238056235931,0.0,graph_cart_orders_n10_position_std,0.0,capacity,1302,0.013369689272460262,"std of cart graph affinity from last 10 observed events restricted to orders, with position weights; missing edges zero",fixed historical cutoff and observed prefix,False,capacity,0.00042540719580811727,0.0035262168233569733,0.020448805843120598,,,
float32,graph,1313.3389892578125,0.0,0,0.993249197977483,2.270263942826538e-06,graph_cart_orders_n10_hour_sum,0.3333333333333333,capacity,3317,0.01000216476151007,"sum of cart graph affinity from last 10 observed events restricted to orders, with hour weights; missing edges zero",fixed historical cutoff and observed prefix,False,capacity,0.0009927376604234811,7.547035960882886e-05,0.01646708314597512,,,
float32,graph,1313.3389892578125,0.0,0,0.993249197977483,1.1707217416763753e-06,graph_cart_orders_n10_hour_max,0.3333333333333333,capacity,3315,0.0077120858131035875,"max of cart graph affinity from last 10 observed events restricted to orders, with hour weights; missing edges zero",fixed historical cutoff and observed prefix,False,capacity,0.0013254060720600432,-0.00011145844775435255,0.012576846119285463,,,
float32,graph,1313.3389892578125,0.0,0,0.993249197977483,0.0,graph_cart_orders_n10_hour_mean,0.0,capacity,3316,0.0042514896661019754,"mean of cart graph affinity from last 10 observed events restricted to orders, with hour weights; missing edges zero",fixed historical cutoff and observed prefix,False,capacity,0.000998633951011128,-1.6394889086247474e-05,0.006911179673791647,,,
float32,graph,231.52554321289062,0.0,0,0.9972101872909829,2.797350039498177e-07,graph_cart_orders_n10_hour_std,0.3333333333333333,capacity,1325,0.01399247630502155,"std of cart graph affinity from last 10 observed events restricted to orders, with hour weights; missing edges zero",fixed historical cutoff and observed prefix,False,capacity,0.00042641578123556845,0.003533982300831486,0.021482733394414245,,,
float32,graph,1313.3389892578125,0.0,0,0.993249197977483,1.5222725801289437e-06,graph_cart_orders_n10_six_hours_sum,0.3333333333333333,capacity,3317,0.010499448561428426,"sum of cart graph affinity from last 10 observed events restricted to orders, with six_hours weights; missing edges zero",fixed historical cutoff and observed prefix,False,capacity,0.000814541819291922,0.0009028659268047411,0.016911891002429687,,,
float32,graph,1313.3389892578125,0.0,0,0.993249197977483,0.0,graph_cart_orders_n10_six_hours_max,0.0,capacity,3316,0.008127693991529931,"max of cart graph affinity from last 10 observed events restricted to orders, with six_hours weights; missing edges zero",fixed historical cutoff and observed prefix,False,capacity,0.0011399614267981282,0.0007356188232846387,0.012988353669774544,,,
float32,graph,1313.3389892578125,0.0,0,0.993249197977483,0.0,graph_cart_orders_n10_six_hours_mean,0.0,capacity,3316,0.0040210587156395165,"mean of cart graph affinity from last 10 observed events restricted to orders, with six_hours weights; missing edges zero",fixed historical cutoff and observed prefix,False,capacity,0.0007959513852129712,-0.00010972353092654572,0.006514244196400426,,,
float32,graph,204.71766662597656,0.0,0,0.9973288613323009,0.0,graph_cart_orders_n10_six_hours_std,0.0,capacity,1277,0.013552995937220954,"std of cart graph affinity from last 10 observed events restricted to orders, with six_hours weights; missing edges zero",fixed historical cutoff and observed prefix,False,capacity,0.0003956673878383907,0.003377607579244087,0.020833578207773148,,,
float32,graph,1313.3389892578125,0.0,0,0.9926850099122007,0.0,graph_cart_orders_n20_uniform_sum,0.0,capacity,3553,0.010618421359950747,"sum of cart graph affinity from last 20 observed events restricted to orders, with uniform weights; missing edges zero",fixed historical cutoff and observed prefix,False,capacity,0.0011665994442557823,0.0025718572909500187,0.01621700704706694,,,
float32,graph,1313.3389892578125,0.0,0,0.9926850099122007,0.0,graph_cart_orders_n20_uniform_max,0.0,capacity,3552,0.008493551977546629,"max of cart graph affinity from last 20 observed events restricted to orders, with uniform weights; missing edges zero",fixed historical cutoff and observed prefix,False,capacity,0.0015283020668085186,0.0022972033964032044,0.01275260125324136,,,
float32,graph,1313.3389892578125,0.0,0,0.9926850099122007,0.0,graph_cart_orders_n20_uniform_mean,0.0,capacity,3574,0.0035205715813247636,"mean of cart graph affinity from last 20 observed events restricted to orders, with uniform weights; missing edges zero",fixed historical cutoff and observed prefix,False,capacity,0.0007006690860933032,0.0001512836045114839,0.005675199318936647,,,
float32,graph,204.71766662597656,0.0,0,0.9970856768214034,0.0,graph_cart_orders_n20_uniform_std,0.0,capacity,1418,0.017882517875207497,"std of cart graph affinity from last 20 observed events restricted to orders, with uniform weights; missing edges zero",fixed historical cutoff and observed prefix,False,capacity,0.0025149685433018005,0.007096211650948094,0.025836929209321485,,,
float32,graph,1313.3389892578125,0.0,0,0.9926850099122007,0.0,graph_cart_orders_n20_position_sum,0.0,capacity,3590,0.00786689323235233,"sum of cart graph affinity from last 20 observed events restricted to orders, with position weights; missing edges zero",fixed historical cutoff and observed prefix,False,capacity,0.0006023882993294344,0.0007053758643884261,0.012658402738504765,,,
float32,graph,1313.3389892578125,0.0,0,0.9926850099122007,0.0,graph_cart_orders_n20_position_max,0.0,capacity,3585,0.005869987151594676,"max of cart graph affinity from last 20 observed events restricted to orders, with position weights; missing edges zero",fixed historical cutoff and observed prefix,False,capacity,0.0008382905034073141,0.000555050105215701,0.00936607178281539,,,
float32,graph,1313.3389892578125,0.0,0,0.9926850099122007,0.0,graph_cart_orders_n20_position_mean,0.0,capacity,3605,0.003254730474746719,"mean of cart graph affinity from last 20 observed events restricted to orders, with position weights; missing edges zero",fixed historical cutoff and observed prefix,False,capacity,0.0007127763167637121,0.00015485472410033948,0.00522832737640041,,,
float32,graph,190.36216735839844,0.0,0,0.9968794563561622,8.889619025367021e-06,graph_cart_orders_n20_position_std,0.3333333333333333,capacity,1475,0.01779698274352248,"std of cart graph affinity from last 20 observed events restricted to orders, with position weights; missing edges zero",fixed historical cutoff and observed prefix,False,capacity,0.002533758201533847,0.007228261404864,0.025625214169849826,,,
float32,graph,1313.3389892578125,0.0,0,0.9926850099122007,0.0,graph_cart_orders_n20_hour_sum,0.0,capacity,3604,0.011621193605373531,"sum of cart graph affinity from last 20 observed events restricted to orders, with hour weights; missing edges zero",fixed historical cutoff and observed prefix,False,capacity,0.0014188680042475964,0.0019406288346574387,0.018161863590919234,,,
float32,graph,1313.3389892578125,0.0,0,0.9926850099122007,0.0,graph_cart_orders_n20_hour_max,0.0,capacity,3602,0.009340071340542504,"max of cart graph affinity from last 20 observed events restricted to orders, with hour weights; missing edges zero",fixed historical cutoff and observed prefix,False,capacity,0.0018335425530430407,0.0016626908769390948,0.014429849703594119,,,
float32,graph,1313.3389892578125,0.0,0,0.9926850099122007,0.0,graph_cart_orders_n20_hour_mean,0.0,capacity,3603,0.00397006032443267,"mean of cart graph affinity from last 20 observed events restricted to orders, with hour weights; missing edges zero",fixed historical cutoff and observed prefix,False,capacity,0.0009312566552473004,0.0003386788672717318,0.006292218331210701,,,
float32,graph,231.52554321289062,0.0,0,0.9967821825518032,2.7335408251270716e-05,graph_cart_orders_n20_hour_std,0.6666666666666666,capacity,1522,0.018464344950087135,"std of cart graph affinity from last 20 observed events restricted to orders, with hour weights; missing edges zero",fixed historical cutoff and observed prefix,False,capacity,0.001430214223968257,0.007396790799519134,0.026837143813057615,,,
float32,graph,1313.3389892578125,0.0,0,0.9926850099122007,0.0,graph_cart_orders_n20_six_hours_sum,0.0,capacity,3604,0.012208893410490479,"sum of cart graph affinity from last 20 observed events restricted to orders, with six_hours weights; missing edges zero",fixed historical cutoff and observed prefix,False,capacity,0.0012445377240967732,0.0029763450284264288,0.018652560215921456,,,
float32,graph,1313.3389892578125,0.0,0,0.9926850099122007,0.0,graph_cart_orders_n20_six_hours_max,0.0,capacity,3603,0.009964607353443272,"max of cart graph affinity from last 20 observed events restricted to orders, with six_hours weights; missing edges zero",fixed historical cutoff and observed prefix,False,capacity,0.001655296216924704,0.0027221785877316524,0.014970706925718842,,,
float32,graph,1313.3389892578125,0.0,0,0.9926850099122007,0.0,graph_cart_orders_n20_six_hours_mean,0.0,capacity,3589,0.0035191545868039726,"mean of cart graph affinity from last 20 observed events restricted to orders, with six_hours weights; missing edges zero",fixed historical cutoff and observed prefix,False,capacity,0.0007007866234595972,0.00015342233562163412,0.005671748706285872,,,
float32,graph,204.71766662597656,0.0,0,0.996941711590952,2.1540735178286247e-05,graph_cart_orders_n20_six_hours_std,0.3333333333333333,capacity,1454,0.017936144111871888,"std of cart graph affinity from last 20 observed events restricted to orders, with six_hours weights; missing edges zero",fixed historical cutoff and observed prefix,False,capacity,0.0025264110831396025,0.007117140898522317,0.02591393455666872,,,
float32,graph,1313.3389892578125,0.0,0,0.9926324820578468,0.0,graph_cart_orders_n50_uniform_sum,0.0,capacity,3580,0.010384502694936976,"sum of cart graph affinity from last 50 observed events restricted to orders, with uniform weights; missing edges zero",fixed historical cutoff and observed prefix,False,capacity,0.0010431888578699424,0.002473439248433539,0.015896920057699868,,,
float32,graph,1313.3389892578125,0.0,0,0.9926324820578468,0.0,graph_cart_orders_n50_uniform_max,0.0,capacity,3579,0.008420178993456267,"max of cart graph affinity from last 50 observed events restricted to orders, with uniform weights; missing edges zero",fixed historical cutoff and observed prefix,False,capacity,0.0014637683264893079,0.0022553685002691627,0.012661986017877646,,,
float32,graph,1313.3389892578125,0.0,0,0.9926324820578468,0.0,graph_cart_orders_n50_uniform_mean,0.0,capacity,3603,0.0034888549749494593,"mean of cart graph affinity from last 50 observed events restricted to orders, with uniform weights; missing edges zero",fixed historical cutoff and observed prefix,False,capacity,0.0006575064733699381,0.00012893760332321455,0.005640705077692502,,,
float32,graph,204.71766662597656,0.0,0,0.9970370399192239,1.3739414071805623e-06,graph_cart_orders_n50_uniform_std,0.3333333333333333,capacity,1445,0.017336541265654586,"std of cart graph affinity from last 50 observed events restricted to orders, with uniform weights; missing edges zero",fixed historical cutoff and observed prefix,False,capacity,0.002319783530829845,0.0068386355321968665,0.02508828708818757,,,
float32,graph,1313.3389892578125,0.0,0,0.9926324820578468,0.0,graph_cart_orders_n50_position_sum,0.0,capacity,3617,0.007839434384292451,"sum of cart graph affinity from last 50 observed events restricted to orders, with position weights; missing edges zero",fixed historical cutoff and observed prefix,False,capacity,0.0005711534538317752,0.0006882163106811375,0.012626423576174889,,,
float32,graph,1313.3389892578125,0.0,0,0.9926324820578468,0.0,graph_cart_orders_n50_position_max,0.0,capacity,3612,0.005857936333096098,"max of cart graph affinity from last 50 observed events restricted to orders, with position weights; missing edges zero",fixed historical cutoff and observed prefix,False,capacity,0.0008205241133340979,0.0005455506034465376,0.009353697901214545,,,
float32,graph,1313.3389892578125,0.0,0,0.9926324820578468,1.0521978443905185e-06,graph_cart_orders_n50_position_mean,0.3333333333333333,capacity,3632,0.0032226065522353653,"mean of cart graph affinity from last 50 observed events restricted to orders, with position weights; missing edges zero",fixed historical cutoff and observed prefix,False,capacity,0.0006682517930655115,0.0001318256357929378,0.005193722803651555,,,
float32,graph,190.36216735839844,0.0,0,0.996823037549634,1.4140431008012013e-05,graph_cart_orders_n50_position_std,0.3333333333333333,capacity,1501,0.01724172195967161,"std of cart graph affinity from last 50 observed events restricted to orders, with position weights; missing edges zero",fixed historical cutoff and observed prefix,False,capacity,0.0023346550759688195,0.0069618581066925485,0.024866165033444944,,,
float32,graph,1313.3389892578125,0.0,0,0.9926324820578468,0.0,graph_cart_orders_n50_hour_sum,0.0,capacity,3631,0.011586051719558484,"sum of cart graph affinity from last 50 observed events restricted to orders, with hour weights; missing edges zero",fixed historical cutoff and observed prefix,False,capacity,0.0013845867740176362,0.0019205625288720364,0.01811904047249185,,,
float32,graph,1313.3389892578125,0.0,0,0.9926324820578468,0.0,graph_cart_orders_n50_hour_max,0.0,capacity,3629,0.009303851083094592,"max of cart graph affinity from last 50 observed events restricted to orders, with hour weights; missing edges zero",fixed historical cutoff and observed prefix,False,capacity,0.0017952641012099488,0.0016410388055380586,0.014386688385520301,,,
float32,graph,1313.3389892578125,0.0,0,0.9926324820578468,0.0,graph_cart_orders_n50_hour_mean,0.0,capacity,3630,0.0039057227901804575,"mean of cart graph affinity from last 50 observed events restricted to orders, with hour weights; missing edges zero",fixed historical cutoff and observed prefix,False,capacity,0.0008577842857030911,0.00030073617314574445,0.006216205849444042,,,
float32,graph,231.52554321289062,0.0,0,0.9967724551713673,0.0,graph_cart_orders_n50_hour_std,0.0,capacity,1527,0.01846510512550672,"std of cart graph affinity from last 50 observed events restricted to orders, with hour weights; missing edges zero",fixed historical cutoff and observed prefix,False,capacity,0.0014298294902955688,0.007396948346261591,0.026838396120997806,,,
float32,graph,1313.3389892578125,0.0,0,0.9926324820578468,0.0,graph_cart_orders_n50_six_hours_sum,0.0,capacity,3631,0.012123391283065943,"sum of cart graph affinity from last 50 observed events restricted to orders, with six_hours weights; missing edges zero",fixed historical cutoff and observed prefix,False,capacity,0.0011836502438053824,0.002933349471326258,0.01854170236214588,,,
float32,graph,1313.3389892578125,0.0,0,0.9926324820578468,0.0,graph_cart_orders_n50_six_hours_max,0.0,capacity,3630,0.00987776977929753,"max of cart graph affinity from last 50 observed events restricted to orders, with six_hours weights; missing edges zero",fixed historical cutoff and observed prefix,False,capacity,0.0015868514779012357,0.0026755880345081264,0.014860680368591615,,,
float32,graph,1313.3389892578125,0.0,0,0.9926324820578468,0.0,graph_cart_orders_n50_six_hours_mean,0.0,capacity,3616,0.0034651433529766006,"mean of cart graph affinity from last 50 observed events restricted to orders, with six_hours weights; missing edges zero",fixed historical cutoff and observed prefix,False,capacity,0.0006354052195536934,0.00011998121496805921,0.005609347444218022,,,
float32,graph,204.71766662597656,0.0,0,0.996887238260511,0.0,graph_cart_orders_n50_six_hours_std,0.0,capacity,1479,0.017907956726369884,"std of cart graph affinity from last 50 observed events restricted to orders, with six_hours weights; missing edges zero",fixed historical cutoff and observed prefix,False,capacity,0.002500034167472823,0.007098210979490508,0.02588081669295908,,,
float32,graph,2999.599365234375,0.0,0,0.5904772836484681,0.00038463549876419675,graph_order_all_n1_uniform_sum,1.0,capacity,175646,0.012915390054477668,"sum of order graph affinity from last 1 observed events restricted to all, with uniform weights; missing edges zero",fixed historical cutoff and observed prefix,False,capacity,0.019756236875471577,0.01833617232136069,0.00906485778420384,,,
float32,graph,2999.599365234375,0.0,0,0.5904772836484681,,graph_order_all_n1_uniform_max,,duplicate,175646,0.012915390054477668,"max of order graph affinity from last 1 observed events restricted to all, with uniform weights; missing edges zero",fixed historical cutoff and observed prefix,False,duplicate,0.019756236875471577,0.01833617232136069,0.00906485778420384,graph_order_all_n1_uniform_sum,,
float32,graph,2999.599365234375,0.0,0,0.5904772836484681,,graph_order_all_n1_uniform_mean,,duplicate,175646,0.012915390054477668,"mean of order graph affinity from last 1 observed events restricted to all, with uniform weights; missing edges zero",fixed historical cutoff and observed prefix,False,duplicate,0.019756236875471577,0.01833617232136069,0.00906485778420384,graph_order_all_n1_uniform_sum,,
float32,graph,0.0,0.0,0,1.0,,graph_order_all_n1_uniform_std,,constant,1,0.0,"std of order graph affinity from last 1 observed events restricted to all, with uniform weights; missing edges zero",fixed historical cutoff and observed prefix,False,constant,0.0,0.0,0.0,,,
float32,graph,2999.599365234375,0.0,0,0.5904772836484681,,graph_order_all_n1_position_sum,,duplicate,175646,0.012915390054477668,"sum of order graph affinity from last 1 observed events restricted to all, with position weights; missing edges zero",fixed historical cutoff and observed prefix,False,duplicate,0.019756236875471577,0.01833617232136069,0.00906485778420384,graph_order_all_n1_uniform_sum,,
float32,graph,2999.599365234375,0.0,0,0.5904772836484681,,graph_order_all_n1_position_max,,duplicate,175646,0.012915390054477668,"max of order graph affinity from last 1 observed events restricted to all, with position weights; missing edges zero",fixed historical cutoff and observed prefix,False,duplicate,0.019756236875471577,0.01833617232136069,0.00906485778420384,graph_order_all_n1_uniform_sum,,
float32,graph,2999.599365234375,0.0,0,0.5904772836484681,,graph_order_all_n1_position_mean,,duplicate,175646,0.012915390054477668,"mean of order graph affinity from last 1 observed events restricted to all, with position weights; missing edges zero",fixed historical cutoff and observed prefix,False,duplicate,0.019756236875471577,0.01833617232136069,0.00906485778420384,graph_order_all_n1_uniform_sum,,
float32,graph,0.0,0.0,0,1.0,,graph_order_all_n1_position_std,,constant,1,0.0,"std of order graph affinity from last 1 observed events restricted to all, with position weights; missing edges zero",fixed historical cutoff and observed prefix,False,constant,0.0,0.0,0.0,,,
float32,graph,2999.599365234375,0.0,0,0.5904772836484681,,graph_order_all_n1_hour_sum,,duplicate,175646,0.012915390054477668,"sum of order graph affinity from last 1 observed events restricted to all, with hour weights; missing edges zero",fixed historical cutoff and observed prefix,False,duplicate,0.019756236875471577,0.01833617232136069,0.00906485778420384,graph_order_all_n1_uniform_sum,,
float32,graph,2999.599365234375,0.0,0,0.5904772836484681,,graph_order_all_n1_hour_max,,duplicate,175646,0.012915390054477668,"max of order graph affinity from last 1 observed events restricted to all, with hour weights; missing edges zero",fixed historical cutoff and observed prefix,False,duplicate,0.019756236875471577,0.01833617232136069,0.00906485778420384,graph_order_all_n1_uniform_sum,,
float32,graph,2999.599365234375,0.0,0,0.5904772836484681,,graph_order_all_n1_hour_mean,,duplicate,175646,0.012915390054477668,"mean of order graph affinity from last 1 observed events restricted to all, with hour weights; missing edges zero",fixed historical cutoff and observed prefix,False,duplicate,0.019756236875471577,0.01833617232136069,0.00906485778420384,graph_order_all_n1_uniform_sum,,
float32,graph,0.0,0.0,0,1.0,,graph_order_all_n1_hour_std,,constant,1,0.0,"std of order graph affinity from last 1 observed events restricted to all, with hour weights; missing edges zero",fixed historical cutoff and observed prefix,False,constant,0.0,0.0,0.0,,,
float32,graph,2999.599365234375,0.0,0,0.5904772836484681,,graph_order_all_n1_six_hours_sum,,duplicate,175646,0.012915390054477668,"sum of order graph affinity from last 1 observed events restricted to all, with six_hours weights; missing edges zero",fixed historical cutoff and observed prefix,False,duplicate,0.019756236875471577,0.01833617232136069,0.00906485778420384,graph_order_all_n1_uniform_sum,,
float32,graph,2999.599365234375,0.0,0,0.5904772836484681,,graph_order_all_n1_six_hours_max,,duplicate,175646,0.012915390054477668,"max of order graph affinity from last 1 observed events restricted to all, with six_hours weights; missing edges zero",fixed historical cutoff and observed prefix,False,duplicate,0.019756236875471577,0.01833617232136069,0.00906485778420384,graph_order_all_n1_uniform_sum,,
float32,graph,2999.599365234375,0.0,0,0.5904772836484681,,graph_order_all_n1_six_hours_mean,,duplicate,175646,0.012915390054477668,"mean of order graph affinity from last 1 observed events restricted to all, with six_hours weights; missing edges zero",fixed historical cutoff and observed prefix,False,duplicate,0.019756236875471577,0.01833617232136069,0.00906485778420384,graph_order_all_n1_uniform_sum,,
float32,graph,0.0,0.0,0,1.0,,graph_order_all_n1_six_hours_std,,constant,1,0.0,"std of order graph affinity from last 1 observed events restricted to all, with six_hours weights; missing edges zero",fixed historical cutoff and observed prefix,False,constant,0.0,0.0,0.0,,,
float32,graph,8998.7978515625,0.0,0,0.490152972784735,6.833390316682183e-05,graph_order_all_n3_uniform_sum,0.6666666666666666,capacity,228180,0.017753163079875633,"sum of order graph affinity from last 3 observed events restricted to all, with uniform weights; missing edges zero",fixed historical cutoff and observed prefix,False,capacity,0.017786195093917354,0.029007264160925247,0.012120607203677206,,,
float32,graph,2999.599365234375,0.0,0,0.490152972784735,2.4923024372686674e-05,graph_order_all_n3_uniform_max,0.6666666666666666,capacity,211803,0.01689655356212165,"max of order graph affinity from last 3 observed events restricted to all, with uniform weights; missing edges zero",fixed historical cutoff and observed prefix,False,capacity,0.02171411668224173,0.026634201266722096,0.011224802523134745,,,
float32,graph,2999.599365234375,0.0,0,0.490152972784735,3.295388378925346e-05,graph_order_all_n3_uniform_mean,1.0,capacity,233055,0.014400487903888282,"mean of order graph affinity from last 3 observed events restricted to all, with uniform weights; missing edges zero",fixed historical cutoff and observed prefix,False,capacity,0.01998559209455538,0.02255406449506016,0.009392848909857825,,,
float32,graph,1414.024658203125,0.0,0,0.7518233974627101,1.5932890376395398e-05,graph_order_all_n3_uniform_std,0.6666666666666666,capacity,117892,0.014469965461381892,"std of order graph affinity from last 3 observed events restricted to all, with uniform weights; missing edges zero",fixed historical cutoff and observed prefix,False,capacity,0.016585157763302424,0.02400181752440759,0.009351507379548958,,,
float32,graph,6852.4560546875,0.0,0,0.490152972784735,3.075736972177886e-05,graph_order_all_n3_position_sum,1.0,capacity,233679,0.017100716907215728,"sum of order graph affinity from last 3 observed events restricted to all, with position weights; missing edges zero",fixed historical cutoff and observed prefix,False,capacity,0.01886395637741132,0.02738025956296639,0.011667072334307802,,,
float32,graph,2999.599365234375,0.0,0,0.490152972784735,7.756272587672236e-05,graph_order_all_n3_position_max,1.0,capacity,222999,0.016212946216356654,"max of order graph affinity from last 3 observed events restricted to all, with position weights; missing edges zero",fixed historical cutoff and observed prefix,False,capacity,0.02183671259935541,0.025181734049373686,0.01079125790268168,,,
float32,graph,2999.599365234375,0.0,0,0.490152972784735,2.4518855135586983e-05,graph_order_all_n3_position_mean,1.0,capacity,235941,0.014331435606112098,"mean of order graph affinity from last 3 observed events restricted to all, with position weights; missing edges zero",fixed historical cutoff and observed prefix,False,capacity,0.020246382003893084,0.02220025757935703,0.009411200219859469,,,
float32,graph,1488.127197265625,0.0,0,0.7351000850173051,1.4205931013839892e-05,graph_order_all_n3_position_std,0.6666666666666666,capacity,119273,0.01462408120275068,"std of order graph affinity from last 3 observed events restricted to all, with position weights; missing edges zero",fixed historical cutoff and observed prefix,False,capacity,0.016619211603462677,0.024333335930797544,0.00943693210527525,,,
float32,graph,8989.19921875,0.0,0,0.490152972784735,6.00004176934071e-05,graph_order_all_n3_hour_sum,1.0,capacity,237749,0.018145571582584334,"sum of order graph affinity from last 3 observed events restricted to all, with hour weights; missing edges zero",fixed historical cutoff and observed prefix,False,capacity,0.018434802051510966,0.029545970893724106,0.012397166848860011,,,
float32,graph,2999.599365234375,0.0,0,0.490152972784735,4.600516043451387e-06,graph_order_all_n3_hour_max,0.6666666666666666,capacity,228027,0.017234770166897277,"max of order graph affinity from last 3 observed events restricted to all, with hour weights; missing edges zero",fixed historical cutoff and observed prefix,False,capacity,0.02235617861490696,0.027061980227601076,0.011467597061877098,,,
float32,graph,2999.599609375,0.0,0,0.490152972784735,9.688391556651223e-05,graph_order_all_n3_hour_mean,1.0,capacity,239316,0.01446613088672968,"mean of order graph affinity from last 3 observed events restricted to all, with hour weights; missing edges zero",fixed historical cutoff and observed prefix,False,capacity,0.02022346884562912,0.02265727428892068,0.00941100285915094,,,
float32,graph,1498.2359619140625,0.0,0,0.7472437467534868,0.00011620239592690431,graph_order_all_n3_hour_std,1.0,capacity,121791,0.014900948446654641,"std of order graph affinity from last 3 observed events restricted to all, with hour weights; missing edges zero",fixed historical cutoff and observed prefix,False,capacity,0.017244949910519725,0.024609195696103776,0.009656157911285894,,,
float32,graph,8997.197265625,0.0,0,0.490152972784735,4.661378360131869e-05,graph_order_all_n3_six_hours_sum,0.3333333333333333,capacity,237681,0.017995161773093793,"sum of order graph affinity from last 3 observed events restricted to all, with six_hours weights; missing edges zero",fixed historical cutoff and observed prefix,False,capacity,0.01817143242954623,0.029356851419261667,0.012284938507267786,,,
float32,graph,2999.599365234375,0.0,0,0.490152972784735,1.3828841525912948e-05,graph_order_all_n3_six_hours_max,0.3333333333333333,capacity,227844,0.017122864580181744,"max of order graph affinity from last 3 observed events restricted to all, with six_hours weights; missing edges zero",fixed historical cutoff and observed prefix,False,capacity,0.022114656873229388,0.026952116642118957,0.011376273167038532,,,
float32,graph,2999.599609375,0.0,0,0.490152972784735,2.9775995808190463e-05,graph_order_all_n3_six_hours_mean,0.6666666666666666,capacity,239520,0.0144483993554714,"mean of order graph affinity from last 3 observed events restricted to all, with six_hours weights; missing edges zero",fixed historical cutoff and observed prefix,False,capacity,0.02011702240454266,0.022638937475719455,0.00940835978716883,,,
float32,graph,1442.396240234375,0.0,0,0.744241877150967,8.521226190167833e-05,graph_order_all_n3_six_hours_std,1.0,capacity,123028,0.014766429815579839,"std of order graph affinity from last 3 observed events restricted to all, with six_hours weights; missing edges zero",fixed historical cutoff and observed prefix,False,capacity,0.01696413089518531,0.02440238112053053,0.009582170649836916,,,
float32,graph,11998.3974609375,0.0,0,0.4616517481075381,8.293763177050644e-05,graph_order_all_n5_uniform_sum,1.0,capacity,241696,0.024333246757713763,"sum of order graph affinity from last 5 observed events restricted to all, with uniform weights; missing edges zero",fixed historical cutoff and observed prefix,False,capacity,0.01794834598663166,0.03809941607323784,0.018514312228465408,,,
float32,graph,2999.599365234375,0.0,0,0.4616517481075381,1.5574863808203145e-05,graph_order_all_n5_uniform_max,0.6666666666666666,capacity,221255,0.02109078417857333,"max of order graph affinity from last 5 observed events restricted to all, with uniform weights; missing edges zero",fixed historical cutoff and observed prefix,False,capacity,0.021120040399265474,0.03005537798711485,0.01660361123752055,,,
float32,graph,2999.599365234375,0.0,0,0.4616517481075381,0.00016102730185965246,graph_order_all_n5_uniform_mean,1.0,capacity,247828,0.015682311732788397,"mean of order graph affinity from last 5 observed events restricted to all, with uniform weights; missing edges zero",fixed historical cutoff and observed prefix,False,capacity,0.020352279459998936,0.024074370739354742,0.010707954274970137,,,
float32,graph,1468.51806640625,0.0,0,0.7185946658936642,6.706049585740014e-05,graph_order_all_n5_uniform_std,1.0,capacity,135268,0.019021965414889437,"std of order graph affinity from last 5 observed events restricted to all, with uniform weights; missing edges zero",fixed historical cutoff and observed prefix,False,capacity,0.015321100179551744,0.02812231835284619,0.015088599818467345,,,
float32,graph,8352.255859375,0.0,0,0.4616517481075381,8.547107097033609e-05,graph_order_all_n5_position_sum,1.0,capacity,248233,0.02175542410131817,"sum of order graph affinity from last 5 observed events restricted to all, with position weights; missing edges zero",fixed historical cutoff and observed prefix,False,capacity,0.01925716749489131,0.03408206286226431,0.016008480821916245,,,
float32,graph,2999.599365234375,0.0,0,0.4616517481075381,1.890451966741532e-05,graph_order_all_n5_position_max,1.0,capacity,236711,0.018550563020533796,"max of order graph affinity from last 5 observed events restricted to all, with position weights; missing edges zero",fixed historical cutoff and observed prefix,False,capacity,0.02171537129266551,0.027350540915525905,0.013623106027682458,,,
float32,graph,2999.599365234375,0.0,0,0.4616517481075381,0.00016292640400472253,graph_order_all_n5_position_mean,1.0,capacity,250452,0.015396409574121214,"mean of order graph affinity from last 5 observed events restricted to all, with position weights; missing edges zero",fixed historical cutoff and observed prefix,False,capacity,0.020637893643403172,0.023620531349522727,0.0104107680082068,,,
float32,graph,1488.127197265625,0.0,0,0.7048518228138199,4.482134497624487e-06,graph_order_all_n5_position_std,0.3333333333333333,capacity,136551,0.019083361289702182,"std of order graph affinity from last 5 observed events restricted to all, with position weights; missing edges zero",fixed historical cutoff and observed prefix,False,capacity,0.01566391063823534,0.02890606198914609,0.014741919381891367,,,
float32,graph,11929.109375,0.0,0,0.4616517481075381,3.296909261706921e-06,graph_order_all_n5_hour_sum,0.6666666666666666,capacity,252447,0.024815558375020436,"sum of order graph affinity from last 5 observed events restricted to all, with hour weights; missing edges zero",fixed historical cutoff and observed prefix,False,capacity,0.018751499264345196,0.039152410869433,0.018657808646260026,,,
float32,graph,2999.599365234375,0.0,0,0.4616517481075381,6.923392823373013e-05,graph_order_all_n5_hour_max,1.0,capacity,242607,0.021280545864684006,"max of order graph affinity from last 5 observed events restricted to all, with hour weights; missing edges zero",fixed historical cutoff and observed prefix,False,capacity,0.022013659427366168,0.030713686261196967,0.016441790072647164,,,
float32,graph,2999.599609375,0.0,0,0.4616517481075381,5.349274563260929e-05,graph_order_all_n5_hour_mean,0.6666666666666666,capacity,254165,0.015809688958220082,"mean of order graph affinity from last 5 observed events restricted to all, with hour weights; missing edges zero",fixed historical cutoff and observed prefix,False,capacity,0.02072995522101618,0.02459952555124997,0.010594726284572458,,,
float32,graph,1498.2359619140625,0.0,0,0.7146122763432053,6.012965509652539e-06,graph_order_all_n5_hour_std,0.6666666666666666,capacity,138938,0.019526374565688332,"std of order graph affinity from last 5 observed events restricted to all, with hour weights; missing edges zero",fixed historical cutoff and observed prefix,False,capacity,0.016089295378829856,0.029067200161371265,0.015328808298989945,,,
float32,graph,11986.7646484375,0.0,0,0.4616517481075381,0.00011161177350566119,graph_order_all_n5_six_hours_sum,1.0,capacity,252379,0.024643126012697265,"sum of order graph affinity from last 5 observed events restricted to all, with six_hours weights; missing edges zero",fixed historical cutoff and observed prefix,False,capacity,0.018354718755567104,0.038666448354744136,0.01867953271786219,,,
float32,graph,2999.599365234375,0.0,0,0.4616517481075381,4.166380660931336e-05,graph_order_all_n5_six_hours_max,1.0,capacity,242441,0.0213182462130291,"max of order graph affinity from last 5 observed events restricted to all, with six_hours weights; missing edges zero",fixed historical cutoff and observed prefix,False,capacity,0.021658738898756108,0.030511942348406106,0.016664649364386094,,,
float32,graph,2999.599609375,0.0,0,0.4616517481075381,2.9743207998937538e-05,graph_order_all_n5_six_hours_mean,0.6666666666666666,capacity,254465,0.01582089426616904,"mean of order graph affinity from last 5 observed events restricted to all, with six_hours weights; missing edges zero",fixed historical cutoff and observed prefix,False,capacity,0.0206070014190268,0.024534220280163065,0.010666546733695737,,,
float32,graph,1468.326416015625,0.0,0,0.7112621665210802,4.6817972029896666e-05,graph_order_all_n5_six_hours_std,1.0,capacity,140350,0.0193591670660717,"std of order graph affinity from last 5 observed events restricted to all, with six_hours weights; missing edges zero",fixed historical cutoff and observed prefix,False,capacity,0.015709442760765396,0.02869232338347161,0.015300876291589462,,,
float32,graph,23996.794921875,0.0,0,0.43625939421765597,5.2511980174162544e-05,graph_order_all_n10_uniform_sum,1.0,capacity,253492,0.029509373052232547,"sum of order graph affinity from last 10 observed events restricted to all, with uniform weights; missing edges zero",fixed historical cutoff and observed prefix,False,capacity,0.017690857784979926,0.04467039195922914,0.023898616143276357,,,
float32,graph,2999.599365234375,0.0,0,0.43625939421765597,3.995703323170187e-05,graph_order_all_n10_uniform_max,1.0,capacity,229474,0.02571424310330799,"max of order graph affinity from last 10 observed events restricted to all, with uniform weights; missing edges zero",fixed historical cutoff and observed prefix,False,capacity,0.020923847755867527,0.03490882187978668,0.021915352939642054,,,
float32,graph,2999.599365234375,0.0,0,0.43625939421765597,7.55779062414611e-05,graph_order_all_n10_uniform_mean,1.0,capacity,260390,0.01581042204666962,"mean of order graph affinity from last 10 observed events restricted to all, with uniform weights; missing edges zero",fixed historical cutoff and observed prefix,False,capacity,0.020782568754441545,0.024305642967173004,0.010734120468455944,,,
float32,graph,1414.024658203125,0.0,0,0.6924338489493457,2.563336194800961e-05,graph_order_all_n10_uniform_std,0.3333333333333333,capacity,147994,0.024321185346183362,"std of order graph affinity from last 10 observed events restricted to all, with uniform weights; missing edges zero",fixed historical cutoff and observed prefix,False,capacity,0.015397543608883844,0.03198814532747078,0.021974978978422908,,,
float32,graph,11112.826171875,0.0,0,0.43625939421765597,0.00013257941070658546,graph_order_all_n10_position_sum,0.6666666666666666,capacity,260874,0.02603347901382873,"sum of order graph affinity from last 10 observed events restricted to all, with position weights; missing edges zero",fixed historical cutoff and observed prefix,False,capacity,0.019613942215515545,0.03982073114900434,0.020209775745959793,,,
float32,graph,2999.599365234375,0.0,0,0.43625939421765597,1.0887424140113563e-05,graph_order_all_n10_position_max,1.0,capacity,248894,0.020861223521519808,"max of order graph affinity from last 10 observed events restricted to all, with position weights; missing edges zero",fixed historical cutoff and observed prefix,False,capacity,0.021865929742076323,0.02976395452571612,0.016242406982662237,,,
float32,graph,2999.599365234375,0.0,0,0.43625939421765597,4.9440430197353016e-05,graph_order_all_n10_position_mean,1.0,capacity,263336,0.015697401384697347,"mean of order graph affinity from last 10 observed events restricted to all, with position weights; missing edges zero",fixed historical cutoff and observed prefix,False,capacity,0.021066461376103907,0.02407621915395493,0.010613149168167465,,,
float32,graph,1492.8717041015625,0.0,0,0.6792337936978248,5.284055275898548e-05,graph_order_all_n10_position_std,1.0,capacity,149696,0.02425970414115313,"std of order graph affinity from last 10 observed events restricted to all, with position weights; missing edges zero",fixed historical cutoff and observed prefix,False,capacity,0.015809311114961356,0.03297350759170623,0.021311201253575208,,,
float32,graph,22763.388671875,0.0,0,0.43625939421765597,4.628092039622877e-05,graph_order_all_n10_hour_sum,1.0,capacity,265402,0.030491418239258033,"sum of order graph affinity from last 10 observed events restricted to all, with hour weights; missing edges zero",fixed historical cutoff and observed prefix,False,capacity,0.01901541232740624,0.04652075593274125,0.02438941704449173,,,
float32,graph,2999.599365234375,0.0,0,0.43625939421765597,9.590476144951608e-06,graph_order_all_n10_hour_max,0.6666666666666666,capacity,255594,0.026310601102638137,"max of order graph affinity from last 10 observed events restricted to all, with hour weights; missing edges zero",fixed historical cutoff and observed prefix,False,capacity,0.02263619908262299,0.03621072728111475,0.021972938350069023,,,
float32,graph,2999.599609375,0.0,0,0.43625939421765597,7.352536011920483e-05,graph_order_all_n10_hour_mean,1.0,capacity,267028,0.016354076927066547,"mean of order graph affinity from last 10 observed events restricted to all, with hour weights; missing edges zero",fixed historical cutoff and observed prefix,False,capacity,0.021364302248931544,0.025653462027125394,0.010869346823392962,,,
float32,graph,1498.2359619140625,0.0,0,0.6888814096141537,1.4076201437583431e-05,graph_order_all_n10_hour_std,0.6666666666666666,capacity,152027,0.025621450063719173,"std of order graph affinity from last 10 observed events restricted to all, with hour weights; missing edges zero",fixed historical cutoff and observed prefix,False,capacity,0.016698040875974544,0.03458394294988649,0.02262743848525962,,,
float32,graph,23786.578125,0.0,0,0.43625939421765597,0.00014880867642342175,graph_order_all_n10_six_hours_sum,0.6666666666666666,capacity,265335,0.030102313377408128,"sum of order graph affinity from last 10 observed events restricted to all, with six_hours weights; missing edges zero",fixed historical cutoff and observed prefix,False,capacity,0.018292045833356967,0.04562848135204894,0.02430760731409625,,,
float32,graph,2999.599365234375,0.0,0,0.43625939421765597,4.160601959597134e-05,graph_order_all_n10_six_hours_max,1.0,capacity,255433,0.026361536477985146,"max of order graph affinity from last 10 observed events restricted to all, with six_hours weights; missing edges zero",fixed historical cutoff and observed prefix,False,capacity,0.021910095159915814,0.035909273218425554,0.022329574994109834,,,
float32,graph,2999.599609375,0.0,0,0.43625939421765597,3.5404073863121405e-05,graph_order_all_n10_six_hours_mean,1.0,capacity,267366,0.01622322195889503,"mean of order graph affinity from last 10 observed events restricted to all, with six_hours weights; missing edges zero",fixed historical cutoff and observed prefix,False,capacity,0.021209186498371863,0.02538961739270303,0.010809030152078222,,,
float32,graph,1442.396240234375,0.0,0,0.6854418078920183,4.170530669459447e-05,graph_order_all_n10_six_hours_std,0.6666666666666666,capacity,153490,0.025099376126955616,"std of order graph affinity from last 10 observed events restricted to all, with six_hours weights; missing edges zero",fixed historical cutoff and observed prefix,False,capacity,0.0160206526155077,0.033548866010930094,0.0223877517702097,,,
float32,graph,33015.59765625,0.0,0,0.4247577395902438,0.0001660011156359017,graph_order_all_n20_uniform_sum,1.0,capacity,258992,0.026972700530348302,"sum of order graph affinity from last 20 observed events restricted to all, with uniform weights; missing edges zero",fixed historical cutoff and observed prefix,False,capacity,0.014833402411756878,0.04172723319188807,0.021618650552676994,,,
float32,graph,2999.599365234375,0.0,0,0.4247577395902438,2.0228992637094073e-05,graph_order_all_n20_uniform_max,1.0,capacity,233236,0.026103467513617744,"max of order graph affinity from last 20 observed events restricted to all, with uniform weights; missing edges zero",fixed historical cutoff and observed prefix,False,capacity,0.019931432032462237,0.03488351965131468,0.022742114024961863,,,
float32,graph,2999.599365234375,0.0,0,0.4247577395902438,0.00023166023564485878,graph_order_all_n20_uniform_mean,1.0,capacity,266102,0.015496305166512219,"mean of order graph affinity from last 20 observed events restricted to all, with uniform weights; missing edges zero",fixed historical cutoff and observed prefix,False,capacity,0.020626220527303247,0.024621048758344644,0.010078947477130836,,,
float32,graph,1491.1767578125,0.0,0,0.6809010667045386,5.607829293859251e-06,graph_order_all_n20_uniform_std,0.6666666666666666,capacity,153762,0.023856738495814114,"std of order graph affinity from last 20 observed events restricted to all, with uniform weights; missing edges zero",fixed historical cutoff and observed prefix,False,capacity,0.014394066264739165,0.031207181516360944,0.021758629024053195,,,
float32,graph,12844.7587890625,0.0,0,0.4247577395902438,5.3794750970120995e-05,graph_order_all_n20_position_sum,1.0,redundant,266681,0.02620882282391415,"sum of order graph affinity from last 20 observed events restricted to all, with position weights; missing edges zero",fixed historical cutoff and observed prefix,False,redundant,0.01862724221300442,0.0404689654193884,0.020342348294661975,,0.9988242978350542,source_order_score
float32,graph,2999.599365234375,0.0,0,0.4247577395902438,1.4532325811928922e-05,graph_order_all_n20_position_max,0.6666666666666666,capacity,254479,0.021061918888666136,"max of order graph affinity from last 20 observed events restricted to all, with position weights; missing edges zero",fixed historical cutoff and observed prefix,False,capacity,0.021583388471499904,0.02975520555655917,0.01662836395758066,,,
float32,graph,2999.599365234375,0.0,0,0.4247577395902438,2.8060100591129602e-05,graph_order_all_n20_position_mean,1.0,capacity,269414,0.015523383352412316,"mean of order graph affinity from last 20 observed events restricted to all, with position weights; missing edges zero",fixed historical cutoff and observed prefix,False,capacity,0.021006453039663545,0.02428581128360239,0.010228324438942076,,,
float32,graph,1488.127197265625,0.0,0,0.6677418664508485,2.4408181947622616e-06,graph_order_all_n20_position_std,0.6666666666666666,capacity,155870,0.02418430078917305,"std of order graph affinity from last 20 observed events restricted to all, with position weights; missing edges zero",fixed historical cutoff and observed prefix,False,capacity,0.014954905073733931,0.03248888725149646,0.0215702401772512,,,
float32,graph,31171.873046875,0.0,0,0.4247577395902438,1.5980273365035648e-05,graph_order_all_n20_hour_sum,1.0,capacity,271285,0.02845613134711521,"sum of order graph affinity from last 20 observed events restricted to all, with hour weights; missing edges zero",fixed historical cutoff and observed prefix,False,capacity,0.016708820998807678,0.04456911273183313,0.02235752571280751,,,
float32,graph,2999.599365234375,0.0,0,0.4247577395902438,3.0098129858430235e-05,graph_order_all_n20_hour_max,1.0,capacity,261463,0.026653833717372205,"max of order graph affinity from last 20 observed events restricted to all, with hour weights; missing edges zero",fixed historical cutoff and observed prefix,False,capacity,0.021947524047559782,0.036212289397202835,0.022658990822425628,,,
float32,graph,2999.599609375,0.0,0,0.4247577395902438,4.2223608223792266e-05,graph_order_all_n20_hour_mean,1.0,capacity,272871,0.016408519820375753,"mean of order graph affinity from last 20 observed events restricted to all, with hour weights; missing edges zero",fixed historical cutoff and observed prefix,False,capacity,0.021291720707582135,0.02610104142762171,0.01074839220221838,,,
float32,graph,1498.2359619140625,0.0,0,0.677383645938916,1.283057365575334e-05,graph_order_all_n20_hour_std,0.3333333333333333,capacity,157872,0.025479085823431363,"std of order graph affinity from last 20 observed events restricted to all, with hour weights; missing edges zero",fixed historical cutoff and observed prefix,False,capacity,0.015916914228732846,0.03427196429158349,0.02267634185513839,,,
float32,graph,32698.59765625,0.0,0,0.4247577395902438,4.288874282875057e-05,graph_order_all_n20_six_hours_sum,1.0,capacity,271206,0.027769876870766756,"sum of order graph affinity from last 20 observed events restricted to all, with six_hours weights; missing edges zero",fixed historical cutoff and observed prefix,False,capacity,0.015585482282249166,0.042990274669789,0.022190410402675238,,,
float32,graph,2999.599365234375,0.0,0,0.4247577395902438,1.5142844055786109e-05,graph_order_all_n20_six_hours_max,1.0,capacity,261319,0.026702123699172544,"max of order graph affinity from last 20 observed events restricted to all, with six_hours weights; missing edges zero",fixed historical cutoff and observed prefix,False,capacity,0.020998372875063457,0.03581815175800885,0.02309473480710591,,,
float32,graph,2999.599609375,0.0,0,0.4247577395902438,0.000154114511764244,graph_order_all_n20_six_hours_mean,1.0,capacity,273204,0.0160536335114951,"mean of order graph affinity from last 20 observed events restricted to all, with six_hours weights; missing edges zero",fixed historical cutoff and observed prefix,False,capacity,0.021077615402807316,0.025766857867129966,0.010359691018458966,,,
float32,graph,1491.4249267578125,0.0,0,0.6739304258841703,2.0548396975612793e-05,graph_order_all_n20_six_hours_std,1.0,capacity,159380,0.02478864034086313,"std of order graph affinity from last 20 observed events restricted to all, with six_hours weights; missing edges zero",fixed historical cutoff and observed prefix,False,capacity,0.015125324084433296,0.03305941800479149,0.022263804218303925,,,
float32,graph,56637.94921875,0.0,0,0.420549674813672,3.4226057637298106e-05,graph_order_all_n50_uniform_sum,1.0,capacity,260991,0.023458053369469524,"sum of order graph affinity from last 50 observed events restricted to all, with uniform weights; missing edges zero",fixed historical cutoff and observed prefix,False,capacity,0.013934636129601748,0.03792534572630699,0.01781164339769542,,,
float32,graph,2999.599365234375,0.0,0,0.420549674813672,1.6783717356610855e-05,graph_order_all_n50_uniform_max,1.0,capacity,234560,0.0266688007698163,"max of order graph affinity from last 50 observed events restricted to all, with uniform weights; missing edges zero",fixed historical cutoff and observed prefix,False,capacity,0.019462922444096174,0.034510021052420854,0.02394917034946738,,,
float32,graph,2999.599365234375,0.0,0,0.420549674813672,0.00012250020608689657,graph_order_all_n50_uniform_mean,1.0,capacity,268353,0.01557381467786943,"mean of order graph affinity from last 50 observed events restricted to all, with uniform weights; missing edges zero",fixed historical cutoff and observed prefix,False,capacity,0.020903963801401092,0.024927789574018307,0.010008469042539714,,,
float32,graph,1499.03125,0.0,0,0.6766930019279668,1.2743408997009374e-05,graph_order_all_n50_uniform_std,1.0,capacity,156003,0.024001422032651615,"std of order graph affinity from last 50 observed events restricted to all, with uniform weights; missing edges zero",fixed historical cutoff and observed prefix,False,capacity,0.014330517948873028,0.030974371574482025,0.022126764609032845,,,
float32,graph,14138.841796875,0.0,0,0.420549674813672,,graph_order_all_n50_position_sum,,duplicate,268868,0.0259846946808681,"sum of order graph affinity from last 50 observed events restricted to all, with position weights; missing edges zero",fixed historical cutoff and observed prefix,False,duplicate,0.01870299326710388,0.040949504984188236,0.019715906431502072,source_order_score,,
float32,graph,2999.599365234375,0.0,0,0.420549674813672,6.31511731814843e-05,graph_order_all_n50_position_max,1.0,capacity,256549,0.021251969231696533,"max of order graph affinity from last 50 observed events restricted to all, with position weights; missing edges zero",fixed historical cutoff and observed prefix,False,capacity,0.021528587182439864,0.029773443863799365,0.016945128923854563,,,
float32,graph,2999.599365234375,0.0,0,0.420549674813672,0.00015273506523298043,graph_order_all_n50_position_mean,1.0,capacity,271775,0.015590131750112923,"mean of order graph affinity from last 50 observed events restricted to all, with position weights; missing edges zero",fixed historical cutoff and observed prefix,False,capacity,0.021196959919155777,0.024522165774754814,0.010189643376284835,,,
float32,graph,1495.6485595703125,0.0,0,0.6635338016742767,2.9997204310577257e-06,graph_order_all_n50_position_std,0.3333333333333333,capacity,158208,0.02439619966489706,"std of order graph affinity from last 50 observed events restricted to all, with position weights; missing edges zero",fixed historical cutoff and observed prefix,False,capacity,0.01493275973628256,0.032470390260520315,0.02193634435518785,,,
float32,graph,49661.36328125,0.0,0,0.420549674813672,4.2525726931832976e-05,graph_order_all_n50_hour_sum,0.6666666666666666,capacity,273442,0.02786981489249239,"sum of order graph affinity from last 50 observed events restricted to all, with hour weights; missing edges zero",fixed historical cutoff and observed prefix,False,capacity,0.017997786776122425,0.04624727700873244,0.02032642185376736,,,
float32,graph,2999.599365234375,0.0,0,0.420549674813672,8.947407982713353e-05,graph_order_all_n50_hour_max,1.0,capacity,263608,0.026858456096616412,"max of order graph affinity from last 50 observed events restricted to all, with hour weights; missing edges zero",fixed historical cutoff and observed prefix,False,capacity,0.02176860613905083,0.03604834313103659,0.023111820905667258,,,
float32,graph,2999.599609375,0.0,0,0.420549674813672,3.437403447697708e-05,graph_order_all_n50_hour_mean,1.0,capacity,275029,0.016507793487300474,"mean of order graph affinity from last 50 observed events restricted to all, with hour weights; missing edges zero",fixed historical cutoff and observed prefix,False,capacity,0.021588212756885692,0.026462759385200544,0.010683573993419567,,,
float32,graph,1499.0106201171875,0.0,0,0.6731755811623441,8.84685067629662e-06,graph_order_all_n50_hour_std,0.6666666666666666,capacity,160023,0.02541093888199999,"std of order graph affinity from last 50 observed events restricted to all, with hour weights; missing edges zero",fixed historical cutoff and observed prefix,False,capacity,0.015869675354205793,0.03407291478605246,0.02267016151793946,,,
float32,graph,54196.46484375,0.0,0,0.420549674813672,3.986066952016037e-05,graph_order_all_n50_six_hours_sum,1.0,capacity,273371,0.026153912188503,"sum of order graph affinity from last 50 observed events restricted to all, with six_hours weights; missing edges zero",fixed historical cutoff and observed prefix,False,capacity,0.01610439822531885,0.04270589764456141,0.01955283845433782,,,
float32,graph,2999.599365234375,0.0,0,0.420549674813672,0.00013743234809603902,graph_order_all_n50_six_hours_max,0.6666666666666666,capacity,263477,0.02699207891018978,"max of order graph affinity from last 50 observed events restricted to all, with six_hours weights; missing edges zero",fixed historical cutoff and observed prefix,False,capacity,0.02067248667534478,0.03543137355947025,0.023825696958023713,,,
float32,graph,2999.599609375,0.0,0,0.420549674813672,0.0001335913563680326,graph_order_all_n50_six_hours_mean,1.0,capacity,275357,0.016130996332526824,"mean of order graph affinity from last 50 observed events restricted to all, with six_hours weights; missing edges zero",fixed historical cutoff and observed prefix,False,capacity,0.021357798783201168,0.02609909669175606,0.010275812411133149,,,
float32,graph,1499.028564453125,0.0,0,0.6697223611075984,2.865276599586349e-05,graph_order_all_n50_six_hours_std,1.0,capacity,161534,0.024842674746360694,"std of order graph affinity from last 50 observed events restricted to all, with six_hours weights; missing edges zero",fixed historical cutoff and observed prefix,False,capacity,0.01506572120495218,0.03281958571148244,0.022483711520701243,,,
float32,graph,2999.599365234375,0.0,0,0.6134416833815487,0.0005401931675198773,graph_order_clicks_n1_uniform_sum,1.0,capacity,167033,0.011924102731291233,"sum of order graph affinity from last 1 observed events restricted to clicks, with uniform weights; missing edges zero",fixed historical cutoff and observed prefix,False,capacity,0.020749085975167687,0.016070383340170788,0.00838013188620538,,,
float32,graph,2999.599365234375,0.0,0,0.6134416833815487,,graph_order_clicks_n1_uniform_max,,duplicate,167033,0.011924102731291233,"max of order graph affinity from last 1 observed events restricted to clicks, with uniform weights; missing edges zero",fixed historical cutoff and observed prefix,False,duplicate,0.020749085975167687,0.016070383340170788,0.00838013188620538,graph_order_clicks_n1_uniform_sum,,
float32,graph,2999.599365234375,0.0,0,0.6134416833815487,,graph_order_clicks_n1_uniform_mean,,duplicate,167033,0.011924102731291233,"mean of order graph affinity from last 1 observed events restricted to clicks, with uniform weights; missing edges zero",fixed historical cutoff and observed prefix,False,duplicate,0.020749085975167687,0.016070383340170788,0.00838013188620538,graph_order_clicks_n1_uniform_sum,,
float32,graph,0.0,0.0,0,1.0,,graph_order_clicks_n1_uniform_std,,constant,1,0.0,"std of order graph affinity from last 1 observed events restricted to clicks, with uniform weights; missing edges zero",fixed historical cutoff and observed prefix,False,constant,0.0,0.0,0.0,,,
float32,graph,2999.599365234375,0.0,0,0.6134416833815487,,graph_order_clicks_n1_position_sum,,duplicate,167033,0.011924102731291233,"sum of order graph affinity from last 1 observed events restricted to clicks, with position weights; missing edges zero",fixed historical cutoff and observed prefix,False,duplicate,0.020749085975167687,0.016070383340170788,0.00838013188620538,graph_order_clicks_n1_uniform_sum,,
float32,graph,2999.599365234375,0.0,0,0.6134416833815487,,graph_order_clicks_n1_position_max,,duplicate,167033,0.011924102731291233,"max of order graph affinity from last 1 observed events restricted to clicks, with position weights; missing edges zero",fixed historical cutoff and observed prefix,False,duplicate,0.020749085975167687,0.016070383340170788,0.00838013188620538,graph_order_clicks_n1_uniform_sum,,
float32,graph,2999.599365234375,0.0,0,0.6134416833815487,,graph_order_clicks_n1_position_mean,,duplicate,167033,0.011924102731291233,"mean of order graph affinity from last 1 observed events restricted to clicks, with position weights; missing edges zero",fixed historical cutoff and observed prefix,False,duplicate,0.020749085975167687,0.016070383340170788,0.00838013188620538,graph_order_clicks_n1_uniform_sum,,
float32,graph,0.0,0.0,0,1.0,,graph_order_clicks_n1_position_std,,constant,1,0.0,"std of order graph affinity from last 1 observed events restricted to clicks, with position weights; missing edges zero",fixed historical cutoff and observed prefix,False,constant,0.0,0.0,0.0,,,
float32,graph,2999.599365234375,0.0,0,0.6134416833815487,,graph_order_clicks_n1_hour_sum,,duplicate,167033,0.011924102731291233,"sum of order graph affinity from last 1 observed events restricted to clicks, with hour weights; missing edges zero",fixed historical cutoff and observed prefix,False,duplicate,0.020749085975167687,0.016070383340170788,0.00838013188620538,graph_order_clicks_n1_uniform_sum,,
float32,graph,2999.599365234375,0.0,0,0.6134416833815487,,graph_order_clicks_n1_hour_max,,duplicate,167033,0.011924102731291233,"max of order graph affinity from last 1 observed events restricted to clicks, with hour weights; missing edges zero",fixed historical cutoff and observed prefix,False,duplicate,0.020749085975167687,0.016070383340170788,0.00838013188620538,graph_order_clicks_n1_uniform_sum,,
float32,graph,2999.599365234375,0.0,0,0.6134416833815487,,graph_order_clicks_n1_hour_mean,,duplicate,167033,0.011924102731291233,"mean of order graph affinity from last 1 observed events restricted to clicks, with hour weights; missing edges zero",fixed historical cutoff and observed prefix,False,duplicate,0.020749085975167687,0.016070383340170788,0.00838013188620538,graph_order_clicks_n1_uniform_sum,,
float32,graph,0.0,0.0,0,1.0,,graph_order_clicks_n1_hour_std,,constant,1,0.0,"std of order graph affinity from last 1 observed events restricted to clicks, with hour weights; missing edges zero",fixed historical cutoff and observed prefix,False,constant,0.0,0.0,0.0,,,
float32,graph,2999.599365234375,0.0,0,0.6134416833815487,,graph_order_clicks_n1_six_hours_sum,,duplicate,167033,0.011924102731291233,"sum of order graph affinity from last 1 observed events restricted to clicks, with six_hours weights; missing edges zero",fixed historical cutoff and observed prefix,False,duplicate,0.020749085975167687,0.016070383340170788,0.00838013188620538,graph_order_clicks_n1_uniform_sum,,
float32,graph,2999.599365234375,0.0,0,0.6134416833815487,,graph_order_clicks_n1_six_hours_max,,duplicate,167033,0.011924102731291233,"max of order graph affinity from last 1 observed events restricted to clicks, with six_hours weights; missing edges zero",fixed historical cutoff and observed prefix,False,duplicate,0.020749085975167687,0.016070383340170788,0.00838013188620538,graph_order_clicks_n1_uniform_sum,,
float32,graph,2999.599365234375,0.0,0,0.6134416833815487,,graph_order_clicks_n1_six_hours_mean,,duplicate,167033,0.011924102731291233,"mean of order graph affinity from last 1 observed events restricted to clicks, with six_hours weights; missing edges zero",fixed historical cutoff and observed prefix,False,duplicate,0.020749085975167687,0.016070383340170788,0.00838013188620538,graph_order_clicks_n1_uniform_sum,,
float32,graph,0.0,0.0,0,1.0,,graph_order_clicks_n1_six_hours_std,,constant,1,0.0,"std of order graph affinity from last 1 observed events restricted to clicks, with six_hours weights; missing edges zero",fixed historical cutoff and observed prefix,False,constant,0.0,0.0,0.0,,,
float32,graph,8998.7978515625,0.0,0,0.4983006266378477,0.0,graph_order_clicks_n3_uniform_sum,0.0,capacity,223179,0.015483914624695838,"sum of order graph affinity from last 3 observed events restricted to clicks, with uniform weights; missing edges zero",fixed historical cutoff and observed prefix,False,capacity,0.019583088697993342,0.026804716709562623,0.009140317903379528,,,
float32,graph,2999.599365234375,0.0,0,0.4983006266378477,6.03747010946626e-06,graph_order_clicks_n3_uniform_max,0.6666666666666666,capacity,208702,0.014798281375857666,"max of order graph affinity from last 3 observed events restricted to clicks, with uniform weights; missing edges zero",fixed historical cutoff and observed prefix,False,capacity,0.021409811913182114,0.025423194299608314,0.0083839031577616,,,
float32,graph,2999.599365234375,0.0,0,0.4983006266378477,0.0001524062028942457,graph_order_clicks_n3_uniform_mean,1.0,capacity,228881,0.013807763350411863,"mean of order graph affinity from last 3 observed events restricted to clicks, with uniform weights; missing edges zero",fixed historical cutoff and observed prefix,False,capacity,0.020113648200201686,0.02224585210460373,0.008537738165017628,,,
float32,graph,1499.7996826171875,0.0,0,0.7665915064404986,6.559969522521936e-05,graph_order_clicks_n3_uniform_std,0.6666666666666666,capacity,111738,0.010498225213468649,"std of order graph affinity from last 3 observed events restricted to clicks, with uniform weights; missing edges zero",fixed historical cutoff and observed prefix,False,capacity,0.015538634853355155,0.02143356436750438,0.004190487363136364,,,
float32,graph,6852.4560546875,0.0,0,0.4983006266378477,1.1694096887282104e-05,graph_order_clicks_n3_position_sum,1.0,capacity,229988,0.01515108168811963,"sum of order graph affinity from last 3 observed events restricted to clicks, with position weights; missing edges zero",fixed historical cutoff and observed prefix,False,capacity,0.020856650407962512,0.025211481420706252,0.009169953701852506,,,
float32,graph,2999.599365234375,0.0,0,0.4983006266378477,1.568243227002193e-05,graph_order_clicks_n3_position_max,1.0,capacity,220881,0.014595131970335405,"max of order graph affinity from last 3 observed events restricted to clicks, with position weights; missing edges zero",fixed historical cutoff and observed prefix,False,capacity,0.022137898564791838,0.023912899240746896,0.008679120569386922,,,
float32,graph,2999.599609375,0.0,0,0.4983006266378477,2.1928195330069974e-05,graph_order_clicks_n3_position_mean,1.0,capacity,231598,0.01385994766641637,"mean of order graph affinity from last 3 observed events restricted to clicks, with position weights; missing edges zero",fixed historical cutoff and observed prefix,False,capacity,0.020454189912634566,0.02193346182533724,0.008724150212586235,,,
float32,graph,1488.127197265625,0.0,0,0.7544011532782244,6.342377398837944e-05,graph_order_clicks_n3_position_std,1.0,capacity,113140,0.01062517411565916,"std of order graph affinity from last 3 observed events restricted to clicks, with position weights; missing edges zero",fixed historical cutoff and observed prefix,False,capacity,0.015590669648085831,0.021767208514070883,0.00422657432771552,,,
float32,graph,8989.19921875,0.0,0,0.4983006266378477,3.3129154282710225e-05,graph_order_clicks_n3_hour_sum,1.0,capacity,233887,0.015802797393839295,"sum of order graph affinity from last 3 observed events restricted to clicks, with hour weights; missing edges zero",fixed historical cutoff and observed prefix,False,capacity,0.020330696999495402,0.027262390936108064,0.00931835068842889,,,
float32,graph,2999.599365234375,0.0,0,0.4983006266378477,3.680749795534598e-05,graph_order_clicks_n3_hour_max,0.6666666666666666,capacity,226600,0.015104854333277773,"max of order graph affinity from last 3 observed events restricted to clicks, with hour weights; missing edges zero",fixed historical cutoff and observed prefix,False,capacity,0.022071679289693412,0.025845195849932966,0.008573546082214238,,,
float32,graph,2999.599365234375,0.0,0,0.4983006266378477,6.0604748228704246e-05,graph_order_clicks_n3_hour_mean,0.6666666666666666,capacity,234631,0.013870395168931711,"mean of order graph affinity from last 3 observed events restricted to clicks, with hour weights; missing edges zero",fixed historical cutoff and observed prefix,False,capacity,0.02034694324607916,0.022324959108492668,0.008563688519626661,,,
float32,graph,1423.5279541015625,0.0,0,0.7628600833052861,9.248620344050582e-05,graph_order_clicks_n3_hour_std,1.0,capacity,115169,0.010855483140842115,"std of order graph affinity from last 3 observed events restricted to clicks, with hour weights; missing edges zero",fixed historical cutoff and observed prefix,False,capacity,0.01621888530386904,0.02209295558071432,0.004342846560401526,,,
float32,graph,8997.197265625,0.0,0,0.4983006266378477,2.5021968663503426e-05,graph_order_clicks_n3_six_hours_sum,1.0,capacity,233795,0.015720101983767134,"sum of order graph affinity from last 3 observed events restricted to clicks, with six_hours weights; missing edges zero",fixed historical cutoff and observed prefix,False,capacity,0.020040847082460594,0.02716582340281244,0.009277117091128904,,,
float32,graph,2999.599365234375,0.0,0,0.4983006266378477,3.2435594160925115e-05,graph_order_clicks_n3_six_hours_max,0.6666666666666666,capacity,226395,0.015000525236179757,"max of order graph affinity from last 3 observed events restricted to clicks, with six_hours weights; missing edges zero",fixed historical cutoff and observed prefix,False,capacity,0.021810977439024565,0.02572943927723013,0.008500992848513769,,,
float32,graph,2999.599365234375,0.0,0,0.4983006266378477,2.9192486853927793e-05,graph_order_clicks_n3_six_hours_mean,1.0,capacity,234786,0.013851294141464575,"mean of order graph affinity from last 3 observed events restricted to clicks, with six_hours weights; missing edges zero",fixed historical cutoff and observed prefix,False,capacity,0.020239478741002695,0.02231245852884366,0.00855601451451868,,,
float32,graph,1496.594970703125,0.0,0,0.7602920548702076,3.630143432011749e-05,graph_order_clicks_n3_six_hours_std,1.0,capacity,116150,0.010739902742754067,"std of order graph affinity from last 3 observed events restricted to clicks, with six_hours weights; missing edges zero",fixed historical cutoff and observed prefix,False,capacity,0.015921833786414655,0.02184784936670176,0.0043222742568367915,,,
float32,graph,11998.3974609375,0.0,0,0.46770801516693156,1.440486748197038e-05,graph_order_clicks_n5_uniform_sum,1.0,capacity,237663,0.021208479949714865,"sum of order graph affinity from last 5 observed events restricted to clicks, with uniform weights; missing edges zero",fixed historical cutoff and observed prefix,False,capacity,0.019960026581560642,0.03502470859931258,0.014508441186275048,,,
float32,graph,2999.599365234375,0.0,0,0.46770801516693156,0.0,graph_order_clicks_n5_uniform_max,0.0,capacity,219032,0.01866923552183717,"max of order graph affinity from last 5 observed events restricted to clicks, with uniform weights; missing edges zero",fixed historical cutoff and observed prefix,False,capacity,0.02123691505214694,0.029800249891821565,0.012675781748460012,,,
float32,graph,2999.599365234375,0.0,0,0.46770801516693156,5.171195175091221e-05,graph_order_clicks_n5_uniform_mean,1.0,capacity,244653,0.016033332045625025,"mean of order graph affinity from last 5 observed events restricted to clicks, with uniform weights; missing edges zero",fixed historical cutoff and observed prefix,False,capacity,0.020806981292661647,0.024295638876770432,0.011106570422212888,,,
float32,graph,1499.7996826171875,0.0,0,0.7279543513490904,0.00023939125248032567,graph_order_clicks_n5_uniform_std,1.0,capacity,130819,0.015699743505561414,"std of order graph affinity from last 5 observed events restricted to clicks, with uniform weights; missing edges zero",fixed historical cutoff and observed prefix,False,capacity,0.014996480760166974,0.02808040706988474,0.009626622180965494,,,
float32,graph,8352.255859375,0.0,0,0.46770801516693156,1.4592622085611929e-05,graph_order_clicks_n5_position_sum,1.0,capacity,245415,0.019068092631158613,"sum of order graph affinity from last 5 observed events restricted to clicks, with position weights; missing edges zero",fixed historical cutoff and observed prefix,False,capacity,0.021337848489408482,0.030984260885583828,0.012731715860904361,,,
float32,graph,2999.599365234375,0.0,0,0.46770801516693156,5.8061937705918105e-06,graph_order_clicks_n5_position_max,0.3333333333333333,capacity,235531,0.016887727977333233,"max of order graph affinity from last 5 observed events restricted to clicks, with position weights; missing edges zero",fixed historical cutoff and observed prefix,False,capacity,0.022206134427638115,0.026636453654162003,0.011126964063868039,,,
float32,graph,2999.599609375,0.0,0,0.46770801516693156,6.99410384860583e-05,graph_order_clicks_n5_position_mean,1.0,capacity,247579,0.01578022127815863,"mean of order graph affinity from last 5 observed events restricted to clicks, with position weights; missing edges zero",fixed historical cutoff and observed prefix,False,capacity,0.021091052489597403,0.023580998703205555,0.010994694030395373,,,
float32,graph,1488.127197265625,0.0,0,0.7173087062000377,2.587133448290377e-05,graph_order_clicks_n5_position_std,1.0,capacity,132606,0.0158442478529924,"std of order graph affinity from last 5 observed events restricted to clicks, with position weights; missing edges zero",fixed historical cutoff and observed prefix,False,capacity,0.015342625371351538,0.02867222388371016,0.009513863584573663,,,
float32,graph,11929.109375,0.0,0,0.46770801516693156,0.00016555237687022225,graph_order_clicks_n5_hour_sum,0.6666666666666666,capacity,249602,0.02150926238902713,"sum of order graph affinity from last 5 observed events restricted to clicks, with hour weights; missing edges zero",fixed historical cutoff and observed prefix,False,capacity,0.020680921835049836,0.0358433703242257,0.014480265180424064,,,
float32,graph,2999.599365234375,0.0,0,0.46770801516693156,6.682194613969775e-05,graph_order_clicks_n5_hour_max,1.0,capacity,242142,0.01892453124893318,"max of order graph affinity from last 5 observed events restricted to clicks, with hour weights; missing edges zero",fixed historical cutoff and observed prefix,False,capacity,0.022126556362529932,0.030570865460654083,0.012567693290806608,,,
float32,graph,2999.599365234375,0.0,0,0.46770801516693156,1.416061259520808e-05,graph_order_clicks_n5_hour_mean,1.0,capacity,250797,0.016028154747122936,"mean of order graph affinity from last 5 observed events restricted to clicks, with hour weights; missing edges zero",fixed historical cutoff and observed prefix,False,capacity,0.021054205349258476,0.02446200567763959,0.010973554181508683,,,
float32,graph,1498.779296875,0.0,0,0.7250341917422322,4.092239760923613e-05,graph_order_clicks_n5_hour_std,1.0,capacity,134599,0.016237216389505895,"std of order graph affinity from last 5 observed events restricted to clicks, with hour weights; missing edges zero",fixed historical cutoff and observed prefix,False,capacity,0.015817116431571854,0.029159572654416113,0.009846054916706462,,,
float32,graph,11986.7646484375,0.0,0,0.46770801516693156,6.988441459723879e-06,graph_order_clicks_n5_six_hours_sum,0.6666666666666666,capacity,249508,0.021488320865876744,"sum of order graph affinity from last 5 observed events restricted to clicks, with six_hours weights; missing edges zero",fixed historical cutoff and observed prefix,False,capacity,0.020385912848615993,0.0355681723496971,0.014632129793510022,,,
float32,graph,2999.599365234375,0.0,0,0.46770801516693156,1.749356152789036e-05,graph_order_clicks_n5_six_hours_max,0.6666666666666666,capacity,241943,0.018903068171710197,"max of order graph affinity from last 5 observed events restricted to clicks, with six_hours weights; missing edges zero",fixed historical cutoff and observed prefix,False,capacity,0.021771374805463203,0.03029064271012922,0.012731229796875184,,,
float32,graph,2999.599365234375,0.0,0,0.46770801516693156,4.009590893780749e-05,graph_order_clicks_n5_six_hours_mean,0.3333333333333333,capacity,251103,0.01606751550671944,"mean of order graph affinity from last 5 observed events restricted to clicks, with six_hours weights; missing edges zero",fixed historical cutoff and observed prefix,False,capacity,0.020967245742618244,0.024446855759880076,0.011061223674155988,,,
float32,graph,1498.79931640625,0.0,0,0.7220537223766714,1.4042014759564494e-05,graph_order_clicks_n5_six_hours_std,1.0,capacity,135860,0.01598213919861747,"std of order graph affinity from last 5 observed events restricted to clicks, with six_hours weights; missing edges zero",fixed historical cutoff and observed prefix,False,capacity,0.015440947977443697,0.02862067136247591,0.009753071653550544,,,
float32,graph,14997.9970703125,0.0,0,0.44091297301819216,7.021490601582503e-05,graph_order_clicks_n10_uniform_sum,1.0,capacity,249991,0.02573957522746897,"sum of order graph affinity from last 10 observed events restricted to clicks, with uniform weights; missing edges zero",fixed historical cutoff and observed prefix,False,capacity,0.019148625186320222,0.04090479776382696,0.01925545563281477,,,
float32,graph,2999.599365234375,0.0,0,0.44091297301819216,5.512040641560741e-05,graph_order_clicks_n10_uniform_max,0.6666666666666666,capacity,227929,0.023076875812685808,"max of order graph affinity from last 10 observed events restricted to clicks, with uniform weights; missing edges zero",fixed historical cutoff and observed prefix,False,capacity,0.021051499766284554,0.033748068857451796,0.018078841964703024,,,
float32,graph,2999.599365234375,0.0,0,0.44091297301819216,5.66858076543352e-05,graph_order_clicks_n10_uniform_mean,1.0,capacity,257911,0.015626522494340198,"mean of order graph affinity from last 10 observed events restricted to clicks, with uniform weights; missing edges zero",fixed historical cutoff and observed prefix,False,capacity,0.02098838286813638,0.02382413333447808,0.010634073678638563,,,
float32,graph,1499.7996826171875,0.0,0,0.6996282195197397,5.642724291962926e-06,graph_order_clicks_n10_uniform_std,1.0,capacity,144736,0.02214628963306436,"std of order graph affinity from last 10 observed events restricted to clicks, with uniform weights; missing edges zero",fixed historical cutoff and observed prefix,False,capacity,0.01501219884862319,0.03142208839352754,0.01869740538357297,,,
float32,graph,8352.255859375,0.0,0,0.44091297301819216,4.535519166031791e-05,graph_order_clicks_n10_position_sum,1.0,capacity,258736,0.02223763090854984,"sum of order graph affinity from last 10 observed events restricted to clicks, with position weights; missing edges zero",fixed historical cutoff and observed prefix,False,capacity,0.021280358986521104,0.03529618939687276,0.0158678969847265,,,
float32,graph,2999.599365234375,0.0,0,0.44091297301819216,1.7272756584700597e-05,graph_order_clicks_n10_position_max,0.6666666666666666,capacity,248413,0.019029752629039668,"max of order graph affinity from last 10 observed events restricted to clicks, with position weights; missing edges zero",fixed historical cutoff and observed prefix,False,capacity,0.0222729458152623,0.028619781559342805,0.01369420596618433,,,
float32,graph,2999.599609375,0.0,0,0.44091297301819216,9.764611618536289e-06,graph_order_clicks_n10_position_mean,0.6666666666666666,capacity,261613,0.015708113303788962,"mean of order graph affinity from last 10 observed events restricted to clicks, with position weights; missing edges zero",fixed historical cutoff and observed prefix,False,capacity,0.02133159390240235,0.023514046368050243,0.010867900005222756,,,
float32,graph,1488.127197265625,0.0,0,0.6894533795837848,2.7565338904858236e-05,graph_order_clicks_n10_position_std,1.0,capacity,147318,0.02222788305712553,"std of order graph affinity from last 10 observed events restricted to clicks, with position weights; missing edges zero",fixed historical cutoff and observed prefix,False,capacity,0.015356824012554681,0.03243649599227452,0.01826875309697951,,,
float32,graph,14257.107421875,0.0,0,0.44091297301819216,6.216906120095341e-05,graph_order_clicks_n10_hour_sum,1.0,capacity,263272,0.0264546135209708,"sum of order graph affinity from last 10 observed events restricted to clicks, with hour weights; missing edges zero",fixed historical cutoff and observed prefix,False,capacity,0.020501475609480777,0.04246055760480477,0.019443831130968817,,,
float32,graph,2999.599365234375,0.0,0,0.44091297301819216,2.4465232859611622e-05,graph_order_clicks_n10_hour_max,0.6666666666666666,capacity,255792,0.02363850516315188,"max of order graph affinity from last 10 observed events restricted to clicks, with hour weights; missing edges zero",fixed historical cutoff and observed prefix,False,capacity,0.02265993187507829,0.03505906243875746,0.018091322073361355,,,
float32,graph,2999.599365234375,0.0,0,0.44091297301819216,0.00011278523297755946,graph_order_clicks_n10_hour_mean,1.0,capacity,264383,0.01622775205784419,"mean of order graph affinity from last 10 observed events restricted to clicks, with hour weights; missing edges zero",fixed historical cutoff and observed prefix,False,capacity,0.021442684528767093,0.02506118385038365,0.010941880749753979,,,
float32,graph,1414.60400390625,0.0,0,0.6971671922694562,3.689476465456172e-05,graph_order_clicks_n10_hour_std,0.6666666666666666,capacity,148755,0.023362210926118888,"std of order graph affinity from last 10 observed events restricted to clicks, with hour weights; missing edges zero",fixed historical cutoff and observed prefix,False,capacity,0.016328909087391246,0.03405954740779762,0.019185759658400796,,,
float32,graph,14871.818359375,0.0,0,0.44091297301819216,4.003365657782691e-05,graph_order_clicks_n10_six_hours_sum,1.0,capacity,263183,0.02627994591212279,"sum of order graph affinity from last 10 observed events restricted to clicks, with six_hours weights; missing edges zero",fixed historical cutoff and observed prefix,False,capacity,0.019809294305835407,0.041833290519730976,0.01958171554269993,,,
float32,graph,2999.599365234375,0.0,0,0.44091297301819216,4.268200468593191e-06,graph_order_clicks_n10_six_hours_max,1.0,capacity,255601,0.02362865451348989,"max of order graph affinity from last 10 observed events restricted to clicks, with six_hours weights; missing edges zero",fixed historical cutoff and observed prefix,False,capacity,0.02196845739775019,0.03466953302523226,0.018384914776908654,,,
float32,graph,2999.599365234375,0.0,0,0.44091297301819216,2.985831346628024e-05,graph_order_clicks_n10_six_hours_mean,1.0,capacity,264698,0.016046312647248366,"mean of order graph affinity from last 10 observed events restricted to clicks, with six_hours weights; missing edges zero",fixed historical cutoff and observed prefix,False,capacity,0.021326323521212345,0.024823754439150903,0.010777589938969767,,,
float32,graph,1496.594970703125,0.0,0,0.6940680488625774,0.0,graph_order_clicks_n10_six_hours_std,0.0,capacity,150173,0.022821402404582636,"std of order graph affinity from last 10 observed events restricted to clicks, with six_hours weights; missing edges zero",fixed historical cutoff and observed prefix,False,capacity,0.015614442807811548,0.032849497335835205,0.019008514871751533,,,
float32,graph,15959.3359375,0.0,0,0.4288879853233284,4.3418928339098977e-05,graph_order_clicks_n20_uniform_sum,1.0,capacity,255654,0.02562359237677681,"sum of order graph affinity from last 20 observed events restricted to clicks, with uniform weights; missing edges zero",fixed historical cutoff and observed prefix,False,capacity,0.0174198534185148,0.040684481305049,0.01946043773901772,,,
float32,graph,2999.599365234375,0.0,0,0.4288879853233284,2.902225778183988e-05,graph_order_clicks_n20_uniform_max,1.0,capacity,231828,0.023622625692233994,"max of order graph affinity from last 20 observed events restricted to clicks, with uniform weights; missing edges zero",fixed historical cutoff and observed prefix,False,capacity,0.019891197453372055,0.0336595146523402,0.019226085918657886,,,
float32,graph,2999.599365234375,0.0,0,0.4288879853233284,0.00013774126608780861,graph_order_clicks_n20_uniform_mean,1.0,capacity,263776,0.015294588331688385,"mean of order graph affinity from last 20 observed events restricted to clicks, with uniform weights; missing edges zero",fixed historical cutoff and observed prefix,False,capacity,0.020838391527595933,0.023951443600488287,0.01004219349797051,,,
float32,graph,1499.7996826171875,0.0,0,0.6875176308770401,2.0795895547574767e-05,graph_order_clicks_n20_uniform_std,0.3333333333333333,capacity,150649,0.022009082469934327,"std of order graph affinity from last 20 observed events restricted to clicks, with uniform weights; missing edges zero",fixed historical cutoff and observed prefix,False,capacity,0.013944125130725751,0.03066981163473732,0.019022877444067592,,,
float32,graph,8352.255859375,0.0,0,0.4288879853233284,2.0995603731350494e-05,graph_order_clicks_n20_position_sum,0.6666666666666666,capacity,264723,0.023284296010003504,"sum of order graph affinity from last 20 observed events restricted to clicks, with position weights; missing edges zero",fixed historical cutoff and observed prefix,False,capacity,0.020946044856996644,0.036917218796957876,0.016857543142027462,,,
float32,graph,2999.599365234375,0.0,0,0.4288879853233284,0.00010386727136808013,graph_order_clicks_n20_position_max,1.0,capacity,254223,0.019300965671461803,"max of order graph affinity from last 20 observed events restricted to clicks, with position weights; missing edges zero",fixed historical cutoff and observed prefix,False,capacity,0.02194028875958231,0.028624307336428963,0.014199407657624804,,,
float32,graph,2999.599609375,0.0,0,0.4288879853233284,0.0005090466404730681,graph_order_clicks_n20_position_mean,1.0,capacity,267934,0.01551232493676163,"mean of order graph affinity from last 20 observed events restricted to clicks, with position weights; missing edges zero",fixed historical cutoff and observed prefix,False,capacity,0.02126904586852466,0.023617759794250272,0.010500154019390135,,,
float32,graph,1490.500732421875,0.0,0,0.6773797549867416,2.5328699249747835e-05,graph_order_clicks_n20_position_std,0.6666666666666666,capacity,153697,0.02247008768009922,"std of order graph affinity from last 20 observed events restricted to clicks, with position weights; missing edges zero",fixed historical cutoff and observed prefix,False,capacity,0.01451157182507195,0.03201377062920685,0.01902466551471662,,,
float32,graph,14465.6796875,0.0,0,0.4288879853233284,5.747884930310502e-05,graph_order_clicks_n20_hour_sum,0.6666666666666666,capacity,269378,0.026635457695160233,"sum of order graph affinity from last 20 observed events restricted to clicks, with hour weights; missing edges zero",fixed historical cutoff and observed prefix,False,capacity,0.019486437678257237,0.042934168868420254,0.019677605444680724,,,
float32,graph,2999.599365234375,0.0,0,0.4288879853233284,9.924546976539772e-06,graph_order_clicks_n20_hour_max,0.6666666666666666,capacity,261898,0.024144600073198928,"max of order graph affinity from last 20 observed events restricted to clicks, with hour weights; missing edges zero",fixed historical cutoff and observed prefix,False,capacity,0.021984792189229538,0.035220057320309105,0.018966839430305405,,,
float32,graph,2999.599365234375,0.0,0,0.4288879853233284,1.7379518585570124e-05,graph_order_clicks_n20_hour_mean,1.0,capacity,270488,0.016251447959990426,"mean of order graph affinity from last 20 observed events restricted to clicks, with hour weights; missing edges zero",fixed historical cutoff and observed prefix,False,capacity,0.021405566323456315,0.02539784319750229,0.010819230613990179,,,
float32,graph,1457.1446533203125,0.0,0,0.6850916221963258,1.4463183778880437e-05,graph_order_clicks_n20_hour_std,0.6666666666666666,capacity,154870,0.023553973508322678,"std of order graph affinity from last 20 observed events restricted to clicks, with hour weights; missing edges zero",fixed historical cutoff and observed prefix,False,capacity,0.015607787481085806,0.03394504855952532,0.01968280032059417,,,
float32,graph,15160.9677734375,0.0,0,0.4288879853233284,2.4531952646527543e-05,graph_order_clicks_n20_six_hours_sum,1.0,capacity,269283,0.026297733547829143,"sum of order graph affinity from last 20 observed events restricted to clicks, with six_hours weights; missing edges zero",fixed historical cutoff and observed prefix,False,capacity,0.0182962264772138,0.04179891411721928,0.0198807277749033,,,
float32,graph,2999.599365234375,0.0,0,0.4288879853233284,9.322193581232435e-05,graph_order_clicks_n20_six_hours_max,1.0,capacity,261712,0.024193614104243893,"max of order graph affinity from last 20 observed events restricted to clicks, with six_hours weights; missing edges zero",fixed historical cutoff and observed prefix,False,capacity,0.021026472808662752,0.03475070809010955,0.019442923993907922,,,
float32,graph,2999.599365234375,0.0,0,0.4288879853233284,7.136351332812506e-06,graph_order_clicks_n20_six_hours_mean,0.3333333333333333,capacity,270810,0.015868541738335285,"mean of order graph affinity from last 20 observed events restricted to clicks, with six_hours weights; missing edges zero",fixed historical cutoff and observed prefix,False,capacity,0.02122638688219648,0.02511731003221831,0.010351183400750242,,,
float32,graph,1496.594970703125,0.0,0,0.6819944242655341,1.674898752241054e-05,graph_order_clicks_n20_six_hours_std,1.0,capacity,156318,0.022878318532044493,"std of order graph affinity from last 20 observed events restricted to clicks, with six_hours weights; missing edges zero",fixed historical cutoff and observed prefix,False,capacity,0.014701478177231355,0.03254846983233627,0.019406049607700798,,,
float32,graph,42302.3515625,0.0,0,0.42439977199020257,8.399768558371403e-05,graph_order_clicks_n50_uniform_sum,1.0,capacity,257785,0.02337001227830851,"sum of order graph affinity from last 50 observed events restricted to clicks, with uniform weights; missing edges zero",fixed historical cutoff and observed prefix,False,capacity,0.016694022231866928,0.03878595786123013,0.016774704494587962,,,
float32,graph,2999.599365234375,0.0,0,0.42439977199020257,9.94736544868437e-06,graph_order_clicks_n50_uniform_max,1.0,capacity,233264,0.024186821894398622,"max of order graph affinity from last 50 observed events restricted to clicks, with uniform weights; missing edges zero",fixed historical cutoff and observed prefix,False,capacity,0.019436892679374575,0.033347564344987354,0.02039810553827493,,,
float32,graph,2999.599365234375,0.0,0,0.42439977199020257,2.7018109142726352e-05,graph_order_clicks_n50_uniform_mean,1.0,capacity,266100,0.015338223031073298,"mean of order graph affinity from last 50 observed events restricted to clicks, with uniform weights; missing edges zero",fixed historical cutoff and observed prefix,False,capacity,0.021093603074705997,0.024234714100267205,0.009930747489204228,,,
float32,graph,1499.7996826171875,0.0,0,0.6830294175439142,4.626434041803066e-06,graph_order_clicks_n50_uniform_std,0.3333333333333333,capacity,152969,0.022118701055830237,"std of order graph affinity from last 50 observed events restricted to clicks, with uniform weights; missing edges zero",fixed historical cutoff and observed prefix,False,capacity,0.013861523756910759,0.030449550628059836,0.01932947248620202,,,
float32,graph,10145.9716796875,0.0,0,0.42439977199020257,5.536221580824985e-05,graph_order_clicks_n50_position_sum,1.0,capacity,267040,0.023677398923695407,"sum of order graph affinity from last 50 observed events restricted to clicks, with position weights; missing edges zero",fixed historical cutoff and observed prefix,False,capacity,0.02130322619380218,0.03831165244739038,0.016755967616830122,,,
float32,graph,2999.599365234375,0.0,0,0.42439977199020257,1.6664365402248093e-05,graph_order_clicks_n50_position_max,1.0,capacity,256437,0.019485509494939726,"max of order graph affinity from last 50 observed events restricted to clicks, with position weights; missing edges zero",fixed historical cutoff and observed prefix,False,capacity,0.02188271349735424,0.02862936903934175,0.014514045722336295,,,
float32,graph,2999.599609375,0.0,0,0.42439977199020257,3.7558287884431126e-05,graph_order_clicks_n50_position_mean,1.0,capacity,270286,0.015556015451797882,"mean of order graph affinity from last 50 observed events restricted to clicks, with position weights; missing edges zero",fixed historical cutoff and observed prefix,False,capacity,0.021467474114611505,0.02384524673035879,0.010426156702048491,,,
float32,graph,1488.127197265625,0.0,0,0.6728915416536158,3.9172334827120637e-05,graph_order_clicks_n50_position_std,0.6666666666666666,capacity,156044,0.0226157306397819,"std of order graph affinity from last 50 observed events restricted to clicks, with position weights; missing edges zero",fixed historical cutoff and observed prefix,False,capacity,0.014469511319546947,0.0319573528234877,0.019302622767968163,,,
float32,graph,38056.9765625,0.0,0,0.42439977199020257,0.00010324311539889949,graph_order_clicks_n50_hour_sum,1.0,capacity,271673,0.02619508730760628,"sum of order graph affinity from last 50 observed events restricted to clicks, with hour weights; missing edges zero",fixed historical cutoff and observed prefix,False,capacity,0.020476579147783856,0.044754712739072104,0.017868359285177104,,,
float32,graph,2999.599365234375,0.0,0,0.42439977199020257,8.065014445687198e-05,graph_order_clicks_n50_hour_max,1.0,capacity,264188,0.024459001542457028,"max of order graph affinity from last 50 observed events restricted to clicks, with hour weights; missing edges zero",fixed historical cutoff and observed prefix,False,capacity,0.02180987734903842,0.03506966648489439,0.01959518977014145,,,
float32,graph,2999.599365234375,0.0,0,0.42439977199020257,6.128057889327842e-05,graph_order_clicks_n50_hour_mean,1.0,capacity,272777,0.01634200332978129,"mean of order graph affinity from last 50 observed events restricted to clicks, with hour weights; missing edges zero",fixed historical cutoff and observed prefix,False,capacity,0.021694021848803712,0.025758724073555703,0.01074163987139035,,,
float32,graph,1414.7745361328125,0.0,0,0.6806034088631999,9.061127788644174e-06,graph_order_clicks_n50_hour_std,0.3333333333333333,capacity,157164,0.023560567227466123,"std of order graph affinity from last 50 observed events restricted to clicks, with hour weights; missing edges zero",fixed historical cutoff and observed prefix,False,capacity,0.015543823986074746,0.03374128461556545,0.01980633240698169,,,
float32,graph,41557.109375,0.0,0,0.42439977199020257,0.00015778704984266867,graph_order_clicks_n50_six_hours_sum,1.0,capacity,271583,0.025180405323428058,"sum of order graph affinity from last 50 observed events restricted to clicks, with six_hours weights; missing edges zero",fixed historical cutoff and observed prefix,False,capacity,0.01866407072636697,0.04221599972133746,0.017748663890650204,,,
float32,graph,2999.599365234375,0.0,0,0.42439977199020257,6.93873596559559e-05,graph_order_clicks_n50_six_hours_max,1.0,capacity,264010,0.02459571073810123,"max of order graph affinity from last 50 observed events restricted to clicks, with six_hours weights; missing edges zero",fixed historical cutoff and observed prefix,False,capacity,0.020717691092120172,0.03440254829444035,0.020338628567595177,,,
float32,graph,2999.599365234375,0.0,0,0.42439977199020257,3.491034033899365e-05,graph_order_clicks_n50_six_hours_mean,1.0,capacity,273092,0.015921358908748823,"mean of order graph affinity from last 50 observed events restricted to clicks, with six_hours weights; missing edges zero",fixed historical cutoff and observed prefix,False,capacity,0.02148633260381818,0.025427235176649878,0.0102409251589534,,,
float32,graph,1496.594970703125,0.0,0,0.6775062109324084,3.512946528572696e-06,graph_order_clicks_n50_six_hours_std,0.6666666666666666,capacity,158608,0.02292740748097616,"std of order graph affinity from last 50 observed events restricted to clicks, with six_hours weights; missing edges zero",fixed historical cutoff and observed prefix,False,capacity,0.014619980654108295,0.03228603952629588,0.01963266259612761,,,
float32,graph,2999.599365234375,0.0,0,0.9801133434368391,8.646602386048833e-05,graph_order_carts_n1_uniform_sum,1.0,capacity,9454,0.004660397343812811,"sum of order graph affinity from last 1 observed events restricted to carts, with uniform weights; missing edges zero",fixed historical cutoff and observed prefix,False,capacity,0.0019150813849015912,0.009366389355852222,0.0027649539976116427,,,
float32,graph,2999.599365234375,0.0,0,0.9801133434368391,,graph_order_carts_n1_uniform_max,,duplicate,9454,0.004660397343812811,"max of order graph affinity from last 1 observed events restricted to carts, with uniform weights; missing edges zero",fixed historical cutoff and observed prefix,False,duplicate,0.0019150813849015912,0.009366389355852222,0.0027649539976116427,graph_order_carts_n1_uniform_sum,,
float32,graph,2999.599365234375,0.0,0,0.9801133434368391,,graph_order_carts_n1_uniform_mean,,duplicate,9454,0.004660397343812811,"mean of order graph affinity from last 1 observed events restricted to carts, with uniform weights; missing edges zero",fixed historical cutoff and observed prefix,False,duplicate,0.0019150813849015912,0.009366389355852222,0.0027649539976116427,graph_order_carts_n1_uniform_sum,,
float32,graph,0.0,0.0,0,1.0,,graph_order_carts_n1_uniform_std,,constant,1,0.0,"std of order graph affinity from last 1 observed events restricted to carts, with uniform weights; missing edges zero",fixed historical cutoff and observed prefix,False,constant,0.0,0.0,0.0,,,
float32,graph,2999.599365234375,0.0,0,0.9801133434368391,,graph_order_carts_n1_position_sum,,duplicate,9454,0.004660397343812811,"sum of order graph affinity from last 1 observed events restricted to carts, with position weights; missing edges zero",fixed historical cutoff and observed prefix,False,duplicate,0.0019150813849015912,0.009366389355852222,0.0027649539976116427,graph_order_carts_n1_uniform_sum,,
float32,graph,2999.599365234375,0.0,0,0.9801133434368391,,graph_order_carts_n1_position_max,,duplicate,9454,0.004660397343812811,"max of order graph affinity from last 1 observed events restricted to carts, with position weights; missing edges zero",fixed historical cutoff and observed prefix,False,duplicate,0.0019150813849015912,0.009366389355852222,0.0027649539976116427,graph_order_carts_n1_uniform_sum,,
float32,graph,2999.599365234375,0.0,0,0.9801133434368391,,graph_order_carts_n1_position_mean,,duplicate,9454,0.004660397343812811,"mean of order graph affinity from last 1 observed events restricted to carts, with position weights; missing edges zero",fixed historical cutoff and observed prefix,False,duplicate,0.0019150813849015912,0.009366389355852222,0.0027649539976116427,graph_order_carts_n1_uniform_sum,,
float32,graph,0.0,0.0,0,1.0,,graph_order_carts_n1_position_std,,constant,1,0.0,"std of order graph affinity from last 1 observed events restricted to carts, with position weights; missing edges zero",fixed historical cutoff and observed prefix,False,constant,0.0,0.0,0.0,,,
float32,graph,2999.599365234375,0.0,0,0.9801133434368391,,graph_order_carts_n1_hour_sum,,duplicate,9454,0.004660397343812811,"sum of order graph affinity from last 1 observed events restricted to carts, with hour weights; missing edges zero",fixed historical cutoff and observed prefix,False,duplicate,0.0019150813849015912,0.009366389355852222,0.0027649539976116427,graph_order_carts_n1_uniform_sum,,
float32,graph,2999.599365234375,0.0,0,0.9801133434368391,,graph_order_carts_n1_hour_max,,duplicate,9454,0.004660397343812811,"max of order graph affinity from last 1 observed events restricted to carts, with hour weights; missing edges zero",fixed historical cutoff and observed prefix,False,duplicate,0.0019150813849015912,0.009366389355852222,0.0027649539976116427,graph_order_carts_n1_uniform_sum,,
float32,graph,2999.599365234375,0.0,0,0.9801133434368391,,graph_order_carts_n1_hour_mean,,duplicate,9454,0.004660397343812811,"mean of order graph affinity from last 1 observed events restricted to carts, with hour weights; missing edges zero",fixed historical cutoff and observed prefix,False,duplicate,0.0019150813849015912,0.009366389355852222,0.0027649539976116427,graph_order_carts_n1_uniform_sum,,
float32,graph,0.0,0.0,0,1.0,,graph_order_carts_n1_hour_std,,constant,1,0.0,"std of order graph affinity from last 1 observed events restricted to carts, with hour weights; missing edges zero",fixed historical cutoff and observed prefix,False,constant,0.0,0.0,0.0,,,
float32,graph,2999.599365234375,0.0,0,0.9801133434368391,,graph_order_carts_n1_six_hours_sum,,duplicate,9454,0.004660397343812811,"sum of order graph affinity from last 1 observed events restricted to carts, with six_hours weights; missing edges zero",fixed historical cutoff and observed prefix,False,duplicate,0.0019150813849015912,0.009366389355852222,0.0027649539976116427,graph_order_carts_n1_uniform_sum,,
float32,graph,2999.599365234375,0.0,0,0.9801133434368391,,graph_order_carts_n1_six_hours_max,,duplicate,9454,0.004660397343812811,"max of order graph affinity from last 1 observed events restricted to carts, with six_hours weights; missing edges zero",fixed historical cutoff and observed prefix,False,duplicate,0.0019150813849015912,0.009366389355852222,0.0027649539976116427,graph_order_carts_n1_uniform_sum,,
float32,graph,2999.599365234375,0.0,0,0.9801133434368391,,graph_order_carts_n1_six_hours_mean,,duplicate,9454,0.004660397343812811,"mean of order graph affinity from last 1 observed events restricted to carts, with six_hours weights; missing edges zero",fixed historical cutoff and observed prefix,False,duplicate,0.0019150813849015912,0.009366389355852222,0.0027649539976116427,graph_order_carts_n1_uniform_sum,,
float32,graph,0.0,0.0,0,1.0,,graph_order_carts_n1_six_hours_std,,constant,1,0.0,"std of order graph affinity from last 1 observed events restricted to carts, with six_hours weights; missing edges zero",fixed historical cutoff and observed prefix,False,constant,0.0,0.0,0.0,,,
float32,graph,5999.19873046875,0.0,0,0.9608161661280941,3.655230831395903e-05,graph_order_carts_n3_uniform_sum,0.6666666666666666,capacity,18452,0.013524046684530564,"sum of order graph affinity from last 3 observed events restricted to carts, with uniform weights; missing edges zero",fixed historical cutoff and observed prefix,False,capacity,0.0037926432346451714,0.021291313557598737,0.011262313822977375,,,
float32,graph,2999.599365234375,0.0,0,0.9608161661280941,0.0,graph_order_carts_n3_uniform_max,0.0,capacity,18369,0.012803462022849757,"max of order graph affinity from last 3 observed events restricted to carts, with uniform weights; missing edges zero",fixed historical cutoff and observed prefix,False,capacity,0.0044156464493004975,0.019099787332476813,0.011053268630294438,,,
float32,graph,2999.599365234375,0.0,0,0.9608161661280941,8.998331119058587e-06,graph_order_carts_n3_uniform_mean,0.6666666666666666,capacity,18467,0.011074466742949686,"mean of order graph affinity from last 3 observed events restricted to carts, with uniform weights; missing edges zero",fixed historical cutoff and observed prefix,False,capacity,0.0038599354847892392,0.017543351915936586,0.009042446032816311,,,
float32,graph,973.0017700195312,0.0,0,0.9953036207255459,1.1357780200931326e-05,graph_order_carts_n3_uniform_std,1.0,capacity,2297,0.01756683950741138,"std of order graph affinity from last 3 observed events restricted to carts, with uniform weights; missing edges zero",fixed historical cutoff and observed prefix,False,capacity,0.005693516204346109,0.01757660378785333,0.019540844584367955,,,
float32,graph,5120.63671875,0.0,0,0.9608161661280941,2.162203811354101e-06,graph_order_carts_n3_position_sum,0.3333333333333333,capacity,18683,0.011723837199677994,"sum of order graph affinity from last 3 observed events restricted to carts, with position weights; missing edges zero",fixed historical cutoff and observed prefix,False,capacity,0.003389790337272696,0.018884917908628326,0.00953230465560371,,,
float32,graph,2999.599365234375,0.0,0,0.9608161661280941,3.1387701999575774e-06,graph_order_carts_n3_position_max,0.6666666666666666,capacity,18605,0.011114302017785078,"max of order graph affinity from last 3 observed events restricted to carts, with position weights; missing edges zero",fixed historical cutoff and observed prefix,False,capacity,0.003790187370692444,0.017233188271976344,0.009275544665204886,,,
float32,graph,2999.599609375,0.0,0,0.9608161661280941,3.4757813052204555e-05,graph_order_carts_n3_position_mean,1.0,capacity,18530,0.010934172542191329,"mean of order graph affinity from last 3 observed events restricted to carts, with position weights; missing edges zero",fixed historical cutoff and observed prefix,False,capacity,0.003758575822876912,0.017444323983867367,0.008875029607905713,,,
float32,graph,937.421875,0.0,0,0.9928250841904777,5.5194185445720324e-05,graph_order_carts_n3_position_std,1.0,capacity,2356,0.01792889388637919,"std of order graph affinity from last 3 observed events restricted to carts, with position weights; missing edges zero",fixed historical cutoff and observed prefix,False,capacity,0.005675051908574381,0.01759549053024364,0.020137902560747767,,,
float32,graph,5995.4248046875,0.0,0,0.9608161661280941,0.0,graph_order_carts_n3_hour_sum,0.0,capacity,19129,0.013813211969519472,"sum of order graph affinity from last 3 observed events restricted to carts, with hour weights; missing edges zero",fixed historical cutoff and observed prefix,False,capacity,0.0038005050232666447,0.021737428216215778,0.01151988833721346,,,
float32,graph,2999.599365234375,0.0,0,0.9608161661280941,2.78664126449122e-06,graph_order_carts_n3_hour_max,0.6666666666666666,capacity,19035,0.013163894182621705,"max of order graph affinity from last 3 observed events restricted to carts, with hour weights; missing edges zero",fixed historical cutoff and observed prefix,False,capacity,0.004452029701064903,0.019622132663442107,0.011386752355804304,,,
float32,graph,2999.599365234375,0.0,0,0.9608161661280941,0.0,graph_order_carts_n3_hour_mean,0.0,capacity,18550,0.01108618750081712,"mean of order graph affinity from last 3 observed events restricted to carts, with hour weights; missing edges zero",fixed historical cutoff and observed prefix,False,capacity,0.003883305133333105,0.017592365870734702,0.009033578710438998,,,
float32,graph,972.9966430664062,0.0,0,0.9940935345993195,8.694739792058828e-06,graph_order_carts_n3_hour_std,0.6666666666666666,capacity,2409,0.017659722376106624,"std of order graph affinity from last 3 observed events restricted to carts, with hour weights; missing edges zero",fixed historical cutoff and observed prefix,False,capacity,0.0055796014433532075,0.017326886399698364,0.01983949385310299,,,
float32,graph,5998.5693359375,0.0,0,0.9608161661280941,6.632288753177593e-06,graph_order_carts_n3_six_hours_sum,0.3333333333333333,capacity,19129,0.013627927061215133,"sum of order graph affinity from last 3 observed events restricted to carts, with six_hours weights; missing edges zero",fixed historical cutoff and observed prefix,False,capacity,0.0038317245436543584,0.02144352629686553,0.0113528278629834,,,
float32,graph,2999.599365234375,0.0,0,0.9608161661280941,0.0,graph_order_carts_n3_six_hours_max,0.0,capacity,19035,0.012928750768873643,"max of order graph affinity from last 3 observed events restricted to carts, with six_hours weights; missing edges zero",fixed historical cutoff and observed prefix,False,capacity,0.0044679616992512475,0.019274629265635942,0.011165943032096228,,,
float32,graph,2999.599365234375,0.0,0,0.9608161661280941,0.0,graph_order_carts_n3_six_hours_mean,0.0,capacity,18554,0.011085440104655477,"mean of order graph affinity from last 3 observed events restricted to carts, with six_hours weights; missing edges zero",fixed historical cutoff and observed prefix,False,capacity,0.0038811659062421267,0.017589317172427725,0.00903421393717158,,,
float32,graph,973.0015258789062,0.0,0,0.9945332121950223,6.299137236566657e-06,graph_order_carts_n3_six_hours_std,0.6666666666666666,capacity,2369,0.01767859408202462,"std of order graph affinity from last 3 observed events restricted to carts, with six_hours weights; missing edges zero",fixed historical cutoff and observed prefix,False,capacity,0.005632761057691427,0.017452310068817468,0.019799374926017063,,,
float32,graph,5999.19873046875,0.0,0,0.9517327382770475,3.135191016053644e-05,graph_order_carts_n5_uniform_sum,0.6666666666666666,capacity,22759,0.020456398692924812,"sum of order graph affinity from last 5 observed events restricted to carts, with uniform weights; missing edges zero",fixed historical cutoff and observed prefix,False,capacity,0.005274948772641381,0.030023691203207237,0.01820299409116417,,,
float32,graph,2999.599365234375,0.0,0,0.9517327382770475,2.5821051072488606e-07,graph_order_carts_n5_uniform_max,0.3333333333333333,capacity,22499,0.01998219123238792,"max of order graph affinity from last 5 observed events restricted to carts, with uniform weights; missing edges zero",fixed historical cutoff and observed prefix,False,capacity,0.006719606789905644,0.030018285086888884,0.017174575045551154,,,
float32,graph,2999.599365234375,0.0,0,0.9517327382770475,1.5993173350154836e-05,graph_order_carts_n5_uniform_mean,0.6666666666666666,capacity,22763,0.01539899102967382,"mean of order graph affinity from last 5 observed events restricted to carts, with uniform weights; missing edges zero",fixed historical cutoff and observed prefix,False,capacity,0.0051763680741094935,0.027504114140890087,0.011050199966659744,,,
float32,graph,1225.8780517578125,0.0,0,0.9879516665920901,3.4033079660337225e-06,graph_order_carts_n5_uniform_std,0.3333333333333333,capacity,5806,0.021512737344782977,"std of order graph affinity from last 5 observed events restricted to carts, with uniform weights; missing edges zero",fixed historical cutoff and observed prefix,False,capacity,0.008628883035065142,0.022226031883466488,0.02330339912706086,,,
float32,graph,5120.63671875,0.0,0,0.9517327382770475,5.855107146483302e-06,graph_order_carts_n5_position_sum,0.6666666666666666,capacity,23177,0.016709445915819163,"sum of order graph affinity from last 5 observed events restricted to carts, with position weights; missing edges zero",fixed historical cutoff and observed prefix,False,capacity,0.0045959480666109215,0.025678129166547332,0.014244020598656452,,,
float32,graph,2999.599365234375,0.0,0,0.9517327382770475,6.530403395334552e-05,graph_order_carts_n5_position_max,0.6666666666666666,capacity,23022,0.015777948406367964,"max of order graph affinity from last 5 observed events restricted to carts, with position weights; missing edges zero",fixed historical cutoff and observed prefix,False,capacity,0.005325358094166492,0.024589271617702597,0.013114385186067558,,,
float32,graph,2999.599609375,0.0,0,0.9517327382770475,7.261726609351466e-06,graph_order_carts_n5_position_mean,0.3333333333333333,capacity,22919,0.014861001009006744,"mean of order graph affinity from last 5 observed events restricted to carts, with position weights; missing edges zero",fixed historical cutoff and observed prefix,False,capacity,0.004756988797390533,0.02683320539684721,0.010558900850355879,,,
float32,graph,1155.7689208984375,0.0,0,0.9853291648265705,1.7545446097268092e-05,graph_order_carts_n5_position_std,0.6666666666666666,capacity,5918,0.0214978994760712,"std of order graph affinity from last 5 observed events restricted to carts, with position weights; missing edges zero",fixed historical cutoff and observed prefix,False,capacity,0.008856412849194105,0.02263346647340227,0.02303703041521852,,,
float32,graph,5995.4248046875,0.0,0,0.9517327382770475,0.0,graph_order_carts_n5_hour_sum,0.0,capacity,23723,0.020977540570447192,"sum of order graph affinity from last 5 observed events restricted to carts, with hour weights; missing edges zero",fixed historical cutoff and observed prefix,False,capacity,0.0055979807653946745,0.030973228852258974,0.018542956397050055,,,
float32,graph,2999.599365234375,0.0,0,0.9517327382770475,5.653974684750885e-07,graph_order_carts_n5_hour_max,0.3333333333333333,capacity,23593,0.020746151480521138,"max of order graph affinity from last 5 observed events restricted to carts, with hour weights; missing edges zero",fixed historical cutoff and observed prefix,False,capacity,0.00721078889171663,0.03141581565061999,0.017667213160272466,,,
float32,graph,2999.599365234375,0.0,0,0.9517327382770475,0.0,graph_order_carts_n5_hour_mean,0.0,capacity,23050,0.01552688391033369,"mean of order graph affinity from last 5 observed events restricted to carts, with hour weights; missing edges zero",fixed historical cutoff and observed prefix,False,capacity,0.005269690689325208,0.027755696899448606,0.011122009619277649,,,
float32,graph,1061.9468994140625,0.0,0,0.9863019028701608,2.07600192684184e-05,graph_order_carts_n5_hour_std,0.6666666666666666,capacity,6088,0.02245050050951034,"std of order graph affinity from last 5 observed events restricted to carts, with hour weights; missing edges zero",fixed historical cutoff and observed prefix,False,capacity,0.009009358873475896,0.023085981194195568,0.024372950439840134,,,
float32,graph,5998.5693359375,0.0,0,0.9517327382770475,0.0,graph_order_carts_n5_six_hours_sum,0.0,capacity,23726,0.020607001882018743,"sum of order graph affinity from last 5 observed events restricted to carts, with six_hours weights; missing edges zero",fixed historical cutoff and observed prefix,False,capacity,0.005402351457746414,0.030314510990442193,0.018287355731852407,,,
float32,graph,2999.599365234375,0.0,0,0.9517327382770475,0.0,graph_order_carts_n5_six_hours_max,0.0,capacity,23596,0.02021389057166333,"max of order graph affinity from last 5 observed events restricted to carts, with six_hours weights; missing edges zero",fixed historical cutoff and observed prefix,False,capacity,0.006910856991389593,0.030458196360225016,0.017308909940761442,,,
float32,graph,2999.599365234375,0.0,0,0.9517327382770475,1.5971691596615105e-06,graph_order_carts_n5_six_hours_mean,0.3333333333333333,capacity,23036,0.015431107995139118,"mean of order graph affinity from last 5 observed events restricted to carts, with six_hours weights; missing edges zero",fixed historical cutoff and observed prefix,False,capacity,0.005208474261295624,0.02758786880627021,0.01105649987854749,,,
float32,graph,1220.7691650390625,0.0,0,0.9868369087941355,9.68923790813453e-06,graph_order_carts_n5_six_hours_std,0.3333333333333333,capacity,5995,0.02155174238150269,"std of order graph affinity from last 5 observed events restricted to carts, with six_hours weights; missing edges zero",fixed historical cutoff and observed prefix,False,capacity,0.00860706953614029,0.022163816228334503,0.023403150932313852,,,
float32,graph,11435.5673828125,0.0,0,0.9430247873108267,4.518825722468519e-06,graph_order_carts_n10_uniform_sum,0.3333333333333333,capacity,26873,0.02659466802473828,"sum of order graph affinity from last 10 observed events restricted to carts, with uniform weights; missing edges zero",fixed historical cutoff and observed prefix,False,capacity,0.009509298863312938,0.03846390390326775,0.023507611612377768,,,
float32,graph,2999.599365234375,0.0,0,0.9430247873108267,0.0,graph_order_carts_n10_uniform_max,0.0,capacity,26424,0.028775193639494635,"max of order graph affinity from last 10 observed events restricted to carts, with uniform weights; missing edges zero",fixed historical cutoff and observed prefix,False,capacity,0.009812276786214904,0.037625529020861165,0.02751051209102466,,,
float32,graph,2999.599365234375,0.0,0,0.9430247873108267,6.197643120978315e-06,graph_order_carts_n10_uniform_mean,1.0,capacity,27077,0.01831994310650259,"mean of order graph affinity from last 10 observed events restricted to carts, with uniform weights; missing edges zero",fixed historical cutoff and observed prefix,False,capacity,0.006404546904133406,0.02917220167211847,0.014879713190756183,,,
float32,graph,1499.7996826171875,0.0,0,0.977473332386535,0.0,graph_order_carts_n10_uniform_std,0.0,capacity,10844,0.03419330386624357,"std of order graph affinity from last 10 observed events restricted to carts, with uniform weights; missing edges zero",fixed historical cutoff and observed prefix,False,capacity,0.012383009169813428,0.039178654328694225,0.035335677751089936,,,
float32,graph,5120.63671875,0.0,0,0.9430247873108267,1.4389583951134616e-06,graph_order_carts_n10_position_sum,0.3333333333333333,capacity,27478,0.022837529611974598,"sum of order graph affinity from last 10 observed events restricted to carts, with position weights; missing edges zero",fixed historical cutoff and observed prefix,False,capacity,0.007932562842298966,0.03414790441515553,0.019666503338663408,,,
float32,graph,2999.599365234375,0.0,0,0.9430247873108267,2.6149064735812688e-05,graph_order_carts_n10_position_max,0.6666666666666666,capacity,27256,0.020623319634043683,"max of order graph affinity from last 10 observed events restricted to carts, with position weights; missing edges zero",fixed historical cutoff and observed prefix,False,capacity,0.006948044376627169,0.029047476868722947,0.018690453559606805,,,
float32,graph,2999.599609375,0.0,0,0.9430247873108267,3.0058908695503703e-05,graph_order_carts_n10_position_mean,1.0,capacity,27467,0.017426035925961876,"mean of order graph affinity from last 10 observed events restricted to carts, with position weights; missing edges zero",fixed historical cutoff and observed prefix,False,capacity,0.006016418230734577,0.02871625952775417,0.01368252707427028,,,
float32,graph,1444.9564208984375,0.0,0,0.9748391577644924,0.00011542672137375067,graph_order_carts_n10_position_std,0.6666666666666666,capacity,11182,0.03363198568572549,"std of order graph affinity from last 10 observed events restricted to carts, with position weights; missing edges zero",fixed historical cutoff and observed prefix,False,capacity,0.012781018003831149,0.039404311210681296,0.03422098420356332,,,
float32,graph,10943.6015625,0.0,0,0.9430247873108267,0.000225296869827926,graph_order_carts_n10_hour_sum,0.3333333333333333,capacity,28130,0.02778831810229651,"sum of order graph affinity from last 10 observed events restricted to carts, with hour weights; missing edges zero",fixed historical cutoff and observed prefix,False,capacity,0.010243935789369113,0.04038746358791244,0.02441280907830978,,,
float32,graph,2999.599365234375,0.0,0,0.9430247873108267,1.0411441798307118e-06,graph_order_carts_n10_hour_max,0.6666666666666666,capacity,27978,0.030476986385487487,"max of order graph affinity from last 10 observed events restricted to carts, with hour weights; missing edges zero",fixed historical cutoff and observed prefix,False,capacity,0.010842228058013893,0.04034601093601309,0.02881493383147029,,,
float32,graph,2999.599365234375,0.0,0,0.9430247873108267,3.503698399477998e-05,graph_order_carts_n10_hour_mean,1.0,capacity,27578,0.01875595979271197,"mean of order graph affinity from last 10 observed events restricted to carts, with hour weights; missing edges zero",fixed historical cutoff and observed prefix,False,capacity,0.007242204228286726,0.030645643373664287,0.014730077262973354,,,
float32,graph,1499.6614990234375,0.0,0,0.9755881660580569,1.4304515999595168e-05,graph_order_carts_n10_hour_std,1.0,capacity,11397,0.03703814577329341,"std of order graph affinity from last 10 observed events restricted to carts, with hour weights; missing edges zero",fixed historical cutoff and observed prefix,False,capacity,0.011871120037342857,0.03964055951417097,0.03993144319217973,,,
float32,graph,11351.9599609375,0.0,0,0.9430247873108267,1.310856285298255e-06,graph_order_carts_n10_six_hours_sum,0.3333333333333333,capacity,28132,0.027183652292665717,"sum of order graph affinity from last 10 observed events restricted to carts, with six_hours weights; missing edges zero",fixed historical cutoff and observed prefix,False,capacity,0.009858663429298836,0.039362191439213164,0.023981880863286478,,,
float32,graph,2999.599365234375,0.0,0,0.9430247873108267,0.0,graph_order_carts_n10_six_hours_max,0.0,capacity,27980,0.029863878957681427,"max of order graph affinity from last 10 observed events restricted to carts, with six_hours weights; missing edges zero",fixed historical cutoff and observed prefix,False,capacity,0.010401445927866217,0.039146394520449004,0.028466360014600175,,,
float32,graph,2999.599365234375,0.0,0,0.9430247873108267,2.1021782218319054e-06,graph_order_carts_n10_six_hours_mean,0.3333333333333333,capacity,27577,0.01859899126724582,"mean of order graph affinity from last 10 observed events restricted to carts, with six_hours weights; missing edges zero",fixed historical cutoff and observed prefix,False,capacity,0.007072314899930178,0.030242707096408347,0.014698246080550498,,,
float32,graph,1499.7958984375,0.0,0,0.9763371743516215,0.0,graph_order_carts_n10_six_hours_std,0.0,capacity,11248,0.03549805664188295,"std of order graph affinity from last 10 observed events restricted to carts, with six_hours weights; missing edges zero",fixed historical cutoff and observed prefix,False,capacity,0.012067822953719326,0.03931576690487024,0.037494240458416574,,,
float32,graph,17997.595703125,0.0,0,0.9382214068515777,1.0239210478816652e-06,graph_order_carts_n20_uniform_sum,0.6666666666666666,capacity,29213,0.02236245154143071,"sum of order graph affinity from last 20 observed events restricted to carts, with uniform weights; missing edges zero",fixed historical cutoff and observed prefix,False,capacity,0.007110580701788036,0.03431195694825905,0.018929677311290322,,,
float32,graph,2999.599365234375,0.0,0,0.9382214068515777,0.0,graph_order_carts_n20_uniform_max,0.0,capacity,28585,0.02901756940301847,"max of order graph affinity from last 20 observed events restricted to carts, with uniform weights; missing edges zero",fixed historical cutoff and observed prefix,False,capacity,0.008818949248929833,0.037388759292637505,0.028198411150557056,,,
float32,graph,2999.599365234375,0.0,0,0.9382214068515777,0.0,graph_order_carts_n20_uniform_mean,0.0,capacity,29455,0.01745056533997727,"mean of order graph affinity from last 20 observed events restricted to carts, with uniform weights; missing edges zero",fixed historical cutoff and observed prefix,False,capacity,0.005760170947567865,0.02967035892454853,0.013289067613093212,,,
float32,graph,1311.20654296875,0.0,0,0.9719754169641623,6.802313605551199e-06,graph_order_carts_n20_uniform_std,0.6666666666666666,capacity,13531,0.03340777119762734,"std of order graph affinity from last 20 observed events restricted to carts, with uniform weights; missing edges zero",fixed historical cutoff and observed prefix,False,capacity,0.010501267687237663,0.03655622249931871,0.0356512961318466,,,
float32,graph,5759.009765625,0.0,0,0.9382214068515777,8.561709113413598e-05,graph_order_carts_n20_position_sum,0.3333333333333333,capacity,29877,0.022163355174229175,"sum of order graph affinity from last 20 observed events restricted to carts, with position weights; missing edges zero",fixed historical cutoff and observed prefix,False,capacity,0.007285120872673318,0.03411861234896322,0.01866543230378813,,,
float32,graph,2999.599365234375,0.0,0,0.9382214068515777,1.468641656442742e-06,graph_order_carts_n20_position_max,0.3333333333333333,capacity,29622,0.02120142130537883,"max of order graph affinity from last 20 observed events restricted to carts, with position weights; missing edges zero",fixed historical cutoff and observed prefix,False,capacity,0.0067518619842821285,0.029590670548142045,0.019415056570846675,,,
float32,graph,2999.599609375,0.0,0,0.9382214068515777,0.0,graph_order_carts_n20_position_mean,0.0,capacity,29942,0.016964949538935577,"mean of order graph affinity from last 20 observed events restricted to carts, with position weights; missing edges zero",fixed historical cutoff and observed prefix,False,capacity,0.0056126403028265,0.029314285155226036,0.012682333270141859,,,
float32,graph,1402.169921875,0.0,0,0.969419061385607,4.7521106376631267e-05,graph_order_carts_n20_position_std,1.0,capacity,13972,0.033014614335008394,"std of order graph affinity from last 20 observed events restricted to carts, with position weights; missing edges zero",fixed historical cutoff and observed prefix,False,capacity,0.011046071134248263,0.0371903675612227,0.0345881615886946,,,
float32,graph,16785.90625,0.0,0,0.9382214068515777,7.684652623204806e-06,graph_order_carts_n20_hour_sum,0.6666666666666666,capacity,30560,0.0237556267877706,"sum of order graph affinity from last 20 observed events restricted to carts, with hour weights; missing edges zero",fixed historical cutoff and observed prefix,False,capacity,0.008009573672359157,0.036808405041538435,0.019853579846788594,,,
float32,graph,2999.599365234375,0.0,0,0.9382214068515777,1.8925840898383385e-05,graph_order_carts_n20_hour_max,0.6666666666666666,capacity,30406,0.03075085969711859,"max of order graph affinity from last 20 observed events restricted to carts, with hour weights; missing edges zero",fixed historical cutoff and observed prefix,False,capacity,0.010045878844451569,0.04023519367212409,0.029459522851727014,,,
float32,graph,2999.599365234375,0.0,0,0.9382214068515777,5.2332427503547055e-05,graph_order_carts_n20_hour_mean,1.0,capacity,30052,0.01854310545715932,"mean of order graph affinity from last 20 observed events restricted to carts, with hour weights; missing edges zero",fixed historical cutoff and observed prefix,False,capacity,0.006842167543853933,0.03153216933569316,0.013998729836776637,,,
float32,graph,1329.061767578125,0.0,0,0.9701097053965562,4.575475367485791e-05,graph_order_carts_n20_hour_std,0.6666666666666666,capacity,14182,0.035948973941367854,"std of order graph affinity from last 20 observed events restricted to carts, with hour weights; missing edges zero",fixed historical cutoff and observed prefix,False,capacity,0.010009570157009168,0.037291366918749506,0.03960101141673681,,,
float32,graph,17788.91015625,0.0,0,0.9382214068515777,2.8762791060150433e-05,graph_order_carts_n20_six_hours_sum,0.6666666666666666,capacity,30561,0.022944998193827833,"sum of order graph affinity from last 20 observed events restricted to carts, with six_hours weights; missing edges zero",fixed historical cutoff and observed prefix,False,capacity,0.007466941547155133,0.0352478625856986,0.019373242105671238,,,
float32,graph,2999.599365234375,0.0,0,0.9382214068515777,0.0,graph_order_carts_n20_six_hours_max,0.0,capacity,30413,0.030064220788628616,"max of order graph affinity from last 20 observed events restricted to carts, with six_hours weights; missing edges zero",fixed historical cutoff and observed prefix,False,capacity,0.009420270246070358,0.03870780290694574,0.02918308815322977,,,
float32,graph,2999.599365234375,0.0,0,0.9382214068515777,0.0,graph_order_carts_n20_six_hours_mean,0.0,capacity,30034,0.018102351808200086,"mean of order graph affinity from last 20 observed events restricted to carts, with six_hours weights; missing edges zero",fixed historical cutoff and observed prefix,False,capacity,0.006613138702883035,0.031073916905363007,0.013531438110504805,,,
float32,graph,1312.777587890625,0.0,0,0.9708567682140335,1.7248634952448334e-06,graph_order_carts_n20_six_hours_std,0.3333333333333333,capacity,14033,0.03463374731973778,"std of order graph affinity from last 20 observed events restricted to carts, with six_hours weights; missing edges zero",fixed historical cutoff and observed prefix,False,capacity,0.010488382914114323,0.03724099582909946,0.037354350465994175,,,
float32,graph,24687.16796875,0.0,0,0.9362700943361355,3.737936503961185e-05,graph_order_carts_n50_uniform_sum,0.6666666666666666,capacity,30180,0.0191709520033276,"sum of order graph affinity from last 50 observed events restricted to carts, with uniform weights; missing edges zero",fixed historical cutoff and observed prefix,False,capacity,0.0070544368721868565,0.03048630702653307,0.015532693680248325,,,
float32,graph,2999.599365234375,0.0,0,0.9362700943361355,9.81084254567315e-06,graph_order_carts_n50_uniform_max,0.3333333333333333,capacity,29448,0.02987451703269075,"max of order graph affinity from last 50 observed events restricted to carts, with uniform weights; missing edges zero",fixed historical cutoff and observed prefix,False,capacity,0.0090082672605129,0.03769699500189944,0.02944098634344938,,,
float32,graph,2999.599365234375,0.0,0,0.9362700943361355,3.7465353723266065e-05,graph_order_carts_n50_uniform_mean,1.0,capacity,30418,0.017709009708294282,"mean of order graph affinity from last 50 observed events restricted to carts, with uniform weights; missing edges zero",fixed historical cutoff and observed prefix,False,capacity,0.006357103642222763,0.030283074431022256,0.01331396169127555,,,
float32,graph,1336.367919921875,0.0,0,0.9699501763574073,1.3120891669628444e-06,graph_order_carts_n50_uniform_std,0.3333333333333333,capacity,14537,0.03350616478918712,"std of order graph affinity from last 50 observed events restricted to carts, with uniform weights; missing edges zero",fixed historical cutoff and observed prefix,False,capacity,0.010590347030853485,0.0366388216921239,0.035759139297441005,,,
float32,graph,6413.576171875,0.0,0,0.9362700943361355,1.7109815497724425e-06,graph_order_carts_n50_position_sum,0.6666666666666666,capacity,30862,0.02164849627064234,"sum of order graph affinity from last 50 observed events restricted to carts, with position weights; missing edges zero",fixed historical cutoff and observed prefix,False,capacity,0.007564362505235395,0.033881339298679515,0.017879430384191583,,,
float32,graph,2999.599365234375,0.0,0,0.9362700943361355,3.007444894796198e-07,graph_order_carts_n50_position_max,0.3333333333333333,capacity,30583,0.021592712433636512,"max of order graph affinity from last 50 observed events restricted to carts, with position weights; missing edges zero",fixed historical cutoff and observed prefix,False,capacity,0.006703124134037873,0.029704647656918968,0.02001834287192839,,,
float32,graph,2999.599609375,0.0,0,0.9362700943361355,6.257370950547975e-06,graph_order_carts_n50_position_mean,0.6666666666666666,capacity,30937,0.01708646725740512,"mean of order graph affinity from last 50 observed events restricted to carts, with position weights; missing edges zero",fixed historical cutoff and observed prefix,False,capacity,0.005924714660682937,0.029541206924539452,0.012719389523291654,,,
float32,graph,1402.169921875,0.0,0,0.9673860388745031,1.4071815109915024e-06,graph_order_carts_n50_position_std,0.6666666666666666,capacity,15001,0.03330460947646957,"std of order graph affinity from last 50 observed events restricted to carts, with position weights; missing edges zero",fixed historical cutoff and observed prefix,False,capacity,0.010972142992958891,0.03751259462065171,0.03492269465163029,,,
float32,graph,19532.728515625,0.0,0,0.9362700943361355,1.2957280895767683e-06,graph_order_carts_n50_hour_sum,0.3333333333333333,capacity,31550,0.024045559862739187,"sum of order graph affinity from last 50 observed events restricted to carts, with hour weights; missing edges zero",fixed historical cutoff and observed prefix,False,capacity,0.009613888350971609,0.03917154306262661,0.018887846848090074,,,
float32,graph,2999.599365234375,0.0,0,0.9362700943361355,0.00011416430654721552,graph_order_carts_n50_hour_max,0.6666666666666666,capacity,31393,0.031155125762557228,"max of order graph affinity from last 50 observed events restricted to carts, with hour weights; missing edges zero",fixed historical cutoff and observed prefix,False,capacity,0.010412500715133586,0.04084308867763334,0.029768248479589778,,,
float32,graph,2999.599365234375,0.0,0,0.9362700943361355,1.714447267648129e-05,graph_order_carts_n50_hour_mean,0.6666666666666666,capacity,31043,0.01870811966291933,"mean of order graph affinity from last 50 observed events restricted to carts, with hour weights; missing edges zero",fixed historical cutoff and observed prefix,False,capacity,0.007406869303994868,0.0320778256167563,0.013906808412488252,,,
float32,graph,1329.061767578125,0.0,0,0.9681311562158934,1.1970747082897926e-05,graph_order_carts_n50_hour_std,0.3333333333333333,capacity,15183,0.03502279250896745,"std of order graph affinity from last 50 observed events restricted to carts, with hour weights; missing edges zero",fixed historical cutoff and observed prefix,False,capacity,0.010144589390908957,0.03745969033870212,0.0379507107804432,,,
float32,graph,20744.8203125,0.0,0,0.9362700943361355,1.82135233217443e-05,graph_order_carts_n50_six_hours_sum,1.0,capacity,31553,0.022034669985013588,"sum of order graph affinity from last 50 observed events restricted to carts, with six_hours weights; missing edges zero",fixed historical cutoff and observed prefix,False,capacity,0.00847462332456758,0.0354411017724891,0.01759146186801683,,,
float32,graph,2999.599365234375,0.0,0,0.9362700943361355,9.365804838524742e-06,graph_order_carts_n50_six_hours_max,0.3333333333333333,capacity,31403,0.030472747303562638,"max of order graph affinity from last 50 observed events restricted to carts, with six_hours weights; missing edges zero",fixed historical cutoff and observed prefix,False,capacity,0.009746787202458444,0.039050892616428405,0.02963800133064712,,,
float32,graph,2999.599365234375,0.0,0,0.9362700943361355,8.739540143217147e-06,graph_order_carts_n50_six_hours_mean,0.6666666666666666,capacity,31029,0.018304860693680224,"mean of order graph affinity from last 50 observed events restricted to carts, with six_hours weights; missing edges zero",fixed historical cutoff and observed prefix,False,capacity,0.007200867423953819,0.031664890297146656,0.013475511436901406,,,
float32,graph,1334.2252197265625,0.0,0,0.9688159637985809,2.198652823462493e-06,graph_order_carts_n50_six_hours_std,0.6666666666666666,capacity,15061,0.034392669596813114,"std of order graph affinity from last 50 observed events restricted to carts, with six_hours weights; missing edges zero",fixed historical cutoff and observed prefix,False,capacity,0.01058409111768211,0.03726826263160132,0.03692296949260751,,,
float32,graph,1017.4161376953125,0.0,0,0.9969222568300802,8.813193554793146e-07,graph_order_orders_n1_uniform_sum,0.3333333333333333,capacity,1447,0.0027072617049698914,"sum of order graph affinity from last 1 observed events restricted to orders, with uniform weights; missing edges zero",fixed historical cutoff and observed prefix,False,capacity,-0.001766714110943368,-0.0009395313862616425,0.0037478847966617695,,,
float32,graph,1017.4161376953125,0.0,0,0.9969222568300802,,graph_order_orders_n1_uniform_max,,duplicate,1447,0.0027072617049698914,"max of order graph affinity from last 1 observed events restricted to orders, with uniform weights; missing edges zero",fixed historical cutoff and observed prefix,False,duplicate,-0.001766714110943368,-0.0009395313862616425,0.0037478847966617695,graph_order_orders_n1_uniform_sum,,
float32,graph,1017.4161376953125,0.0,0,0.9969222568300802,,graph_order_orders_n1_uniform_mean,,duplicate,1447,0.0027072617049698914,"mean of order graph affinity from last 1 observed events restricted to orders, with uniform weights; missing edges zero",fixed historical cutoff and observed prefix,False,duplicate,-0.001766714110943368,-0.0009395313862616425,0.0037478847966617695,graph_order_orders_n1_uniform_sum,,
float32,graph,0.0,0.0,0,1.0,,graph_order_orders_n1_uniform_std,,constant,1,0.0,"std of order graph affinity from last 1 observed events restricted to orders, with uniform weights; missing edges zero",fixed historical cutoff and observed prefix,False,constant,0.0,0.0,0.0,,,
float32,graph,1017.4161376953125,0.0,0,0.9969222568300802,,graph_order_orders_n1_position_sum,,duplicate,1447,0.0027072617049698914,"sum of order graph affinity from last 1 observed events restricted to orders, with position weights; missing edges zero",fixed historical cutoff and observed prefix,False,duplicate,-0.001766714110943368,-0.0009395313862616425,0.0037478847966617695,graph_order_orders_n1_uniform_sum,,
float32,graph,1017.4161376953125,0.0,0,0.9969222568300802,,graph_order_orders_n1_position_max,,duplicate,1447,0.0027072617049698914,"max of order graph affinity from last 1 observed events restricted to orders, with position weights; missing edges zero",fixed historical cutoff and observed prefix,False,duplicate,-0.001766714110943368,-0.0009395313862616425,0.0037478847966617695,graph_order_orders_n1_uniform_sum,,
float32,graph,1017.4161376953125,0.0,0,0.9969222568300802,,graph_order_orders_n1_position_mean,,duplicate,1447,0.0027072617049698914,"mean of order graph affinity from last 1 observed events restricted to orders, with position weights; missing edges zero",fixed historical cutoff and observed prefix,False,duplicate,-0.001766714110943368,-0.0009395313862616425,0.0037478847966617695,graph_order_orders_n1_uniform_sum,,
float32,graph,0.0,0.0,0,1.0,,graph_order_orders_n1_position_std,,constant,1,0.0,"std of order graph affinity from last 1 observed events restricted to orders, with position weights; missing edges zero",fixed historical cutoff and observed prefix,False,constant,0.0,0.0,0.0,,,
float32,graph,1017.4161376953125,0.0,0,0.9969222568300802,,graph_order_orders_n1_hour_sum,,duplicate,1447,0.0027072617049698914,"sum of order graph affinity from last 1 observed events restricted to orders, with hour weights; missing edges zero",fixed historical cutoff and observed prefix,False,duplicate,-0.001766714110943368,-0.0009395313862616425,0.0037478847966617695,graph_order_orders_n1_uniform_sum,,
float32,graph,1017.4161376953125,0.0,0,0.9969222568300802,,graph_order_orders_n1_hour_max,,duplicate,1447,0.0027072617049698914,"max of order graph affinity from last 1 observed events restricted to orders, with hour weights; missing edges zero",fixed historical cutoff and observed prefix,False,duplicate,-0.001766714110943368,-0.0009395313862616425,0.0037478847966617695,graph_order_orders_n1_uniform_sum,,
float32,graph,1017.4161376953125,0.0,0,0.9969222568300802,,graph_order_orders_n1_hour_mean,,duplicate,1447,0.0027072617049698914,"mean of order graph affinity from last 1 observed events restricted to orders, with hour weights; missing edges zero",fixed historical cutoff and observed prefix,False,duplicate,-0.001766714110943368,-0.0009395313862616425,0.0037478847966617695,graph_order_orders_n1_uniform_sum,,
float32,graph,0.0,0.0,0,1.0,,graph_order_orders_n1_hour_std,,constant,1,0.0,"std of order graph affinity from last 1 observed events restricted to orders, with hour weights; missing edges zero",fixed historical cutoff and observed prefix,False,constant,0.0,0.0,0.0,,,
float32,graph,1017.4161376953125,0.0,0,0.9969222568300802,,graph_order_orders_n1_six_hours_sum,,duplicate,1447,0.0027072617049698914,"sum of order graph affinity from last 1 observed events restricted to orders, with six_hours weights; missing edges zero",fixed historical cutoff and observed prefix,False,duplicate,-0.001766714110943368,-0.0009395313862616425,0.0037478847966617695,graph_order_orders_n1_uniform_sum,,
float32,graph,1017.4161376953125,0.0,0,0.9969222568300802,,graph_order_orders_n1_six_hours_max,,duplicate,1447,0.0027072617049698914,"max of order graph affinity from last 1 observed events restricted to orders, with six_hours weights; missing edges zero",fixed historical cutoff and observed prefix,False,duplicate,-0.001766714110943368,-0.0009395313862616425,0.0037478847966617695,graph_order_orders_n1_uniform_sum,,
float32,graph,1017.4161376953125,0.0,0,0.9969222568300802,,graph_order_orders_n1_six_hours_mean,,duplicate,1447,0.0027072617049698914,"mean of order graph affinity from last 1 observed events restricted to orders, with six_hours weights; missing edges zero",fixed historical cutoff and observed prefix,False,duplicate,-0.001766714110943368,-0.0009395313862616425,0.0037478847966617695,graph_order_orders_n1_uniform_sum,,
float32,graph,0.0,0.0,0,1.0,,graph_order_orders_n1_six_hours_std,,constant,1,0.0,"std of order graph affinity from last 1 observed events restricted to orders, with six_hours weights; missing edges zero",fixed historical cutoff and observed prefix,False,constant,0.0,0.0,0.0,,,
float32,graph,1017.4161376953125,0.0,0,0.9945312667189351,0.0,graph_order_orders_n3_uniform_sum,0.0,capacity,2582,0.009786278270524175,"sum of order graph affinity from last 3 observed events restricted to orders, with uniform weights; missing edges zero",fixed historical cutoff and observed prefix,False,capacity,0.0010881557024914055,-0.0009765271158261388,0.015640840942545323,,,
float32,graph,1017.4161376953125,0.0,0,0.9945312667189351,0.0,graph_order_orders_n3_uniform_max,0.0,capacity,2580,0.007785586093897971,"max of order graph affinity from last 3 observed events restricted to orders, with uniform weights; missing edges zero",fixed historical cutoff and observed prefix,False,capacity,0.0014398717600607978,-0.0009714937593767941,0.012250251316798088,,,
float32,graph,1017.4161376953125,0.0,0,0.9945312667189351,0.0,graph_order_orders_n3_uniform_mean,0.0,capacity,2597,0.004414029781270801,"mean of order graph affinity from last 3 observed events restricted to orders, with uniform weights; missing edges zero",fixed historical cutoff and observed prefix,False,capacity,0.0014933379563147496,-0.0008192573202197022,0.00669819798262236,,,
float32,graph,206.6394500732422,0.0,0,0.9982685262824093,5.429049109438682e-07,graph_order_orders_n3_uniform_std,0.3333333333333333,capacity,821,0.013981102809116167,"std of order graph affinity from last 3 observed events restricted to orders, with uniform weights; missing edges zero",fixed historical cutoff and observed prefix,False,capacity,0.0006169385666448,-0.0009345385031148224,0.0227317456691954,,,
float32,graph,1017.4161376953125,0.0,0,0.9945312667189351,1.2306938691674563e-05,graph_order_orders_n3_position_sum,0.3333333333333333,capacity,2589,0.008269529974758561,"sum of order graph affinity from last 3 observed events restricted to orders, with position weights; missing edges zero",fixed historical cutoff and observed prefix,False,capacity,0.0006550557693360801,-0.0010532508488126208,0.013146748571968613,,,
float32,graph,1017.4161376953125,0.0,0,0.9945312667189351,1.040437671611019e-06,graph_order_orders_n3_position_max,0.3333333333333333,capacity,2583,0.00623047029400427,"max of order graph affinity from last 3 observed events restricted to orders, with position weights; missing edges zero",fixed historical cutoff and observed prefix,False,capacity,0.0009201951311512472,-0.001039056307569637,0.00971122314769709,,,
float32,graph,1017.4161376953125,0.0,0,0.9945312667189351,0.0,graph_order_orders_n3_position_mean,0.0,capacity,2608,0.003934490913284562,"mean of order graph affinity from last 3 observed events restricted to orders, with position weights; missing edges zero",fixed historical cutoff and observed prefix,False,capacity,0.0015445778431109048,-0.0008106740381269685,0.005894718195892302,,,
float32,graph,193.06201171875,0.0,0,0.9981206700997834,4.265041241217179e-06,graph_order_orders_n3_position_std,0.3333333333333333,capacity,858,0.013869847365407272,"std of order graph affinity from last 3 observed events restricted to orders, with position weights; missing edges zero",fixed historical cutoff and observed prefix,False,capacity,0.000657262448928928,-0.0009372562271338904,0.022538240420623686,,,
float32,graph,1017.4161376953125,0.0,0,0.9945312667189351,0.0,graph_order_orders_n3_hour_sum,0.0,capacity,2603,0.010337832416213867,"sum of order graph affinity from last 3 observed events restricted to orders, with hour weights; missing edges zero",fixed historical cutoff and observed prefix,False,capacity,0.0012318743444778221,-0.0010521915438488582,0.016498312531019046,,,
float32,graph,1017.4161376953125,0.0,0,0.9945312667189351,0.0,graph_order_orders_n3_hour_max,0.0,capacity,2601,0.008336168659057206,"max of order graph affinity from last 3 observed events restricted to orders, with hour weights; missing edges zero",fixed historical cutoff and observed prefix,False,capacity,0.0016227997292847089,-0.0010639878019605203,0.0130911539092343,,,
float32,graph,1017.4161376953125,0.0,0,0.9945312667189351,0.0,graph_order_orders_n3_hour_mean,0.0,capacity,2597,0.004448112692668747,"mean of order graph affinity from last 3 observed events restricted to orders, with hour weights; missing edges zero",fixed historical cutoff and observed prefix,False,capacity,0.0015303786596248207,-0.0007950482418673973,0.006760933923576742,,,
float32,graph,206.6394500732422,0.0,0,0.9981790343823989,0.0,graph_order_orders_n3_hour_std,0.0,capacity,847,0.015355939819961726,"std of order graph affinity from last 3 observed events restricted to orders, with hour weights; missing edges zero",fixed historical cutoff and observed prefix,False,capacity,0.0007822273396642388,-0.0009049551542971307,0.025010384232843606,,,
float32,graph,1017.4161376953125,0.0,0,0.9945312667189351,0.0,graph_order_orders_n3_six_hours_sum,0.0,capacity,2603,0.010131631526231744,"sum of order graph affinity from last 3 observed events restricted to orders, with six_hours weights; missing edges zero",fixed historical cutoff and observed prefix,False,capacity,0.0012071752217330787,-0.0009624226744547212,0.016203645336203366,,,
float32,graph,1017.4161376953125,0.0,0,0.9945312667189351,0.0,graph_order_orders_n3_six_hours_max,0.0,capacity,2601,0.008120866002773609,"max of order graph affinity from last 3 observed events restricted to orders, with six_hours weights; missing edges zero",fixed historical cutoff and observed prefix,False,capacity,0.0015847353279468594,-0.0009605392594182558,0.01279038448692241,,,
float32,graph,1017.4161376953125,0.0,0,0.9945312667189351,0.0,graph_order_orders_n3_six_hours_mean,0.0,capacity,2598,0.004414029773298586,"mean of order graph affinity from last 3 observed events restricted to orders, with six_hours weights; missing edges zero",fixed historical cutoff and observed prefix,False,capacity,0.001493337952624992,-0.0008192573193430848,0.006698197970388602,,,
float32,graph,206.6394500732422,0.0,0,0.9982179439041425,0.0,graph_order_orders_n3_six_hours_std,0.0,capacity,834,0.013981099970012255,"std of order graph affinity from last 3 observed events restricted to orders, with six_hours weights; missing edges zero",fixed historical cutoff and observed prefix,False,capacity,0.0006169262808972077,-0.000934545019300994,0.022731739726887062,,,
float32,graph,1017.4161376953125,0.0,0,0.9936032746253499,0.0,graph_order_orders_n5_uniform_sum,0.0,capacity,3032,0.00978297604644515,"sum of order graph affinity from last 5 observed events restricted to orders, with uniform weights; missing edges zero",fixed historical cutoff and observed prefix,False,capacity,0.0007136261821761246,0.00033461465568688413,0.016018715052535788,,,
float32,graph,1017.4161376953125,0.0,0,0.9936032746253499,0.0,graph_order_orders_n5_uniform_max,0.0,capacity,3030,0.007897407583354029,"max of order graph affinity from last 5 observed events restricted to orders, with uniform weights; missing edges zero",fixed historical cutoff and observed prefix,False,capacity,0.0010104155770788285,0.0004691491801496668,0.012759368786002078,,,
float32,graph,1017.4161376953125,0.0,0,0.9936032746253499,0.0,graph_order_orders_n5_uniform_mean,0.0,capacity,3051,0.004748102895641197,"mean of order graph affinity from last 5 observed events restricted to orders, with uniform weights; missing edges zero",fixed historical cutoff and observed prefix,False,capacity,0.001015199080867293,0.0003848011524488178,0.007551904403033037,,,
float32,graph,206.6394500732422,0.0,0,0.9977646479758294,0.0,graph_order_orders_n5_uniform_std,0.0,capacity,1063,0.013101118996344571,"std of order graph affinity from last 5 observed events restricted to orders, with uniform weights; missing edges zero",fixed historical cutoff and observed prefix,False,capacity,0.000645271918291797,0.0007663979169117008,0.021344454049069803,,,
float32,graph,1017.4161376953125,0.0,0,0.9936032746253499,0.0,graph_order_orders_n5_position_sum,0.0,capacity,3044,0.008269659077356887,"sum of order graph affinity from last 5 observed events restricted to orders, with position weights; missing edges zero",fixed historical cutoff and observed prefix,False,capacity,0.0004502135143011614,-0.00028493952844240144,0.013565259778990084,,,
float32,graph,1017.4161376953125,0.0,0,0.9936032746253499,0.0,graph_order_orders_n5_position_max,0.0,capacity,3036,0.006253650332017445,"max of order graph affinity from last 5 observed events restricted to orders, with position weights; missing edges zero",fixed historical cutoff and observed prefix,False,capacity,0.0006979768390276538,-0.0002126406649535549,0.010200100747714356,,,
float32,graph,1017.4161376953125,0.0,0,0.9936032746253499,0.0,graph_order_orders_n5_position_mean,0.0,capacity,3074,0.00430616012985602,"mean of order graph affinity from last 5 observed events restricted to orders, with position weights; missing edges zero",fixed historical cutoff and observed prefix,False,capacity,0.001062581600642403,0.000390304589269392,0.006804684321684937,,,
float32,graph,193.06201171875,0.0,0,0.9976031734605935,4.499138375982215e-07,graph_order_orders_n5_position_std,0.3333333333333333,capacity,1115,0.013071248635956781,"std of order graph affinity from last 5 observed events restricted to orders, with position weights; missing edges zero",fixed historical cutoff and observed prefix,False,capacity,0.00069805727444051,0.0008145121899635492,0.02126181541920611,,,
float32,graph,1017.4161376953125,0.0,0,0.9936032746253499,0.0,graph_order_orders_n5_hour_sum,0.0,capacity,3064,0.010392584581084103,"sum of order graph affinity from last 5 observed events restricted to orders, with hour weights; missing edges zero",fixed historical cutoff and observed prefix,False,capacity,0.0011204948312802693,-0.00044399919004489604,0.01691222556823768,,,
float32,graph,1017.4161376953125,0.0,0,0.9936032746253499,0.0,graph_order_orders_n5_hour_max,0.0,capacity,3061,0.00839808289442745,"max of order graph affinity from last 5 observed events restricted to orders, with hour weights; missing edges zero",fixed historical cutoff and observed prefix,False,capacity,0.0015015813803690757,-0.0003839533724955038,0.013554564574403153,,,
float32,graph,1017.4161376953125,0.0,0,0.9936032746253499,9.864882952073962e-07,graph_order_orders_n5_hour_mean,0.3333333333333333,capacity,3053,0.005041775683130185,"mean of order graph affinity from last 5 observed events restricted to orders, with hour weights; missing edges zero",fixed historical cutoff and observed prefix,False,capacity,0.001206541466943085,0.0004932279911185317,0.007955255231833862,,,
float32,graph,206.6394500732422,0.0,0,0.9975331363214549,0.0,graph_order_orders_n5_hour_std,0.0,capacity,1140,0.01372213069356697,"std of order graph affinity from last 5 observed events restricted to orders, with hour weights; missing edges zero",fixed historical cutoff and observed prefix,False,capacity,0.0006944162025026901,0.0008669497903972085,0.022321006893662565,,,
float32,graph,1017.4161376953125,0.0,0,0.9936032746253499,0.0,graph_order_orders_n5_six_hours_sum,0.0,capacity,3064,0.010430211763732012,"sum of order graph affinity from last 5 observed events restricted to orders, with six_hours weights; missing edges zero",fixed historical cutoff and observed prefix,False,capacity,0.0010260993385016453,0.00030280886924096843,0.017061265281849262,,,
float32,graph,1017.4161376953125,0.0,0,0.9936032746253499,0.0,graph_order_orders_n5_six_hours_max,0.0,capacity,3061,0.008532476947031853,"max of order graph affinity from last 5 observed events restricted to orders, with six_hours weights; missing edges zero",fixed historical cutoff and observed prefix,False,capacity,0.0013839165636373473,0.00044588752595694944,0.013767198388135057,,,
float32,graph,1017.4161376953125,0.0,0,0.9936032746253499,0.0,graph_order_orders_n5_six_hours_mean,0.0,capacity,3055,0.004742220199668441,"mean of order graph affinity from last 5 observed events restricted to orders, with six_hours weights; missing edges zero",fixed historical cutoff and observed prefix,False,capacity,0.0010109769237782121,0.00038268950948516507,0.007543859424075117,,,
float32,graph,206.6394500732422,0.0,0,0.9976712651236447,1.706964548565268e-06,graph_order_orders_n5_six_hours_std,0.6666666666666666,capacity,1086,0.013146200963177023,"std of order graph affinity from last 5 observed events restricted to orders, with six_hours weights; missing edges zero",fixed historical cutoff and observed prefix,False,capacity,0.0006519153467853988,0.0007713078926357403,0.021416028434512936,,,
float32,graph,1017.4161376953125,0.0,0,0.993249197977483,0.0,graph_order_orders_n10_uniform_sum,0.0,capacity,3206,0.012087502376542516,"sum of order graph affinity from last 10 observed events restricted to orders, with uniform weights; missing edges zero",fixed historical cutoff and observed prefix,False,capacity,0.0004830224479276528,0.0008510786267768089,0.019639794239527848,,,
float32,graph,1017.4161376953125,0.0,0,0.993249197977483,0.0,graph_order_orders_n10_uniform_max,0.0,capacity,3202,0.009640298862886476,"max of order graph affinity from last 10 observed events restricted to orders, with uniform weights; missing edges zero",fixed historical cutoff and observed prefix,False,capacity,0.0008537071732821873,0.0007453906241611357,0.015552184930516529,,,
float32,graph,1017.4161376953125,0.0,0,0.993249197977483,0.0,graph_order_orders_n10_uniform_mean,0.0,capacity,3226,0.005366836252379504,"mean of order graph affinity from last 10 observed events restricted to orders, with uniform weights; missing edges zero",fixed historical cutoff and observed prefix,False,capacity,0.0009502124790520554,-6.341377645228883e-05,0.008754651452564354,,,
float32,graph,206.6394500732422,0.0,0,0.9974358625170958,0.0,graph_order_orders_n10_uniform_std,0.0,capacity,1219,0.01550733650890174,"std of order graph affinity from last 10 observed events restricted to orders, with uniform weights; missing edges zero",fixed historical cutoff and observed prefix,False,capacity,0.00037447840055382,0.002927217697518461,0.024319538932651368,,,
float32,graph,1017.4161376953125,0.0,0,0.993249197977483,0.0,graph_order_orders_n10_position_sum,0.0,capacity,3219,0.009240991348781423,"sum of order graph affinity from last 10 observed events restricted to orders, with position weights; missing edges zero",fixed historical cutoff and observed prefix,False,capacity,0.00035470811594641265,-5.633947938744213e-05,0.015314364488950915,,,
float32,graph,1017.4161376953125,0.0,0,0.993249197977483,0.0,graph_order_orders_n10_position_max,0.0,capacity,3209,0.006960932586890786,"max of order graph affinity from last 10 observed events restricted to orders, with position weights; missing edges zero",fixed historical cutoff and observed prefix,False,capacity,0.0006324946459064367,-9.208552311147033e-05,0.01145009577561117,,,
float32,graph,1017.4161376953125,0.0,0,0.993249197977483,0.0,graph_order_orders_n10_position_mean,0.0,capacity,3253,0.004913378407080495,"mean of order graph affinity from last 10 observed events restricted to orders, with position weights; missing edges zero",fixed historical cutoff and observed prefix,False,capacity,0.0009941133127885137,-2.3269778801530844e-05,0.00801164357026864,,,
float32,graph,193.06201171875,0.0,0,0.997254933240988,1.3876977162335932e-07,graph_order_orders_n10_position_std,0.3333333333333333,capacity,1279,0.015408146372670925,"std of order graph affinity from last 10 observed events restricted to orders, with position weights; missing edges zero",fixed historical cutoff and observed prefix,False,capacity,0.00041529044365767604,0.003083807952174171,0.02406912490442151,,,
float32,graph,1017.4161376953125,0.0,0,0.993249197977483,0.0,graph_order_orders_n10_hour_sum,0.0,capacity,3241,0.012345622628895499,"sum of order graph affinity from last 10 observed events restricted to orders, with hour weights; missing edges zero",fixed historical cutoff and observed prefix,False,capacity,0.0009265119010852944,3.6301149340198536e-05,0.02040346848997485,,,
float32,graph,1017.4161376953125,0.0,0,0.993249197977483,0.0,graph_order_orders_n10_hour_max,0.0,capacity,3236,0.009987075717319046,"max of order graph affinity from last 10 observed events restricted to orders, with hour weights; missing edges zero",fixed historical cutoff and observed prefix,False,capacity,0.0013755027044203354,-0.0001252832524664704,0.016353234118561787,,,
float32,graph,1017.4161376953125,0.0,0,0.993249197977483,0.0,graph_order_orders_n10_hour_mean,0.0,capacity,3230,0.005644046806781277,"mean of order graph affinity from last 10 observed events restricted to orders, with hour weights; missing edges zero",fixed historical cutoff and observed prefix,False,capacity,0.0011363687822417965,2.5372798680926256e-05,0.009204663481588033,,,
float32,graph,206.6394500732422,0.0,0,0.9972062963388085,2.210411696286289e-06,graph_order_orders_n10_hour_std,0.3333333333333333,capacity,1297,0.016149986984276977,"std of order graph affinity from last 10 observed events restricted to orders, with hour weights; missing edges zero",fixed historical cutoff and observed prefix,False,capacity,0.00040759444419636144,0.003102101213893528,0.02529766195948214,,,
float32,graph,1017.4161376953125,0.0,0,0.993249197977483,0.0,graph_order_orders_n10_six_hours_sum,0.0,capacity,3241,0.012788768544299032,"sum of order graph affinity from last 10 observed events restricted to orders, with six_hours weights; missing edges zero",fixed historical cutoff and observed prefix,False,capacity,0.0007829881263876033,0.0008305710105005812,0.020768830714183496,,,
float32,graph,1017.4161376953125,0.0,0,0.993249197977483,0.0,graph_order_orders_n10_six_hours_max,0.0,capacity,3236,0.010366606355959433,"max of order graph affinity from last 10 observed events restricted to orders, with six_hours weights; missing edges zero",fixed historical cutoff and observed prefix,False,capacity,0.0012215445420296067,0.0007301760730744079,0.01670899846639025,,,
float32,graph,1017.4161376953125,0.0,0,0.993249197977483,0.0,graph_order_orders_n10_six_hours_mean,0.0,capacity,3232,0.00536154760738812,"mean of order graph affinity from last 10 observed events restricted to orders, with six_hours weights; missing edges zero",fixed historical cutoff and observed prefix,False,capacity,0.0009459234438397411,-6.510349301192705e-05,0.008745707025167613,,,
float32,graph,206.6394500732422,0.0,0,0.9973308068083881,0.0,graph_order_orders_n10_six_hours_std,0.0,capacity,1247,0.015554639894920709,"std of order graph affinity from last 10 observed events restricted to orders, with six_hours weights; missing edges zero",fixed historical cutoff and observed prefix,False,capacity,0.0003796608758193994,0.0029380447319352536,0.024392100646263657,,,
float32,graph,1017.4161376953125,0.0,0,0.9926850099122007,0.0,graph_order_orders_n20_uniform_sum,0.0,capacity,3464,0.012856098986224675,"sum of order graph affinity from last 20 observed events restricted to orders, with uniform weights; missing edges zero",fixed historical cutoff and observed prefix,False,capacity,0.0012915733600484228,0.0025294769252024764,0.019946830954431817,,,
float32,graph,1017.4161376953125,0.0,0,0.9926850099122007,0.0,graph_order_orders_n20_uniform_max,0.0,capacity,3459,0.010658441869512758,"max of order graph affinity from last 20 observed events restricted to orders, with uniform weights; missing edges zero",fixed historical cutoff and observed prefix,False,capacity,0.0018059854282872277,0.0023814321488614997,0.01627235613670931,,,
float32,graph,1017.4161376953125,0.0,0,0.9926850099122007,1.1412581222262278e-06,graph_order_orders_n20_uniform_mean,0.3333333333333333,capacity,3488,0.004821639582984272,"mean of order graph affinity from last 20 observed events restricted to orders, with uniform weights; missing edges zero",fixed historical cutoff and observed prefix,False,capacity,0.0009298410569096278,0.00023010334459225613,0.007766040789859387,,,
float32,graph,206.6394500732422,0.0,0,0.9970856768214034,0.0,graph_order_orders_n20_uniform_std,0.0,capacity,1388,0.019553932623846408,"std of order graph affinity from last 20 observed events restricted to orders, with uniform weights; missing edges zero",fixed historical cutoff and observed prefix,False,capacity,0.002471536021267167,0.006402610198626206,0.028976659936886386,,,
float32,graph,1017.4161376953125,0.0,0,0.9926850099122007,0.0,graph_order_orders_n20_position_sum,0.0,capacity,3504,0.009872101229337321,"sum of order graph affinity from last 20 observed events restricted to orders, with position weights; missing edges zero",fixed historical cutoff and observed prefix,False,capacity,0.0006762900715668849,0.0006848305270567182,0.015998371773439362,,,
float32,graph,1017.4161376953125,0.0,0,0.9926850099122007,1.204333110180069e-06,graph_order_orders_n20_position_max,0.3333333333333333,capacity,3493,0.007553862786074269,"max of order graph affinity from last 20 observed events restricted to orders, with position weights; missing edges zero",fixed historical cutoff and observed prefix,False,capacity,0.001004442981323665,0.0005775621136483185,0.012133583089745678,,,
float32,graph,1017.4161376953125,0.0,0,0.9926850099122007,0.0,graph_order_orders_n20_position_mean,0.0,capacity,3524,0.004408703453033214,"mean of order graph affinity from last 20 observed events restricted to orders, with position weights; missing edges zero",fixed historical cutoff and observed prefix,False,capacity,0.0009479649571819039,0.0002354524095580106,0.007072118724079367,,,
float32,graph,193.06201171875,0.0,0,0.9968852927844237,3.4727237983357875e-06,graph_order_orders_n20_position_std,0.6666666666666666,capacity,1454,0.019506267343818964,"std of order graph affinity from last 20 observed events restricted to orders, with position weights; missing edges zero",fixed historical cutoff and observed prefix,False,capacity,0.0025014072481864295,0.006540941136951206,0.02882307379652493,,,
float32,graph,1017.4161376953125,0.0,0,0.9926850099122007,0.0,graph_order_orders_n20_hour_sum,0.0,capacity,3528,0.013792958084592286,"sum of order graph affinity from last 20 observed events restricted to orders, with hour weights; missing edges zero",fixed historical cutoff and observed prefix,False,capacity,0.001383868535251101,0.0018087719355549222,0.021853232750667834,,,
float32,graph,1017.4161376953125,0.0,0,0.9926850099122007,0.0,graph_order_orders_n20_hour_max,0.0,capacity,3523,0.011569104156665047,"max of order graph affinity from last 20 observed events restricted to orders, with hour weights; missing edges zero",fixed historical cutoff and observed prefix,False,capacity,0.001949586407200282,0.0016417844536756494,0.018136016966403875,,,
float32,graph,1017.4161376953125,0.0,0,0.9926850099122007,0.0,graph_order_orders_n20_hour_mean,0.0,capacity,3515,0.005352162442828046,"mean of order graph affinity from last 20 observed events restricted to orders, with hour weights; missing edges zero",fixed historical cutoff and observed prefix,False,capacity,0.0011471394957705077,0.0004174734402547464,0.008520344101957619,,,
float32,graph,206.6394500732422,0.0,0,0.9967880189800647,0.0,graph_order_orders_n20_hour_std,0.0,capacity,1493,0.020303345640361896,"std of order graph affinity from last 20 observed events restricted to orders, with hour weights; missing edges zero",fixed historical cutoff and observed prefix,False,capacity,0.001453892211389235,0.006720180258666227,0.030236503902705172,,,
float32,graph,1017.4161376953125,0.0,0,0.9926850099122007,0.0,graph_order_orders_n20_six_hours_sum,0.0,capacity,3528,0.014328446890114858,"sum of order graph affinity from last 20 observed events restricted to orders, with six_hours weights; missing edges zero",fixed historical cutoff and observed prefix,False,capacity,0.0012667593488134101,0.0028214077558394303,0.022258914380802814,,,
float32,graph,1017.4161376953125,0.0,0,0.9926850099122007,1.2411826352618256e-06,graph_order_orders_n20_six_hours_max,0.6666666666666666,capacity,3523,0.012191823910677219,"max of order graph affinity from last 20 observed events restricted to orders, with six_hours weights; missing edges zero",fixed historical cutoff and observed prefix,False,capacity,0.0018321817308993651,0.0027335526398829966,0.018647566576037305,,,
float32,graph,1017.4161376953125,0.0,0,0.9926850099122007,0.0,graph_order_orders_n20_six_hours_mean,0.0,capacity,3501,0.004818149563854362,"mean of order graph affinity from last 20 observed events restricted to orders, with six_hours weights; missing edges zero",fixed historical cutoff and observed prefix,False,capacity,0.0009287304798649582,0.0002315003925795877,0.007759710663489985,,,
float32,graph,206.6394500732422,0.0,0,0.9969514389713879,0.0,graph_order_orders_n20_six_hours_std,0.0,capacity,1424,0.019601962167571173,"std of order graph affinity from last 20 observed events restricted to orders, with six_hours weights; missing edges zero",fixed historical cutoff and observed prefix,False,capacity,0.002481272370056717,0.00641838476740027,0.02904719916724237,,,
float32,graph,1017.4161376953125,0.0,0,0.9926324820578468,0.0,graph_order_orders_n50_uniform_sum,0.0,capacity,3491,0.012638334275082973,"sum of order graph affinity from last 50 observed events restricted to orders, with uniform weights; missing edges zero",fixed historical cutoff and observed prefix,False,capacity,0.0011818635585302193,0.002447035429279059,0.019643395484077057,,,
float32,graph,1017.4161376953125,0.0,0,0.9926324820578468,2.7920811959560533e-06,graph_order_orders_n50_uniform_max,0.3333333333333333,capacity,3486,0.010584289747275157,"max of order graph affinity from last 50 observed events restricted to orders, with uniform weights; missing edges zero",fixed historical cutoff and observed prefix,False,capacity,0.0017454068303596948,0.002343094305518451,0.016178034620972753,,,
float32,graph,1017.4161376953125,0.0,0,0.9926324820578468,0.0,graph_order_orders_n50_uniform_mean,0.0,capacity,3517,0.004788653208135884,"mean of order graph affinity from last 50 observed events restricted to orders, with uniform weights; missing edges zero",fixed historical cutoff and observed prefix,False,capacity,0.0008882581483000606,0.0002086470723468837,0.007728722119336355,,,
float32,graph,206.6394500732422,0.0,0,0.9970370399192239,0.0,graph_order_orders_n50_uniform_std,0.0,capacity,1415,0.019143346908873912,"std of order graph affinity from last 50 observed events restricted to orders, with uniform weights; missing edges zero",fixed historical cutoff and observed prefix,False,capacity,0.0023207775522789092,0.006230348624075507,0.02840360761070562,,,
float32,graph,1017.4161376953125,0.0,0,0.9926324820578468,0.0,graph_order_orders_n50_position_sum,0.0,capacity,3531,0.00984666298894054,"sum of order graph affinity from last 50 observed events restricted to orders, with position weights; missing edges zero",fixed historical cutoff and observed prefix,False,capacity,0.0006484352180731972,0.0006696568969878899,0.01596820399672809,,,
float32,graph,1017.4161376953125,0.0,0,0.9926324820578468,0.0,graph_order_orders_n50_position_max,0.0,capacity,3520,0.007542340266210982,"max of order graph affinity from last 50 observed events restricted to orders, with position weights; missing edges zero",fixed historical cutoff and observed prefix,False,capacity,0.0009880491327993025,0.0005688268790506616,0.012121478815359755,,,
float32,graph,1017.4161376953125,0.0,0,0.9926324820578468,0.0,graph_order_orders_n50_position_mean,0.0,capacity,3550,0.004375403871437029,"mean of order graph affinity from last 50 observed events restricted to orders, with position weights; missing edges zero",fixed historical cutoff and observed prefix,False,capacity,0.0009048877574800622,0.00021325104963216456,0.007034899634665623,,,
float32,graph,193.06201171875,0.0,0,0.9968308194539827,0.0,graph_order_orders_n50_position_std,0.0,capacity,1479,0.01908508811143624,"std of order graph affinity from last 50 observed events restricted to orders, with position weights; missing edges zero",fixed historical cutoff and observed prefix,False,capacity,0.0023466512736367226,0.006361582186827925,0.028236580546706982,,,
float32,graph,1017.4161376953125,0.0,0,0.9926324820578468,0.0,graph_order_orders_n50_hour_sum,0.0,capacity,3555,0.01376264068313663,"sum of order graph affinity from last 50 observed events restricted to orders, with hour weights; missing edges zero",fixed historical cutoff and observed prefix,False,capacity,0.0013544596861856247,0.0017919330523522917,0.0218160246646873,,,
float32,graph,1017.4161376953125,0.0,0,0.9926324820578468,0.0,graph_order_orders_n50_hour_max,0.0,capacity,3550,0.011534900342934095,"max of order graph affinity from last 50 observed events restricted to orders, with hour weights; missing edges zero",fixed historical cutoff and observed prefix,False,capacity,0.0019152242008185691,0.0016226009422588483,0.018094329400290973,,,
float32,graph,1017.4161376953125,0.0,0,0.9926324820578468,0.0,graph_order_orders_n50_hour_mean,0.0,capacity,3542,0.005283526643557737,"mean of order graph affinity from last 50 observed events restricted to orders, with hour weights; missing edges zero",fixed historical cutoff and observed prefix,False,capacity,0.0010762942655417303,0.0003810480336074014,0.008435971344868906,,,
float32,graph,206.6394500732422,0.0,0,0.9967782915996288,0.0,graph_order_orders_n50_hour_std,0.0,capacity,1498,0.020304087981079137,"std of order graph affinity from last 50 observed events restricted to orders, with hour weights; missing edges zero",fixed historical cutoff and observed prefix,False,capacity,0.0014533645013118444,0.006720211657413258,0.030237813389539958,,,
float32,graph,1017.4161376953125,0.0,0,0.9926324820578468,0.0,graph_order_orders_n50_six_hours_sum,0.0,capacity,3555,0.014254556373634457,"sum of order graph affinity from last 50 observed events restricted to orders, with six_hours weights; missing edges zero",fixed historical cutoff and observed prefix,False,capacity,0.001214313991910176,0.0027863041645453555,0.02216205620846639,,,
float32,graph,1017.4161376953125,0.0,0,0.9926324820578468,0.0,graph_order_orders_n50_six_hours_max,0.0,capacity,3550,0.01210824867930576,"max of order graph affinity from last 50 observed events restricted to orders, with six_hours weights; missing edges zero",fixed historical cutoff and observed prefix,False,capacity,0.001770088318118691,0.0026926278367977183,0.018539085827424293,,,
float32,graph,1017.4161376953125,0.0,0,0.9926324820578468,0.0,graph_order_orders_n50_six_hours_mean,0.0,capacity,3528,0.004760551859322349,"mean of order graph affinity from last 50 observed events restricted to orders, with six_hours weights; missing edges zero",fixed historical cutoff and observed prefix,False,capacity,0.0008653702667327938,0.00019924586372845385,0.007690401789217556,,,
float32,graph,206.6394500732422,0.0,0,0.9968969656409469,0.0,graph_order_orders_n50_six_hours_std,0.0,capacity,1449,0.01958065128473155,"std of order graph affinity from last 50 observed events restricted to orders, with six_hours weights; missing edges zero",fixed historical cutoff and observed prefix,False,capacity,0.00245994284855617,0.006404277986331148,0.02902228933996098,,,
float32,interaction,1.0,0.0,0,0.42117417263765705,0.0011305577686972145,intent_time_clicks,1.0,retained,268559,0.00928792984683591,Normalized time evidence multiplied by observed clicks share,fixed historical cutoff and observed prefix,True,selected,0.05676482774417316,0.00910817954961594,-0.0014649886792230218,,,
float32,interaction,1.0,0.0,0,0.8972438440272912,0.0015225506585666141,intent_time_carts,1.0,retained,50365,0.031026404220707,Normalized time evidence multiplied by observed carts share,fixed historical cutoff and observed prefix,True,selected,0.0012962252999647109,0.03204205260227868,0.03547360985004488,,,
float32,interaction,1.0,0.0,0,0.9865120142875764,6.956533884844047e-05,intent_time_orders,1.0,capacity,6649,0.004774020458753238,Normalized time evidence multiplied by observed orders share,fixed historical cutoff and observed prefix,False,capacity,-0.0026712922691055426,-0.0008920657981103025,0.007065452487349322,,,
float32,interaction,1.0,0.0,0,0.42117417263765705,0.00037889641757026145,intent_cart_clicks,1.0,capacity,271305,0.009310035188830843,Normalized cart evidence multiplied by observed clicks share,fixed historical cutoff and observed prefix,False,capacity,0.03584903478923863,0.011349238323485009,0.003867267021435795,,,
float32,interaction,1.0,0.0,0,0.8972438440272912,0.00021942317153582965,intent_cart_carts,1.0,capacity,50944,0.03983067393790866,Normalized cart evidence multiplied by observed carts share,fixed historical cutoff and observed prefix,False,capacity,0.0010984812921085605,0.03287915104442567,0.049761800825616834,,,
float32,interaction,1.0,0.0,0,0.9865120142875764,0.00015659292793696893,intent_cart_orders,0.6666666666666666,capacity,6728,0.00679092540796857,Normalized cart evidence multiplied by observed orders share,fixed historical cutoff and observed prefix,False,capacity,-0.002427799441039549,-0.0006287603589105732,0.010599195593652406,,,
float32,interaction,1.0,0.0,0,0.42117417263765705,0.00031782042518358676,intent_order_clicks,1.0,capacity,267809,0.006773427216295171,Normalized order evidence multiplied by observed clicks share,fixed historical cutoff and observed prefix,False,capacity,0.02705983740991267,0.008533258406436315,0.0025124432556216836,,,
float32,interaction,1.0,0.0,0,0.8972438440272912,0.0003088098742832384,intent_order_carts,1.0,capacity,50316,0.037957318746324534,Normalized order evidence multiplied by observed carts share,fixed historical cutoff and observed prefix,False,capacity,-0.0002399499866415521,0.030568535859220654,0.04793793831649031,,,
float32,interaction,1.0,0.0,0,0.9865120142875764,1.576083844419255e-05,intent_order_orders,1.0,capacity,6637,0.0063501660060864065,Normalized order evidence multiplied by observed orders share,fixed historical cutoff and observed prefix,False,capacity,-0.0026684306110550705,-0.0007422968800921518,0.00976772313492209,,,
float32,interaction,18.0,0.0,0,0.9567948670558916,0.007835552636191827,intent_repeat_carts,1.0,retained,13154,0.16943948475986184,Candidate repeat count multiplied by historical carts/click ratio,fixed historical cutoff and observed prefix,True,selected,0.09220935219189062,0.10331223446791579,0.21537479866716341,,,
float32,interaction,6.481481552124023,0.0,0,0.9647538097285477,0.0028565934263814134,intent_repeat_orders,1.0,retained,10469,0.1862202499218022,Candidate repeat count multiplied by historical orders/click ratio,fixed historical cutoff and observed prefix,True,selected,0.07213459243221305,0.08277128118384196,0.2569590105390472,,,
