tree
version=v4
num_class=1
num_tree_per_iteration=1
label_index=0
max_feature_idx=101
objective=lambdarank
feature_names=query_duration_hours query_repeat_share query_events query_carts_share query_unique repeat_orders_n50_count repeat_all_n50_age_hours query_orders_share repeat_all_n50_last_position repeat_all_n50_count repeat_carts_n50_count repeat_clicks_n50_count query_hour_sin query_weekday_cos query_hour_cos repeat_all_n5_share hist_clicks_h72_share hist_carts_h72 query_clicks_last_age_hours query_weekday_sin query_gap_max query_gap_median hist_all_h336 history_last_age_hours intent_repeat_carts hist_carts_h12_share hist_all_h336_share hist_orders_h6_share repeat_carts_h24_decay hist_clicks_h168_share query_clicks_count hist_carts_h6_share query_carts_last_age_hours query_gap_mean hist_orders_h24_share history_lifetime_hours hist_orders_trend_h72_h168 intent_repeat_orders graph_time_clicks_n1_uniform_sum hist_carts_h1_share hist_orders_per_click_h72 query_clicks_share query_carts_count hist_clicks_h6 hist_orders_per_click_h336 hist_clicks_trend_h72_h168 hist_all_trend_h168_h336 query_gap_std hist_orders_h336_share hist_all_trend_h24_h72 hist_orders_h72 hist_carts_h72_share hist_carts_per_click_h336 hist_carts_trend_h24_h72 hist_all_h168_share hist_carts_per_click_all hist_orders_per_click_h24 hist_carts_h168 intent_time_carts hist_clicks_trend_h24_h72 repeat_all_n20_age_hours hist_clicks_h336_share hist_carts_per_click_h72 hist_all_h1 hist_all_trend_h6_h24 hist_all_h12_share hist_clicks_trend_h6_h24 repeat_all_n1_count hist_all_h72_share hist_orders_per_click_all hist_orders_h168_share hist_clicks_trend_h168_h336 hist_all_trend_h1_h6 hist_clicks_h168 hist_orders_per_click_h12 repeat_all_h72_decay intent_time_clicks repeat_clicks_n1_count hist_carts_h336_share graph_cart_all_n5_uniform_max repeat_all_h1_decay repeat_all_n20_share repeat_all_n5_count hist_all_h1_share hist_all_all repeat_clicks_h24_decay hist_carts_trend_h72_h168 hist_all_trend_h72_h168 hist_all_h24_share hist_carts_all hist_orders_trend_h168_h336 hist_orders_trend_h24_h72 hist_carts_trend_h6_h24 hist_carts_trend_h168_h336 graph_time_all_n1_uniform_sum hist_orders_h12_share graph_cart_all_n50_six_hours_mean hist_carts_per_click_h168 graph_cart_all_n20_six_hours_mean hist_clicks_h6_share repeat_carts_n5_first_position hist_orders_h24
feature_infos=[0:71.031211853027344] [0:0.98863637447357178] [1:324] [0:1] [1:172] [0:2] [-1:69.667274475097656] [0:1] [-1:50] [0:26] [0:6] [0:20] [-1:1] [-0.1486658900976181:1] [-1:1] [0:1] [0:0.99789029359817505] [0:3103] [-1:53.02947998046875] [-0.82623690366744995:1] [0:71.029296875] [0:66.683616638183594] [0:62958] [0.0047272220253944397:521.9346923828125] [0:21] [0:0.91666668653488159] [0:0.99996048212051392] [0:0.69999998807907104] [0:5.8793725967407227] [0:0.99914604425430298] [0:295] [0:0.8571428656578064] [-1:68.768730163574219] [0:66.683616638183594] [0:0.92857140302658081] [0:479.99966430664062] [0:2.3153843879699707] [0:9] [0:6504.916015625] [0:0.66666668653488159] [0:5] [0:1] [0:97] [0:1975] [0:36] [0:2.3308641910552979] [0:1.9986640214920044] [0:35.513690948486328] [0:0.99676376581192017] [0:2.993288516998291] [0:377] [0:0.99230766296386719] [0:4] [0:2.9681057929992676] [0:0.9993320107460022] [0:4] [0:3] [0:3356] [0:1] [0:2.9932734966278076] [-1:68.041061401367188] [0:0.99996036291122437] [0:8] [0:275] [0:3.95979905128479] [0:0.95652174949645996] [0:3.9591836929321289] [0:1] [0:0.99831932783126831] [0:49] [0:0.98947370052337646] [0:1.998292088508606] [0:5.4545454978942871] [0:40671] [0:3] [0:22.196693420410156] [0:1] [0:1] [0:0.99898684024810791] [0:4528.05419921875] [0:11.124294281005859] [0:1] [0:5] [0:0.66666668653488159] [0:88912] [0:14.899674415588379] [0:2.3290441036224365] [0:2.3308744430541992] [0:0.99553573131561279] [0:9821] [0:1.9885057210922241] [0:2.9158878326416016] [0:3.9183673858642578] [0:1.9964028596878052] [0:6504.916015625] [0:0.92857140302658081] [0:4528.05419921875] [0:6] [0:4528.05419921875] [0:0.95098036527633667] [-1:5] [0:125]
tree_sizes=3604 3618 3621 3623 3625 3626 3634 3614 3617 3628 3637 3636 3629 3624 3609 3639 3612 3625 3633 3628 3610 3642 3631 3625 3610 3625 3627 3628 3633 3622 3620 3625 3625 3637 3624 3619 3643 3644 3632 3648 3606 3632 3622 3644 3638 3643 3623 3642 3630 3637 3631 3639 3631 3625 3628 3628 3615 3623 3625 3630

Tree=0
num_leaves=31
num_cat=0
split_feature=15 94 76 75 6 76 52 81 4 55 76 4 4 81 4 76 24 84 76 79 22 79 84 76 94 84 38 79 18 62
split_gain=65859.2 4948.45 1714.43 1414.25 991.621 991.545 554.832 301.558 279.938 214.988 211.58 181.401 181.233 169.527 162.288 124.015 122.408 120.459 112.349 75.7665 78.5994 75.7624 70.534 69.2055 68.1018 65.6841 64.2527 62.7584 61.7021 56.5188
threshold=1.0000000180025095e-35 1.0013056993484499 0.45163711905479437 0.68381702899932872 1.0000000180025095e-35 0.001602274540346116 0.14289864897727969 0.17156863212585452 2.5000000000000004 0.11867131665349008 0.17810031771659854 3.5000000000000004 4.5000000000000009 0.080128207802772536 2.5000000000000004 0.98554348945617687 0.10417044535279275 660.50000000000011 0.21648395061492923 7.4445247650146493 774.50000000000011 95.640045166015639 1213.5000000000002 0.12298011407256128 0.56636747717857372 1213.5000000000002 0.39853835105896002 9.413633346557619 0.00084222221630625438 0.099814902991056456
decision_type=2 2 2 2 2 2 2 2 2 2 2 2 2 2 2 2 2 2 2 2 2 2 2 2 2 2 2 2 2 2
left_child=1 3 6 5 12 -1 8 26 18 15 11 21 -2 -5 23 -4 17 -10 -3 -12 -21 22 27 -7 -9 -13 -6 -8 -16 -20
right_child=4 2 9 13 7 14 10 24 16 -11 19 25 -14 -15 28 -17 -18 -19 29 20 -22 -23 -24 -25 -26 -27 -28 -29 -30 -31
leaf_value=-0.096676927212039507 0.09427507190513211 -0.069221501555740333 -0.0047399869049182366 -0.031598228994766581 0.013495264038644797 -0.087903178966916767 -0.049151130243857602 0.053159419110613983 -0.011163926231540585 0.044366459880254061 -0.019939416085558853 0.020254781922534517 0.077701534310179135 0.020277071227479123 -0.062748297559520369 0.035659786531243291 0.045995140075991668 -0.046031401937666153 -0.05338453094118023 0.043725309556005412 -0.0024536235185518493 0.013949609331445595 -0.068177446833243921 -0.067046602576230699 0.076106482732567093 -0.031508417219058664 0.04566026696085617 -0.0087142048463104051 -0.042282524345843099 -0.020907072926724123
leaf_weight=6571.9320656881027 9145.939848696813 1547.0729745209537 729.21299241192173 335.87909050240705 415.72957122186199 970.93765202196664 259.63549708365463 546.58976964233443 361.86543371150037 569.62535480326915 142.83334092446603 204.65900652662094 2012.4279162962921 296.53518249536864 2665.2047931253474 256.87298813904636 48.585548234928865 785.19653966123587 532.59022495453246 204.3136747363169 167.84070849372074 55.66490358649753 242.94624206321896 673.71815829150728 791.57577444845811 87.48226393252844 247.81102279620245 152.20017949605244 427.33504522437579 178.97400989045855
leaf_count=2496883 85302 655203 224113 47243 26585 417583 68621 33130 66750 55325 30671 18092 15316 24262 668816 60947 2211 179243 284263 17894 25361 7855 63098 305319 25949 11111 10409 28752 76847 50428
internal_value=-3.0869e-09 -0.0609032 -0.0258978 -0.0800382 0.0854728 -0.0841072 -0.0402315 0.0530677 -0.0513025 0.019911 -0.0150318 -0.0284122 0.091286 -0.00727422 -0.0666692 0.00578406 -0.0317392 -0.0350317 -0.0616587 0.0110174 0.0228987 -0.0420505 -0.0468112 -0.0793595 0.0667335 0.00475419 0.0255079 -0.034207 -0.0599203 -0.0452157
internal_weight=31629.2 18469.1 6527.57 11941.5 13160.1 11309.1 4971.86 2001.71 3454.28 1555.71 1517.58 1002.59 11158.4 632.414 4737.2 986.086 1195.65 1147.06 2258.64 514.988 372.154 710.447 654.782 1644.66 1338.17 292.141 663.541 411.836 3092.54 711.564
internal_count=6083582 5886891 1849938 4036953 196691 3965448 1509553 96073 1238098 340385 271455 197529 100618 71505 1468565 285060 248204 245993 989894 73926 43255 168326 160471 722902 59079 29203 36994 97373 745663 334691
is_linear=0
shrinkage=0.05


Tree=1
num_leaves=31
num_cat=0
split_feature=15 76 8 94 80 76 84 24 79 79 4 4 81 81 22 58 81 65 76 4 58 71 58 4 55 75 76 81 73 96
split_gain=76040.5 7957.19 3032.84 1764.87 910.323 779.322 809.099 759.322 467.002 463.22 544.558 345.379 295.991 228.169 197.666 196.385 184.041 166.172 158.355 147.67 137.814 134.14 129.051 127.866 123.399 122.2 121.885 115.119 105.232 102.788
threshold=1.0000000180025095e-35 0.001602274540346116 1.5000000000000002 1.0013056993484499 2.0487224858755339e-14 0.57781264185905468 1343.5000000000002 0.072706859558820738 207.01148223876956 14.665071964263918 2.5000000000000004 2.5000000000000004 0.36038962006568914 0.12916667014360431 239.50000000000003 0.084061075001955046 0.32291667163372045 0.014499035198241474 0.070896491408348097 2.5000000000000004 0.26426738500595098 1.1915174722671511 0.108482763171196 8.5000000000000018 0.14818474650382998 0.99964430928230297 0.010936356149613859 0.087121214717626586 161.50000000000003 8.3062405586242694
decision_type=2 2 2 2 2 2 2 2 2 2 2 2 2 2 2 2 2 2 2 2 2 2 2 2 2 2 2 2 2 2
left_child=1 4 16 7 15 6 9 11 13 10 20 18 27 17 26 -1 -2 -8 -3 22 21 24 -19 -12 -5 -6 -13 -4 -20 -7
right_child=2 3 12 5 25 29 8 -9 -10 -11 23 14 -14 -15 -16 -17 -18 19 28 -21 -22 -23 -24 -25 -26 -27 -28 -29 -30 -31
leaf_value=-0.086748423112626094 0.075973183893549734 -0.077418097822839649 -5.8500307902657803e-06 -0.049383216453494687 -0.039288511005752147 -0.0072603652811597825 -0.071804379484982209 0.0015584997025955432 0.016581058753801912 0.012317385216927547 -0.0067903667032459996 -0.051815545368313065 0.0567793837788544 0.046173210213956879 -0.04941320938541284 0.019414733489451629 0.088148420795227611 -0.049992658950713052 -0.044836469882990851 -0.028871242086702921 0.03172640048836909 -0.016617863578916748 -0.013643735120392348 0.021846216475123286 -0.023142443523346955 0.0082935771336164633 -0.025553390877872336 0.030358428850558641 -0.070164890584894529 0.013535177372792785
leaf_weight=9298.5847757188603 4093.3376923529431 1198.4512709643459 362.72798337298445 1462.5674157289322 361.44643116067164 917.05585866770707 443.18801939103287 797.60251657024492 372.80281486967579 1521.0256795990281 1579.3057202507043 576.03617301606573 1129.2795688365586 73.564448530785739 4304.4906864651712 43.766347417375073 12839.92394095799 2724.0289035316091 1143.9575564678526 1886.3087990756612 79.755745394155383 741.30249674594961 268.23000951157883 517.55287031270564 645.86596243246458 215.31590293743648 1895.9364664345048 2238.5879071858944 639.23198380460963 1687.8747067260556
leaf_count=2502071 19899 326126 12402 358884 22786 105132 78561 26154 16990 86441 110340 69843 20610 1201 505513 1416 80101 572543 249189 162742 2557 127584 13364 17079 70221 5508 187456 63679 147589 119601
internal_value=-3.23538e-10 -0.0444941 0.0762143 -0.0297014 -0.0824875 -0.0186323 -0.0238878 -0.0453475 -0.0375418 -0.0118588 -0.0191748 -0.0491815 0.0354039 -0.0412816 -0.0429419 -0.0862511 0.0852053 -0.0424905 -0.0633626 -0.0398275 -0.0330985 -0.0349127 -0.0467343 0.0002778 -0.041345 -0.0215252 -0.0316732 0.0261244 -0.0539161 0.00621419
internal_weight=56059.1 35395.2 20663.9 25476.1 9919.11 14920.4 12315.5 10555.7 5768.12 6547.38 5026.35 9758.1 3730.6 5395.32 6776.46 9342.35 16933.3 5321.76 2981.64 4878.57 2929.49 2849.74 2992.26 2096.86 2108.43 576.762 2471.97 2601.32 1783.19 2604.93
internal_count=6083582 5886891 196691 3355110 2531781 1843240 1618507 1511870 845401 773106 686665 1485716 96691 828411 762812 2503487 100000 827210 722904 748649 559246 556689 585907 127419 429105 28294 257299 76081 396778 224733
is_linear=0
shrinkage=0.05


Tree=2
num_leaves=31
num_cat=0
split_feature=15 76 6 94 76 80 75 84 4 81 79 79 4 4 55 22 58 84 76 79 93 79 4 76 58 79 57 24 81 4
split_gain=63357.5 6134.5 2526.98 1488.8 770.801 710.633 671.294 667.013 375.357 315.436 279.753 271.614 256.455 211.201 195.022 141.301 138.752 130.982 116.283 114.87 110.056 109.722 108.105 107.703 104.063 101.799 110.408 97.2449 96.4333 95.301
threshold=1.0000000180025095e-35 0.001602274540346116 1.0000000180025095e-35 1.5679984688758852 0.45163711905479437 2.0487224858755339e-14 0.9972035586833955 1065.5000000000002 2.5000000000000004 0.21825397014617923 14.311151981353762 95.640045166015639 4.5000000000000009 12.500000000000002 0.08820172026753427 219.50000000000003 0.014552458655089142 4126.5000000000009 0.7261514961719514 1.0000000180025095e-35 1.5535441637039187 0.79532036185264599 2.5000000000000004 0.99999400973320018 0.056414941325783736 8.3106031417846697 37.500000000000007 0.063006855547428145 0.12132352963089944 9.5000000000000018
decision_type=2 2 2 2 2 2 2 2 2 2 2 2 2 2 2 2 2 2 2 2 2 2 2 2 2 2 2 2 2 2
left_child=1 5 -2 6 7 16 12 8 10 27 20 13 15 17 23 18 -1 22 24 -14 -5 -21 -9 -6 -3 26 -16 -4 -8 -10
right_child=2 3 9 4 14 -7 28 11 29 -11 -12 -13 19 -15 25 -17 -18 -19 -20 21 -22 -23 -24 -25 -26 -27 -28 -29 -30 -31
leaf_value=-0.081407310798238403 0.081196025851518319 -0.052337073228065148 -0.0049455525488062216 -0.035666437898684199 -0.017737224030368186 -0.017709516099737095 -0.0088622710208027186 -0.044437949035388814 -0.0025534588314689004 0.047222374503162468 0.0052892070615675668 -0.0076093924633783621 -0.048111574241323889 0.0092953883733936944 0.004078461750542421 -0.062709099564347365 -0.0020481099065958212 -0.053608490859503012 0.0056710201494381543 -0.011255815850841754 0.0084544953811381031 -0.036606153169338546 -0.022746068074535705 0.013217472125488964 -0.021327248431559202 0.01992293615254654 -0.063200065936008784 0.024262205925058039 0.031556629234748279 0.022014936697026616
leaf_weight=8393.0950782599393 15534.691564147593 2077.6479565722984 381.51107801939361 2064.1078290297883 1193.0481235318584 469.86501705122646 387.62102545925882 1530.8063413503114 1788.0021362918196 1980.6715999759035 622.56068212410901 665.30578506004531 1690.0643177372403 193.89212954510003 317.76725238049403 2597.1354256097693 55.442767052911222 1972.9885476930067 104.15644513256848 537.80819633090869 151.72886641905643 2068.6880039516836 919.29962641256861 367.5848199732136 311.04873110807966 1416.4605364580639 75.461090832483023 1126.2586583740776 238.28793966886587 506.53723423858173
leaf_count=2501435 100618 459570 21752 428032 188617 28294 18983 333545 109068 48304 46974 53695 183311 9216 25790 573343 2052 360420 14809 53445 19950 231948 85870 48650 17829 62903 10089 26017 5862 13191
internal_value=-3.10375e-10 -0.0421906 0.0725604 -0.0289365 -0.0182785 -0.077558 -0.0436109 -0.0250041 -0.0121681 0.0341043 -0.0243249 -0.0374772 -0.0469541 -0.0417811 0.00250543 -0.0545473 -0.0808865 -0.0440202 -0.0460441 -0.0379587 -0.0326453 -0.0313755 -0.036299 -0.0104463 -0.0482991 0.0136747 -0.00883239 0.0168718 0.00652549 0.0028702
internal_weight=51739.5 32716.4 19023.1 23798 13785.6 8918.4 10012.5 10415.2 5132.94 3488.44 2838.4 5282.29 9386.55 4616.99 3370.32 5089.99 8448.54 4423.09 2492.85 4296.56 2215.84 2606.5 2450.11 1560.63 2388.7 1809.69 393.228 1507.77 625.909 2294.54
internal_count=6083582 5886891 196691 3355110 1796010 2531781 1559100 1459961 617215 96073 494956 842746 1534255 789051 336049 1065551 2503487 779835 492208 468704 447982 285393 419415 237267 477399 98782 35879 47769 24845 122259
is_linear=0
shrinkage=0.05


Tree=3
num_leaves=31
num_cat=0
split_feature=15 76 8 94 76 55 60 80 96 81 4 84 24 79 55 4 99 22 85 58 30 94 76 65 76 75 96 76 37 75
split_gain=54631.1 5030.47 2223.43 1279.31 708.711 614.693 596.949 590.123 307.405 279.721 224.29 219.789 188.113 179.121 159.441 148.447 136.539 127.541 121.141 119.306 118.872 116.718 112.893 109.543 96.833 88.0726 84.4203 84.2542 77.3338 75.9478
threshold=1.0000000180025095e-35 0.001602274540346116 1.5000000000000002 1.0013056993484499 0.49711674451828008 0.126327820122242 0.021202638745307926 2.0487224858755339e-14 1.3099638223648074 0.12916667014360431 2.5000000000000004 1800.5000000000002 0.068432815372943892 7.6214146614074716 0.1521875858306885 3.5000000000000004 0.025409705005586151 943.50000000000011 1.5272173881530764 0.05936423875391484 9.5000000000000018 1.0000000180025095e-35 0.10482333227992059 0.022954356856644157 0.99999400973320018 0.99895012378692638 76.535903930664077 0.010936356149613859 0.028296085074543956 0.99964430928230297
decision_type=2 2 2 2 2 2 2 2 2 2 2 2 2 2 2 2 2 2 2 2 2 2 2 2 2 2 2 2 2 2
left_child=1 7 -2 6 5 8 10 19 15 -4 22 13 16 20 23 -5 -10 27 21 -1 -7 -11 -3 -6 28 -8 -13 -12 -25 -9
right_child=2 3 9 4 14 11 25 29 12 18 17 26 -14 -15 -16 -17 -18 -19 -20 -21 -22 -23 -24 24 -26 -27 -28 -29 -30 -31
leaf_value=-0.076946229578626402 0.077291780502915519 -0.068215531871703081 0.0049540786492630095 -0.027875410121371381 -0.026078089461525553 -0.022674736785503316 -0.018628147652428897 -0.033031039222080574 -0.045921478063895974 0.017175284661145433 -0.049170583203962129 -0.035583147726673946 0.027012257867135375 0.0085329713929397002 0.023748917832754905 0.0022168466083777902 -0.02500422791330173 -0.050105029484349362 0.054655831291028571 -0.00082766627827052068 0.018394732657255549 0.043509148659107245 -0.047766276601829964 -0.0073786770677547369 0.021463025472532933 0.017726476514888029 -0.0014778086595093034 -0.030778124977893496 0.05994771317213874 0.010101532627710127
leaf_weight=7892.5477186607895 14786.880468417425 1341.0614549833117 736.00587252294645 983.56589628010988 419.00221379171126 1093.4895244020736 286.44236110849306 263.11631964542903 3753.5545682600932 746.11478671932127 796.21604402340017 853.66178695997223 102.12855244847015 1714.7240042955382 741.82767354696989 702.57119501190027 984.86986599257216 2163.97521352896 903.76709194201976 51.81604884180706 210.03123472933657 964.97513397503644 1358.7418052265421 1192.4237786396407 481.30176275316626 398.17066983156838 230.41884264722466 2856.5874089793069 44.234169923700392 166.72757266182452
leaf_count=2501845 100000 390303 24835 230524 60798 125698 20926 22786 748262 34573 111146 101737 2633 94248 26943 46144 180776 304603 12779 1642 5259 24504 332599 154746 49616 12448 15194 339845 662 5508
internal_value=-1.70122e-09 -0.0402387 0.0689582 -0.0280239 -0.0182293 -0.0241896 -0.042403 -0.0733623 -0.0337224 0.0321835 -0.0460138 -0.00902315 -0.0401268 -0.00208712 0.00377737 -0.0153367 -0.0415739 -0.0404858 0.0398477 -0.0764498 -0.0160574 0.0320264 -0.0579239 -0.00315558 0.00243511 0.00251569 -0.0283341 -0.0347872 -0.00497047 -0.0163008
internal_weight=49221 31083.2 18137.7 22709 13507.8 10629 9201.19 8374.21 6526.69 3350.86 8516.58 4102.33 4840.55 3018.24 2878.79 1686.14 4738.42 5816.78 2614.86 7944.36 1303.52 1711.09 2699.8 2136.96 1717.96 684.613 1084.08 3652.8 1236.66 429.844
internal_count=6083582 5886891 196691 3355110 1843240 1550475 1511870 2531781 1208339 96691 1478496 342136 931671 225205 292765 276668 929038 755594 71856 2503487 130957 59077 722902 265822 205024 33374 116931 450991 155408 28294
is_linear=0
shrinkage=0.05


Tree=4
num_leaves=31
num_cat=0
split_feature=15 76 6 94 76 80 60 4 97 81 84 76 4 55 84 22 99 24 58 15 76 76 97 81 55 94 96 79 76 71
split_gain=48015.4 4279.22 1992.1 1110.84 645.673 524.233 506.835 503.986 338.45 258.47 202.915 191.212 186.566 159.681 136.863 117.391 112.257 103.921 103.751 98.4977 95.2035 86.9211 76.5797 75.0517 72.4437 70.7896 63.2578 79.7515 63.2165 62.06
threshold=1.0000000180025095e-35 0.0019172019092366102 1.0000000180025095e-35 1.0013056993484499 0.45163711905479437 2.0487224858755339e-14 0.021202638745307926 3.5000000000000004 0.10678826272487642 0.14642857760190967 981.50000000000011 0.18026914447546008 2.5000000000000004 0.099768295884132399 3966.5000000000005 943.50000000000011 0.021065769717097286 0.12992049753665927 0.0012629255070351066 0.36666667461395269 0.10482333227992059 0.99999400973320018 0.23538899421691897 0.11437908560037614 0.35141825675964361 0.70432153344154369 0.29892905056476599 24.179406166076664 0.010936356149613859 0.98656862974166881
decision_type=2 2 2 2 2 2 2 2 2 2 2 2 2 2 2 2 2 2 2 2 2 2 2 2 2 2 2 2 2 2
left_child=1 5 -2 6 7 18 12 8 16 -4 -9 14 20 21 26 28 24 -12 -1 25 -3 -6 -13 -8 29 -11 -10 -28 -14 -5
right_child=2 3 9 4 13 -7 23 10 11 19 17 22 15 -15 -16 -17 -18 -19 -20 -21 -22 -23 -24 -25 -26 -27 27 -29 -30 -31
leaf_value=-0.073123100990077378 0.073820686994826787 -0.065066276020202138 0.0066585392357585817 -0.05613449754016684 -0.015023313338759586 -0.015772867002649394 -0.011988893055574152 0.005742525933850817 0.016876295157137962 0.014445474928202921 -0.024119123838142888 -0.010683387572664838 -0.046994088583834047 0.014076797116321236 -0.056222483498783095 -0.04867636334231195 -0.028902464639904701 0.034688187105771595 -0.012062700645356609 0.048629507689309966 -0.045919478675667813 0.011812134388818748 0.018197578388652449 0.022629251041964817 0.025559766430920158 0.039491531675066506 -0.031042054699025264 -0.0048811811701080215 -0.030153854846410491 -0.040660050473445758
leaf_weight=7585.4947980490979 14274.8879399742 1260.9367510895245 852.75243965582922 1201.4632118095178 1254.7487215420697 429.14461710909382 405.23956034099683 1566.409367534332 98.808756424114108 513.86094769416377 1278.5880314315436 754.6608582905028 694.10407260106876 1471.8515584655106 353.22157572489232 1985.868191070389 1301.5411723589059 79.814024719875306 70.212247072602622 1222.6147197401151 1338.2969225853449 397.29411846259609 329.84548776270822 255.1362513685599 34.102949433960021 625.56211844040081 1146.7020138256485 390.54082151409239 2827.0983483362943 1406.3101354136597
leaf_count=2512519 100618 388431 29635 303216 206905 28848 26140 75184 8132 25014 117509 88710 104163 80413 57588 302029 304909 1562 3336 24923 332599 53067 18951 6861 1318 16501 158008 29743 339845 336905
internal_value=-1.00951e-09 -0.038474 0.0658127 -0.0269667 -0.0177284 -0.0695487 -0.0407355 -0.0239588 -0.0312267 0.0302541 -0.00652168 -0.0187891 -0.0441668 0.00210038 -0.027997 -0.0389557 -0.0409214 -0.0206639 -0.0725631 0.0387727 -0.0552079 -0.00856975 -0.00189943 0.00138583 -0.0468427 0.0281962 -0.0219032 -0.0243958 -0.0334734 -0.0477895
internal_weight=47407.1 29917.4 17489.7 21832.6 13065.9 8084.85 8766.68 9942.01 7017.2 3214.79 2924.81 3073.78 8106.3 3123.89 1989.27 5507.07 3943.42 1358.4 7655.71 2362.04 2599.23 1652.04 1084.51 660.376 2641.88 1139.42 1636.05 1537.24 3521.2 2607.77
internal_count=6083582 5886891 196691 3342188 1842120 2544703 1500068 1501735 1307480 96073 194255 361132 1467067 340385 253471 746037 946348 119071 2515855 66438 721030 259972 107661 33001 641439 41515 195883 187751 444008 640121
is_linear=0
shrinkage=0.05


Tree=5
num_leaves=31
num_cat=0
split_feature=15 76 6 94 76 80 55 24 4 81 4 4 96 55 76 22 99 89 4 58 79 58 81 85 79 22 79 79 79 94
split_gain=42853.9 3723.15 1794.04 967.11 551.278 462.867 455.485 448.83 284.083 215.103 171.286 163.188 136.137 131.726 115.502 108.498 105.308 102.81 96.9933 95.1102 90.7355 95.6425 87.3921 86.271 75.5908 74.2549 74.021 76.4564 95.9497 71.219
threshold=1.0000000180025095e-35 0.0019172019092366102 1.0000000180025095e-35 1.0013056993484499 0.45163711905479437 2.0487224858755339e-14 0.12858284264802936 0.091034658253192915 2.5000000000000004 0.14642857760190967 3.5000000000000004 9.5000000000000018 0.74308213591575634 0.079837497323751463 0.18026914447546008 3341.5000000000005 0.021884114481508735 150.50000000000003 2.5000000000000004 0.0012629255070351066 0.79532036185264599 0.060409532859921462 0.15587044507265094 0.99995744228363048 8.6605701446533221 943.50000000000011 0.052509827539324767 0.79532036185264599 1.5002085566520693 1.0000000180025095e-35
decision_type=2 2 2 2 2 2 2 2 2 2 2 2 2 2 2 2 2 2 2 2 2 2 2 2 2 2 2 2 2 2
left_child=1 5 -2 7 6 19 8 10 16 -4 20 14 -10 -6 15 18 -5 26 -8 -1 -3 -22 -14 29 -15 -26 -12 -28 -29 -11
right_child=2 3 9 4 13 -7 11 -9 12 23 17 -13 22 24 -16 -17 -18 -19 -20 -21 21 -23 -24 -25 25 -27 27 28 -30 -31
leaf_value=-0.07007890117009645 0.070875275980011643 -0.038348433589674852 0.0068443851825275839 -0.04646728352025821 -0.011527364622681726 -0.015729122584903367 -0.024859338137932115 0.0038994270608960929 0.002179765127995662 0.016559071916469128 -0.04220208296304049 0.020982798015261522 -0.027084588340890836 -0.0091675508437212058 6.2791420278087799e-06 -0.049232005146434596 -0.028234878466134501 -0.046854481227701902 -0.0019488821102581469 -0.011974524695672914 -0.059131911540408359 -0.028941474252882127 0.047519258107414503 0.049525935273392767 0.030196744362868747 0.0064188993950765258 -0.0098405806476306191 -0.06666202993996985 -0.026547557637632686 0.038916774903028847
leaf_weight=7259.7999982800684 13837.306908883271 1107.5768476006342 818.84901297977194 2450.067423487315 1238.113763423753 423.08091285848059 1137.4794663831126 565.1162266622996 606.17356111854315 622.27992412901949 904.17995739984326 393.3564356204588 1691.1064093048917 415.73084186762571 1115.9274074828718 273.28048221790232 1170.2559522262309 1367.1207970785908 777.90577583224513 71.118585058720782 2203.7803716891794 297.77935618022457 40.187378402799368 834.0170433470048 516.37966720713302 901.63990749977529 590.1935947232414 168.38825940829702 1299.1429561519763 832.98867728468031
leaf_count=2512519 100618 277151 29635 655621 222814 28848 147019 21749 42407 30829 120811 9599 191482 44515 88737 40348 286299 191581 39483 3336 601403 19268 740 12986 19130 53926 63965 28657 175483 22623
internal_value=-4.90237e-10 -0.036928 0.0631647 -0.0260983 -0.0173757 -0.0665805 -0.0232451 -0.0391541 -0.0318007 0.0288377 -0.0422191 -0.00946104 -0.0182128 0.00107332 -0.0130849 -0.0197596 -0.0405737 -0.0355129 -0.0155546 -0.0695152 -0.0502629 -0.0555381 -0.0253529 0.0367045 0.00958107 0.0150777 -0.0302779 -0.0250383 -0.0311504 0.0293565
internal_weight=45930.3 28984.9 16945.4 21230.9 12727.6 7754 9655.74 8503.28 5957.79 3108.13 7938.16 3697.95 2337.47 3071.86 3304.59 2188.67 3620.32 4329.03 1915.39 7330.92 3609.14 2501.56 1731.29 2289.29 1833.75 1418.02 2961.9 2057.72 1467.53 1455.27
internal_count=6083582 5886891 196691 3342188 1842120 2544703 1501735 1500068 1176549 96073 1478319 325186 234629 340385 315587 226850 941920 580497 186502 2515855 897822 620671 192222 66438 117571 73056 388916 268105 204140 53452
is_linear=0
shrinkage=0.05


Tree=6
num_leaves=31
num_cat=0
split_feature=75 94 67 17 76 4 81 55 81 84 55 76 4 76 76 83 76 22 76 81 4 62 98 81 76 42 51 22 71 24
split_gain=38589.6 3330.59 1827.68 1034.42 493.897 390.403 278.978 247.79 229.629 222.572 179.24 156.833 144.04 101.053 96.1183 95.5133 83.0141 92.0339 79.9925 78.1526 88.9832 77.6523 72.2577 72.0701 70.4223 60.6617 60.3382 59.6529 58.9998 56.1704
threshold=0.99921992421150219 1.0013056993484499 1.0000000180025095e-35 67.500000000000014 0.3337771892547608 2.5000000000000004 0.057189542800188072 0.21788796037435534 0.21825397014617923 821.50000000000011 0.11033478006720544 0.00073791161412373196 2.5000000000000004 0.98554348945617687 0.070896491408348097 0.0082474239170551317 0.0048072158824652442 239.50000000000003 0.064379315823316588 0.095454547554254546 12.500000000000002 0.096328686922788634 0.37866792082786566 0.064583335071802153 0.10189117118716241 4.5000000000000009 0.16649966686964038 3405.0000000000005 1.2115759253501894 0.068432815372943892
decision_type=2 2 2 2 2 2 2 2 2 2 2 2 2 2 2 2 2 2 2 2 2 2 2 2 2 2 2 2 2 2
left_child=1 3 8 6 5 7 12 15 25 28 13 -5 14 23 -1 21 -14 -18 -9 20 27 -3 -23 26 -24 29 -6 -11 -7 -2
right_child=2 4 -4 11 10 9 -8 18 -10 19 -12 -13 16 -15 -16 -17 17 -19 -20 -21 -22 22 24 -25 -26 -27 -28 -29 -30 -31
leaf_value=-0.063189707216333726 -0.0022349455441210901 -0.045217935000044077 0.068336503022904435 -0.067850864374606482 -0.024590427641010104 -0.0038891766128739224 -0.0030522010472883339 -0.028709108140165092 0.039855950381930946 -0.022914296551659372 0.0098700628813399426 -0.046346345841072292 -0.050927886290842432 0.010492209476001407 -0.042960339068865969 -0.0077309015724689421 -0.025401410067090742 -0.040464132385567869 0.0027084897814006678 0.028124418765415257 0.007064605653681744 0.005086814152835223 -0.046252330377709205 0.02903998091475625 -0.023704905696155763 -0.0032756632364682112 -0.0057982793773360478 -0.044313518334409448 0.016948252044042513 0.024376543881674363
leaf_weight=1015.1145080483984 249.65057762386277 2413.8340210391907 13423.737437266856 6454.3516587538761 1252.4346012325259 1313.8457780929748 505.21081015246455 315.93122812360525 1621.2765880158404 977.32551031850744 1677.4639922725037 976.06737128924578 835.71634327608626 432.72949547716416 1392.9423742929939 249.35774316871539 1855.2571239917306 2236.6999458986102 564.79850011714734 69.629886931041256 181.5457349231001 128.45198225066997 642.7564700486837 84.389165741857141 750.83848197176121 413.34775922563858 648.23205451515969 488.42268274747767 458.16832502605394 963.92914271331392
leaf_count=339904 18776 675364 100000 2389398 246040 79904 35759 37824 40529 99494 99486 171589 141353 59054 368548 45056 223474 366360 47917 2531 8931 16739 116845 3089 119778 10855 110624 61808 21226 25327
internal_value=8.25824e-10 -0.0359412 0.060193 -0.0516583 -0.0169675 -0.0238031 -0.0389904 -0.0326672 0.0265386 -0.0109323 -0.00268821 -0.065026 -0.0414655 -0.0114012 -0.051488 -0.0377399 -0.0365677 -0.0336348 -0.00856148 -0.023762 -0.0259552 -0.0396411 -0.0307968 -0.0161738 -0.0341043 0.0132675 -0.0181813 -0.030045 0.00149851 0.0189022
internal_weight=44593.5 27921.5 16671.9 15271.4 12650.2 8554.91 7840.94 5065.97 3248.2 3488.94 4095.25 7430.42 7335.73 2417.79 2408.06 4185.24 4927.67 4091.96 880.73 1716.92 1647.29 3935.88 1522.05 1985.06 1393.59 1626.93 1900.67 1465.75 1772.01 1213.58
internal_count=6083582 5888095 195487 4036385 1851710 1333417 1475398 1059523 95487 273894 518293 2560987 1439639 418807 708452 973782 731187 589834 85741 172764 170233 928726 253362 359753 236623 54958 356664 161302 101130 44103
is_linear=0
shrinkage=0.05


Tree=7
num_leaves=31
num_cat=0
split_feature=15 76 6 94 55 80 75 76 81 96 22 22 79 79 76 4 4 58 4 76 15 4 76 98 46 65 98 51 4 81
split_gain=35008 2960.9 1534.9 785.133 444.177 373.363 370.016 313.616 182.562 175.827 163.842 163.365 159.756 150.823 112.768 98.5856 83.8384 82.3333 78.7377 92.7285 78.2296 74.9006 74.264 81.0908 72.9476 63.943 63.1777 58.4597 58.3827 58.0787
threshold=1.0000000180025095e-35 0.001602274540346116 1.0000000180025095e-35 1.9946148395538332 0.1245846450328827 2.0487224858755339e-14 0.94849303364753734 0.57781264185905468 0.12916667014360431 1.3099638223648074 239.50000000000003 1292.5000000000002 333.27758789062506 7.4445247650146493 0.29972749948501592 4.5000000000000009 3.5000000000000004 0.20006670802831653 3.5000000000000004 0.57781264185905468 0.36666667461395269 8.5000000000000018 0.15732048451900485 3.9568877220153813 1.1541976332664492 0.022444855421781543 0.020551433786749843 0.17481364309787753 8.5000000000000018 0.12132352963089944
decision_type=2 2 2 2 2 2 2 2 2 2 2 2 2 2 2 2 2 2 2 2 2 2 2 2 2 2 2 2 2 2
left_child=1 5 -2 6 7 17 10 9 -4 16 18 13 -13 21 24 -12 -5 -1 19 -3 26 -6 23 -15 28 -9 -10 -16 -11 -8
right_child=2 3 8 4 11 -7 29 25 20 14 15 12 -14 22 27 -17 -18 -19 -20 -21 -22 -23 -24 -25 -26 -27 -28 -29 -30 -31
leaf_value=-0.065349079751344408 0.066126439348537444 -0.040731575189161595 0.0029567807543691973 -0.023799858512797867 -0.017367727127585799 -0.014496056805130062 -0.012237628540192058 -0.026522511243650911 0.0026640144522466751 -0.044579310552493166 -0.052648623333304147 -0.025353838613052977 0.025720941234758588 0.027649160831518117 -0.027986605712975079 -0.03759787171461082 0.0021749413037320301 0.01310264607245664 -0.023003511443938432 -0.0038271475269254121 0.042227031920908473 0.020434130825118649 0.019368290784554276 -0.0083118138285585615 -0.025100192807429256 0.0029929592789954499 0.030180260009108756 -0.0039637894766586922 -0.0087836535211255808 0.01705066036981517
leaf_weight=6660.5174399144016 13038.55400973605 1966.8929015640169 654.58025854500011 715.75171067437623 950.73255690746009 387.83958153810818 488.40735096076969 220.04960651299916 271.32836769311689 2308.994880142156 2276.4441178271081 1124.1404942295048 177.24234077590518 203.86262583034113 810.19558124186005 2084.1218926126603 548.88681736309081 33.612190496176481 1642.6983137772186 186.34015673096292 1135.6319045112468 151.98668841598555 1126.0245471873786 678.55574656743556 764.0990145879332 1104.7335322275758 902.38734705885872 368.40511869266629 119.82161089335568 259.04009459237568
leaf_count=2502601 100618 483300 24559 183756 106831 28294 33214 38826 17265 540781 604253 125148 7072 5545 171092 313279 38972 886 193956 33625 25158 3264 48950 54454 144937 145778 29091 62411 8984 6682
internal_value=6.08299e-10 -0.0343589 0.0587434 -0.0246382 -0.015933 -0.0621918 -0.0357579 -0.0238 0.0262648 -0.0289454 -0.0388434 -0.00352246 -0.0183977 0.00269977 -0.0336954 -0.0454552 -0.0125261 -0.0649552 -0.0312481 -0.0375379 0.0328714 -0.0121575 0.0108571 -3.85136e-06 -0.0385744 -0.00190963 0.0238193 -0.0204776 -0.0428134 -0.00208729
internal_weight=43361.9 27359.4 16002.5 20277.4 11373.5 7081.97 8903.94 6960.94 2963.93 5636.15 8156.5 4412.54 1301.38 3111.16 4371.52 4360.57 1264.64 6694.13 3795.93 2153.23 2309.35 1102.72 2008.44 882.418 3192.92 1324.78 1173.72 1178.6 2428.82 747.447
internal_count=6083582 5886891 196691 3355110 1686801 2531781 1668309 1335537 96073 1150933 1628413 351264 132220 219044 928205 917532 222728 2503487 710881 516925 71514 110095 108949 59999 694702 184604 46356 233503 549765 39896
is_linear=0
shrinkage=0.05


Tree=8
num_leaves=31
num_cat=0
split_feature=15 76 6 94 76 84 80 60 4 79 81 79 24 4 55 22 4 85 88 58 76 76 76 94 84 93 62 25 31 75
split_gain=31811.8 2687.01 1472.02 714.431 411.441 379.77 347.7 336.251 218.688 198.783 167.481 158.869 128.63 120.155 93.0834 83.5057 82.2105 74.861 73.1405 68.2041 66.4722 66.4152 61.6554 61.5086 59.5199 58.679 57.4894 52.3142 51.298 50.9215
threshold=1.0000000180025095e-35 0.001602274540346116 1.0000000180025095e-35 1.0013056993484499 0.49711674451828008 1175.5000000000002 2.0487224858755339e-14 0.021202638745307926 2.5000000000000004 14.665071964263918 0.12916667014360431 120.35140609741212 0.06770555675029756 2.5000000000000004 0.14818474650382998 239.50000000000003 12.500000000000002 1.9901129603385928 0.019505759701132778 0.05936423875391484 0.99999400973320018 0.11956373229622842 0.15347614884376529 1.0000000180025095e-35 4126.5000000000009 1.5535441637039187 0.10420059412717821 0.029032263904809955 0.14152816683053973 0.99964430928230297
decision_type=2 2 2 2 2 2 2 2 2 2 2 2 2 2 2 2 2 2 2 2 2 2 2 2 2 2 2 2 2 2
left_child=1 6 -2 7 5 8 19 13 9 25 -4 12 16 21 20 -15 18 23 -7 -1 -6 -3 -11 -12 -20 -5 -10 -13 -17 -8
right_child=2 3 10 4 14 11 29 -9 26 22 17 27 -14 15 -16 28 -18 -19 24 -21 -22 -23 -24 -25 -26 -27 -28 -29 -30 -31
leaf_value=-0.063496713228391163 0.064211262754209464 -0.056091746611373783 0.0021876902854735809 -0.029846351847659117 -0.0099323836299969395 -0.062685412702029153 -0.028361014636194028 -0.0003876301766915161 -0.0087408895864171578 -0.013120057145343936 0.014454000774636464 -0.020116167199890997 0.021651547932875298 -0.026234638354988429 0.017116617720230581 -0.040059370945358823 0.00048709825233106332 0.045559809182382227 -0.029708749113847951 -0.0022144878900141195 0.011348082567175484 -0.039276613620651844 0.019349895391342603 0.034090777828146207 -0.042835904807956848 0.0030097919980529991 0.0076785048293038826 0.013300484313040163 0.045460505029194416 0.0091208259639556487
leaf_weight=6365.8294081913191 12645.831459725974 1205.7385400953935 642.20449595630635 2053.5351161437575 1379.4669570660917 271.84137955144979 238.29963583638892 625.00911101489328 953.90120051847771 262.57118914392777 716.43149144516792 244.24409171810839 98.262349915225059 1982.8568876341451 697.50335801125038 2891.274435139494 146.37989436089993 642.62998135457747 1874.7723535514669 45.72883295302745 499.95438745128922 1144.7562623950653 329.87561775092036 899.41940945293754 1600.8117316142889 145.52038510399871 1208.4999233176932 225.02603774250019 17.642033610027283 146.21317353937775
leaf_count=2501845 100618 413389 24559 486578 201357 67010 22786 33374 84485 28091 35979 23010 2876 254382 28549 499426 8482 10088 377748 1642 62859 309513 23675 25447 356186 22073 53125 17136 1786 5508
internal_value=-9.06646e-10 -0.0331528 0.0568426 -0.0238662 -0.016185 -0.0210302 -0.06029 -0.0355748 -0.0115006 -0.0207467 0.0247184 -0.0316119 -0.0348469 -0.0386114 0.00151771 -0.0341472 -0.0362726 0.031125 -0.0377085 -0.0630596 -0.00427146 -0.0479023 0.00495928 0.0253843 -0.035755 -0.0276721 0.000435408 -0.0040921 -0.0395407 -0.0141083
internal_weight=42202 26655.5 15546.5 19859.4 11992.2 9415.24 6796.07 7867.28 4953.9 2791.5 2900.69 4461.34 3992.07 7242.27 2576.92 4891.77 3893.81 2258.48 3747.43 6411.56 1879.42 2350.49 592.447 1615.85 3475.58 2199.06 2162.4 469.27 2908.92 384.513
internal_count=6083582 5886891 196691 3355110 1843240 1550475 2531781 1511870 698027 560417 96073 852448 812302 1478496 292765 755594 809426 71514 800944 2503487 264216 722902 51766 61426 733934 508651 137610 40146 501212 28294
is_linear=0
shrinkage=0.05


Tree=9
num_leaves=31
num_cat=0
split_feature=75 94 67 17 76 4 81 55 81 84 55 76 4 85 99 76 24 76 76 22 58 76 4 81 3 62 68 25 4 88
split_gain=29027.1 2460.54 1569.37 808.354 363.251 307.893 201.877 194.252 183.577 178.198 130.431 114 111.675 85.8718 78.4013 75.4157 64.9244 64.2185 64.1491 76.3425 59.4238 58.6871 51.6658 51.3543 50.1698 48.7406 47.4919 47.0731 45.9346 45.9103
threshold=0.99921992421150219 1.0013056993484499 1.0000000180025095e-35 67.500000000000014 0.40149191021919256 2.5000000000000004 0.057189542800188072 0.21788796037435534 0.14642857760190967 821.50000000000011 0.099768295884132399 0.00073791161412373196 2.5000000000000004 0.94733166694641124 0.020128631033003334 0.070896491408348097 0.031434763222932822 0.99999400973320018 0.0086991954594850558 69.500000000000014 0.26426738500595098 0.18026914447546008 12.500000000000002 0.34166666865348821 0.023532669059932235 0.099814902991056456 0.028580026701092724 0.02974034566432238 9.5000000000000018 0.085977081209421172
decision_type=2 2 2 2 2 2 2 2 2 2 2 2 2 2 2 2 2 2 2 2 2 2 2 2 2 2 2 2 2 2
left_child=1 3 8 6 5 7 12 13 24 26 17 -5 15 14 20 -1 22 -6 -14 -20 25 -9 27 -10 -2 -3 -7 -11 29 -28
right_child=2 4 -4 11 10 9 -8 21 23 16 -12 -13 18 -15 -16 -17 -18 -19 19 -21 -22 -23 -24 -25 -26 -27 28 -29 -30 -31
leaf_value=-0.057731991484670342 0.02355129274988713 -0.045511319735967573 0.062545240654048512 -0.062046448772803776 -0.015924686109692027 -0.046277219407715765 -0.0037823083542773204 -0.016773545723097742 0.024942044044521456 -0.036173182060878377 0.0091852038889459406 -0.042851939054447251 -0.043812232704042553 0.049060867079328746 -0.025242114521951867 -0.038995630573913496 0.014669026827022825 0.0078018699789801976 -0.016840019152240926 -0.033943703828453152 0.010140804781205118 0.010307829062622589 0.0023550240858908572 0.04118229755132452 -0.0017554199462860602 -0.031090217617282381 -0.0061936949508864664 -0.018133972846372307 0.018092689136884048 0.016822057585166219
leaf_weight=907.84722667618189 267.11263190140016 1648.3340009720996 12239.010013708612 5678.6442781754595 1350.9631150092464 50.389909964287654 476.38671426189831 595.16727569303475 1289.3997500230325 685.88491035590414 1526.2524636582239 895.54677366325632 1054.6951392133487 31.43624397739768 1620.979324370157 1315.0174268032424 118.99663073359989 361.50025174114853 863.71850146760698 2666.8763972630259 59.547915054019541 301.33940008981153 171.54453590628691 782.00224462826736 734.0225700213341 909.03910431923578 1053.0666140511166 764.99168949271552 388.45549599360675 272.79919491382316
leaf_count=339904 17884 506448 100000 2389398 256157 5087 35759 70147 38981 89829 95921 171589 192132 776 383938 368548 4626 53142 97574 441481 2585 19132 8854 18029 20593 164342 76868 88367 10741 14750
internal_value=3.1639e-10 -0.0323973 0.0545248 -0.0467205 -0.0157315 -0.0210677 -0.0352487 -0.0288293 0.0225765 -0.00963183 -0.00144327 -0.0594317 -0.0374505 -0.0332724 -0.0338831 -0.0466478 -0.0209791 -0.010916 -0.0329919 -0.0297595 -0.0392355 -0.00767079 -0.0235937 0.0310731 0.00499666 -0.0403852 0.00156568 -0.0266618 0.00297195 -0.00145816
internal_weight=41081 25769.4 15311.5 13858.7 11910.7 8671.97 7284.54 5165.84 3072.54 3506.13 3238.72 6574.19 6808.15 4269.34 4237.9 2222.86 1741.42 1712.46 4585.29 3530.59 2616.92 896.507 1622.42 2071.4 1001.14 2557.37 1764.71 1450.88 1714.32 1325.87
internal_count=6083582 5888095 195487 4036385 1851710 1446490 1475398 1147368 95487 299122 405220 2560987 1439639 1058089 1057313 708452 191676 309299 731187 539055 673375 89279 187050 57010 38477 670790 107446 178196 102359 91618
is_linear=0
shrinkage=0.05


Tree=10
num_leaves=31
num_cat=0
split_feature=15 76 6 94 55 80 75 76 81 96 76 2 22 4 76 22 79 85 4 76 4 58 98 94 97 84 76 65 79 58
split_gain=26625.5 2250.79 1356.99 579.154 347.461 305.529 294.907 228.6 146.35 140.623 129.716 134.794 125.692 99.4476 94.2994 91.3605 81.4307 67.2984 66.658 70.5958 64.7413 60.1041 59.9472 55.9349 54.3862 53.3914 49.5596 47.8571 46.5361 85.4778
threshold=1.0000000180025095e-35 0.0019172019092366102 1.0000000180025095e-35 1.9946148395538332 0.1245846450328827 2.0487224858755339e-14 0.99869367480278026 0.57781264185905468 0.12916667014360431 1.8935849070549013 0.32711657881736761 13.500000000000002 239.50000000000003 4.5000000000000009 0.27712331712245947 887.50000000000011 7.4445247650146493 1.9901129603385928 3.5000000000000004 0.57781264185905468 3.5000000000000004 0.0012629255070351066 206.92740631103518 0.57157340645790111 0.082022301852703108 4621.5000000000009 0.010936356149613859 0.022444855421781543 0.79532036185264599 0.056414941325783736
decision_type=2 2 2 2 2 2 2 2 2 2 2 2 2 2 2 2 2 2 2 2 2 2 2 2 2 2 2 2 2 2
left_child=1 5 -2 6 7 21 12 9 -4 20 11 15 18 -14 25 16 -6 23 19 28 -5 -1 -17 -10 -16 -11 -20 -9 -3 -30
right_child=2 3 8 4 10 -7 -8 27 17 14 -12 -13 13 -15 24 22 -18 -19 26 -21 -22 -23 -24 -25 -26 -27 -28 -29 29 -31
leaf_value=-0.060236411190689537 0.061038584643532227 -0.028009436449009186 0.0010119705774582781 -0.022446479010493302 -0.020835274000737796 -0.013162647489304308 0.0066937163349431172 -0.024905952954768572 0.012408539496829735 -0.031986488843883706 0.009402420285493136 0.017405139020695633 -0.048460547870704619 -0.032909429892358191 -0.028147422540968026 -0.030437343537088959 0.0021379694917484861 0.04251019882476114 -0.03725148611120551 -0.004133535374003787 -0.0013353070579328516 -0.0099042872045636606 0.018689841430038583 0.031461120018162536 -0.0059264457090267919 -0.047143876738657005 -0.015948910695130464 0.0012406240025744282 -0.049306142056454921 -0.0046561321987197103
leaf_weight=5865.7369726909092 11851.828679319471 806.25479423895013 625.84397246968001 870.47080953861587 630.60858134552836 374.53618070087396 453.92312297609169 209.38315717224032 696.93553353240713 1727.3656938301283 1309.6687747457763 400.26628336682916 2076.6366971338866 2035.9380437430227 760.87014744605403 821.54887049924582 993.32758202659898 611.73163987277076 346.9241030884441 179.23330346844159 623.12575690180529 59.919433165108785 67.173452580813318 861.30586925405078 431.53434789576568 875.41965708328644 1281.7536163979676 1065.9758949957322 909.61522219335893 121.50744080799632
leaf_count=2512519 100618 200832 24559 232132 78558 28848 17961 38826 36029 406290 72809 9928 601842 323035 196516 117847 68226 10088 57955 33627 50821 3336 3587 25397 55464 209253 139675 145778 274200 7026
internal_value=-5.84181e-10 -0.031061 0.053647 -0.0224727 -0.0148558 -0.0569593 -0.0324781 -0.0220532 0.0223133 -0.0266352 -0.00366712 -0.00954326 -0.0347701 -0.0407619 -0.0317499 -0.0138361 -0.00678302 0.0284568 -0.0280101 -0.0340864 -0.0136389 -0.0597275 -0.0267241 0.0229397 -0.0201056 -0.0370845 -0.0204866 -0.00305201 -0.0370082 -0.0440446
internal_weight=39946.4 25298.7 14647.6 18998.5 10786.7 6300.19 8211.79 6564.15 2795.82 5288.79 4222.59 2912.92 7757.86 4112.57 3795.19 2512.66 1623.94 2169.97 3645.29 2016.61 1493.6 5925.66 888.722 1558.24 1192.4 2602.79 1628.68 1275.36 1837.38 1031.12
internal_count=6083582 5886891 196691 3342188 1686035 2544703 1656153 1335080 96073 1150476 350955 278146 1638192 924877 867523 268218 146784 71514 713315 515685 282953 2515855 121434 61426 251980 615543 197630 184604 482058 281226
is_linear=0
shrinkage=0.05


Tree=11
num_leaves=31
num_cat=0
split_feature=15 76 8 94 55 80 24 76 4 15 76 4 4 96 24 24 58 22 99 79 79 79 22 84 79 58 22 79 79 79
split_gain=24428.6 2078.23 1319.83 528.781 300.278 286.996 257.01 225.25 151.443 134.013 125.865 159.357 98.4425 85.3921 72.6883 71.464 71.0751 66.1664 65.1381 60.4415 60.8383 57.5923 89.2303 57.0734 56.3309 56.2229 49.8519 48.1627 48.1525 73.2752
threshold=1.0000000180025095e-35 0.0019172019092366102 1.5000000000000002 1.0013056993484499 0.126327820122242 2.0487224858755339e-14 0.064516987651586546 0.57781264185905468 2.5000000000000004 0.29166667163372045 0.17810031771659854 3.5000000000000004 3.5000000000000004 0.76836520433425914 0.063006855547428145 0.088533908128738417 0.2500454187393189 2107.5000000000005 0.022240508347749714 0.79532036185264599 2.1151895523071294 37.106147766113288 305.50000000000006 1979.5000000000002 7.4445247650146493 0.0044865633826702842 3971.5000000000005 0.052509827539324767 0.79532036185264599 1.5002085566520693
decision_type=2 2 2 2 2 2 2 2 2 2 2 2 2 2 2 2 2 2 2 2 2 2 2 2 2 2 2 2 2 2
left_child=1 5 -2 6 7 25 12 8 16 14 11 26 19 -10 -4 -15 18 27 -5 -3 -21 22 24 -23 -12 -1 -6 -14 -29 -30
right_child=2 3 9 4 10 -7 -8 -9 13 -11 21 -13 17 15 -16 -17 -18 -19 -20 20 -22 23 -24 -25 -26 -27 -28 28 29 -31
leaf_value=-0.058892763203732636 0.059723709478582555 -0.031689414977251605 -0.0089173715864600944 -0.038461076119875259 -0.019523452803679717 -0.013028548524738007 -0.00027849658719745216 -0.0029968853094184313 0.00089582612529534372 0.032654674591711987 -0.0035383058646696699 0.0049694387815660823 -0.035920881596653777 -0.024035491645459661 0.017096157662826798 0.022558096436053186 0.0072138711448506837 -0.04217356500935128 -0.023519577030374661 -0.05846113963184954 -0.040401728595399762 0.0276748801321548 -0.016158326793888882 0.0019488263605730951 0.026547655631824936 -0.0047629543037191304 -0.048658561343768857 -0.0085298857286178198 -0.059615902944830039 -0.022505473962207759
leaf_weight=5601.8600588691188 11440.298362497706 996.22905490716221 357.90689314343035 2292.1544110857649 1318.1136835089419 370.94238522369415 572.77006468095351 1321.9369622549275 576.37870178255253 1326.1162407498341 335.36775790771935 795.46889899333473 844.9076980764512 1526.8981293961406 1075.4506030265475 86.983396116644144 109.57536827074364 810.29935754020698 1069.9166104756296 715.96031115856022 1337.6218893345213 397.65669596428052 637.78248706157319 470.87252078461461 290.21827095653862 48.385503985686228 165.22496491367929 515.95676570991054 148.33525967202149 1288.0265223012539
leaf_count=2513624 100000 277144 27000 710039 172056 28848 27917 193718 45356 38114 32796 34351 132284 206768 31577 2287 5842 150244 295336 265328 355339 13403 60170 26359 11513 2231 32126 63797 31818 196197
internal_value=1.70432e-09 -0.0300966 0.0522371 -0.0218411 -0.0151301 -0.0556323 -0.0324176 -0.0215805 -0.0259194 0.0211991 -0.00491655 -0.0130861 -0.0351827 -0.0156243 0.0106006 -0.0215242 -0.0324147 -0.0295923 -0.0337062 -0.0417954 -0.046698 0.00381596 -0.00299795 0.0137275 0.010419 -0.0584292 -0.0227687 -0.0259477 -0.0216316 -0.0263379
internal_weight=38845.6 24645.8 14199.8 18624.7 11394.5 6021.19 7230.11 6983.84 5661.91 2759.47 4410.71 2278.81 6657.34 2190.26 1433.36 1613.88 3471.65 3607.53 3362.07 3049.81 2053.58 2131.9 1263.37 868.529 625.586 5650.25 1483.34 2797.23 1952.32 1436.36
internal_count=6083582 5886891 196691 3342188 1842120 2544703 1500068 1459346 1265628 96691 382774 238533 1472151 254411 58577 209055 1011217 574340 1005375 897811 620667 144241 104479 39762 44309 2515855 204182 424096 291812 228015
is_linear=0
shrinkage=0.05


Tree=12
num_leaves=31
num_cat=0
split_feature=75 76 67 94 55 75 76 81 96 81 76 22 4 81 4 76 58 76 84 79 84 4 76 32 85 68 3 24 3 52
split_gain=22455.8 1933.56 1415.58 539.677 280.079 216.962 183.033 149.996 126.282 120.939 113.767 110.259 93.8452 90.2385 77.3611 67.0561 64.4591 64.0569 61.1343 100.586 60.7505 55.5713 59.2 48.8041 48.5602 48.4114 47.935 44.0697 43.2463 43.1284
threshold=0.99921992421150219 0.0026654039975255732 1.0000000180025095e-35 1.9946148395538332 0.126327820122242 0.51473578810691845 0.57781264185905468 0.13809524476528171 1.3099638223648074 0.057189542800188072 0.32711657881736761 239.50000000000003 10.500000000000002 0.064583335071802153 4.5000000000000009 0.080559160560369505 0.0012629255070351066 0.31262128055095678 384.50000000000006 46.79088211059571 4126.5000000000009 3.5000000000000004 0.57781264185905468 0.0014090277836658063 1.9973462820053103 0.11364834010601045 0.40967366099357611 0.060246186330914504 1.0000000180025095e-35 0.052213536575436599
decision_type=2 2 2 2 2 2 2 2 2 2 2 2 2 2 2 2 2 2 2 2 2 2 2 2 2 2 2 2 2 2
left_child=1 5 7 9 6 16 8 26 15 11 12 21 18 17 -13 -5 -1 20 25 -20 29 22 -3 -7 -9 -6 27 -2 -29 -10
right_child=2 3 -4 4 10 23 -8 24 13 -11 -12 14 -14 -15 -16 -17 -18 -19 19 -21 -22 -23 -24 -25 -26 -27 -28 28 -30 -31
leaf_value=-0.057567455928360593 -0.022736398021715745 -0.034872256902275141 0.058523211097295413 0.0052274286239718751 -0.02061955519898169 -0.0027833283672176997 -0.0035278017973627211 0.022082614307794641 -0.040322917893527356 0.00097796429997667068 0.0088748536715278666 -0.045836126860566137 0.018512202308112107 0.017134510012650372 -0.031466450391195187 -0.019403143700924854 -0.012877002445667356 -0.019152196886100262 -0.026306063214350025 0.00068320276276254914 -0.043903900600772774 -0.019158352008498251 -0.0043799904948075329 -0.038658285346690552 0.039313857495691135 0.0057140498093055806 -0.065562088891211026 0.030357856926301597 0.0018928423622084731 -0.023782463728828081
leaf_weight=5436.4077871823101 129.71935850102454 1726.4419110168237 11035.492667805753 434.98239901778288 242.18304649926722 220.94965404376853 1273.4416370607214 1496.2273063415196 559.5445295907557 272.93793811439537 1244.6789664980024 1924.7177293946734 272.92139877006412 103.3745379508473 1824.4888177342946 757.62839873088524 81.900945858098567 980.07655895664357 1132.311363391811 496.63347009639256 1000.9949312572135 1487.0787064619362 175.34444549004547 166.04450390214333 562.61730816122144 624.76134495064616 25.451102364808321 177.29417516081594 539.37155358027667 1332.8989504677011
leaf_count=2536836 10925 479009 100000 47368 25670 22869 186147 51597 196688 18868 69614 596029 6055 4846 309605 176277 5188 215157 147505 38165 256935 186887 33625 13090 9301 50935 969 7788 14907 264727
internal_value=-1.67962e-10 -0.0295623 0.0503199 -0.0213645 -0.0140488 -0.0543662 -0.0205074 0.0194305 -0.0246901 -0.0316863 -0.00368069 -0.0329353 -0.00932486 -0.0289696 -0.0388434 -0.0104196 -0.0569042 -0.0302 -0.0123688 -0.0180776 -0.0339422 -0.0263991 -0.0320609 -0.0181759 0.0267914 -0.00164231 0.00204768 0.00408073 0.00893473 -0.028673
internal_weight=37738.9 23772.7 13966.2 17867.4 10456.4 5905.3 6442.94 2930.68 5169.5 7411.01 4013.49 7138.07 2768.81 3976.89 3749.21 1192.61 5518.31 3873.51 2495.89 1628.94 2893.44 3388.87 1901.79 386.994 2058.84 866.944 871.836 846.385 716.666 1892.44
internal_count=6083582 5888095 195487 3310112 1686089 2577983 1348145 95487 1161998 1624023 337944 1605155 268330 938353 905634 223645 2542024 933507 262275 185670 718350 699521 512634 35959 60898 76605 34589 33620 22695 461415
is_linear=0
shrinkage=0.05


Tree=13
num_leaves=31
num_cat=0
split_feature=15 76 6 94 80 97 60 76 76 4 81 84 4 84 4 79 73 96 58 94 85 58 79 76 93 88 79 22 94 31
split_gain=20712.4 1797.54 1231.6 444.84 253.893 249.605 216.582 176.242 137.232 128.794 113.957 111.451 87.6625 79.1471 70.7961 78.2083 63.2984 60.7118 59.5804 57.0651 56.2141 51.3905 51.0886 48.6221 48.4103 47.9384 46.3032 59.3217 63.8164 44.1009
threshold=1.0000000180025095e-35 0.001602274540346116 1.0000000180025095e-35 1.0013056993484499 2.0487224858755339e-14 0.10678826272487642 0.021202638745307926 0.57781264185905468 0.30836449563503271 2.5000000000000004 0.14642857760190967 1299.5000000000002 2.5000000000000004 2604.5000000000005 9.5000000000000018 10.286392688751222 720.50000000000011 0.59940749406814586 0.24493676424026492 0.70357206463813793 0.98277822136878978 0.05936423875391484 246.96766662597659 0.070896491408348097 1.5535441637039187 0.080114323645830168 7.4445247650146493 943.50000000000011 40.562442779541023 0.024610352702438835
decision_type=2 2 2 2 2 2 2 2 2 2 2 2 2 2 2 2 2 2 2 2 2 2 2 2 2 2 2 2 2 2
left_child=1 4 -2 6 21 7 12 9 11 18 -4 14 23 -11 15 17 -14 -7 25 -12 26 -1 -13 -3 -19 -5 -10 -28 -29 -30
right_child=2 3 10 5 -6 8 -8 -9 20 13 19 22 16 -15 -16 -17 -18 24 -20 -21 -22 -23 -24 -25 -26 -27 27 28 29 -31
leaf_value=-0.056901590315033092 0.057434044957474763 -0.051895050548594571 0.0023893439077746145 -0.035730417804148012 -0.012952088648331861 0.0061080994684753033 -0.0013604189675769799 -0.0040096531508683267 -0.011555668516159048 -0.0075791720938147766 0.01588870455898125 -0.027494364112913922 -0.025705142425373174 -0.028845907760652691 0.017743218284264558 0.0031779146861445639 -0.039628961650192418 -0.026915695129475215 0.0048827373119580894 0.033219969124363168 0.050727719132917008 -0.0021557024279352166 0.014188172721443307 -0.035932525864357912 0.01269785337383348 -0.016572840073464455 0.020464781863707603 -0.031070271530753438 -0.0020554536503509624 0.03379800715711475
leaf_weight=5023.027368707757 10639.564735004096 754.37474890821613 720.6894419954624 2515.5825521750958 359.53474256349728 221.36315620422829 579.27208105963655 1193.4891658852575 363.95641864882782 1213.5959358796244 840.22662142291665 1055.8724703507032 3212.2125711851986 684.11609000805765 289.42524112435058 796.30027634301223 1094.3045297135832 808.95787300041411 106.23477775650099 1092.5133959020022 67.214623535051942 43.235652319854125 79.012621934176423 1297.7186178127886 85.251804663799703 375.2558303468395 566.30779603286646 144.40025426959619 334.73447292204946 115.31458800751716
leaf_count=2501845 100618 326126 29635 830819 28294 20536 33374 182185 44136 131471 38129 160694 526836 102956 5976 56571 228758 121539 5674 28309 911 1642 4390 396776 8273 101074 24205 13093 23029 5708
internal_value=2.40515e-10 -0.0283335 0.0498337 -0.0207121 -0.0535531 -0.0144664 -0.0306294 -0.0212376 -0.00610103 -0.0254383 0.0193581 -0.0118646 -0.0332958 -0.0152457 -0.00530284 -0.00879162 -0.0292432 -0.0173355 -0.0318922 0.0256855 0.0059777 -0.0564344 -0.0245924 -0.0418005 -0.023139 -0.0332436 0.00400496 0.00888401 -0.00214851 0.00713116
internal_weight=36673.1 23380.1 13293 17954.3 5425.8 11016.4 6937.88 6088.27 4928.11 4894.79 2653.43 3336.18 6358.61 1897.71 2201.3 1911.87 4306.52 1115.57 2997.07 1932.74 1591.93 5066.26 1134.89 2052.09 894.21 2890.84 1524.71 1160.76 594.449 450.049
internal_count=6083582 5886891 196691 3355110 2531781 1843240 1511870 1354179 489061 1171994 96073 377979 1478496 234427 212895 206919 755594 150348 937567 66438 111082 2503487 165084 722902 129812 931893 110171 66035 41830 28737
is_linear=0
shrinkage=0.05


Tree=14
num_leaves=31
num_cat=0
split_feature=75 79 67 81 81 94 55 76 4 4 84 4 76 4 79 98 81 22 98 31 93 4 71 41 52 58 84 94 58 79
split_gain=19096.6 1699.21 701.576 678.957 417.777 400.079 232.079 165.295 144.672 132.256 118.126 99.5998 89.8167 94.7611 84.5869 81.3732 77.9242 70.0028 61.149 57.8952 57.6704 45.132 44.088 40.7831 40.3613 39.9659 40.5323 40.3073 38.3573 51.3486
threshold=0.99998399615287792 0.052509827539324767 1.0000000180025095e-35 0.064583335071802153 0.064583335071802153 1.0013056993484499 0.14708621054887774 0.88344147801399242 7.5000000000000009 4.5000000000000009 1389.5000000000002 2.5000000000000004 0.17810031771659854 3.5000000000000004 15.802525997161867 59.439325332641609 0.18465909361839297 229.50000000000003 3.6168555021286015 0.021749882027506832 0.89202436804771434 2.5000000000000004 1.195752799510956 0.90645834803581249 0.043748468160629279 0.30043971538543707 1065.5000000000002 37.386798858642585 0.056414941325783736 0.79532036185264599
decision_type=2 2 2 2 2 2 2 2 2 2 2 2 2 2 2 2 2 2 2 2 2 2 2 2 2 2 2 2 2 2
left_child=1 4 16 5 8 9 7 10 -1 17 11 14 13 -8 22 20 -2 28 -14 -17 -12 -5 -7 -18 -23 26 -20 -28 29 -3
right_child=2 3 -4 21 -6 6 12 -9 -10 -11 15 -13 18 -15 -16 19 23 -19 25 -21 -22 24 -24 -25 -26 -27 27 -29 -30 -31
leaf_value=-0.055347529798845697 0.0094152711168427432 -0.023241567540773729 0.05647428952387798 0.037310810752870641 -0.0038184965547601829 -0.030971021247429287 -0.020197645873366511 0.0053474393960883477 -0.035416769618742745 -0.021121863180913018 -0.044253129143698847 -0.0044637160859576008 -0.015347430478477746 0.0036585993787186925 0.0051400687113428174 -0.020604398042263095 0.022752667353279937 -0.045052413020575111 0.015269080175023861 0.016526233916352613 -0.027960944741821255 -0.010400773304988861 -0.012490908346466734 0.043064421106916176 0.018171537324633096 0.037700756730122 -0.024085313039974351 0.005368343447738488 -0.012720148359538717 -0.041708584872317794
leaf_weight=4831.7793644141057 712.19936885219067 663.20821912726387 10224.953481016681 256.99799563130364 495.73420468135737 1289.2181473767851 1187.3154855377506 590.28180566988885 1121.9021258257562 1891.9649034214672 722.95276690111496 1268.531111161341 316.18550622672774 640.98366951267235 243.53326909244061 405.77694976818748 613.33481038734317 1639.6138579879771 620.99972304957919 141.6237187392544 2184.1942530200467 147.02593781147152 430.51202318700962 413.90392454434186 775.68954236409627 112.19204139104113 164.45400009350851 395.51961981179193 253.28587540960871 870.49440892937128
leaf_count=2481202 22226 184677 100000 8337 41024 400136 163085 83559 198136 302783 204170 121193 31620 27982 33874 64191 9372 543745 31139 15509 515456 14999 109530 9918 28417 1729 16972 23132 17605 277864
internal_value=1.2186e-09 -0.0260305 0.0514804 -0.0178287 -0.0479197 -0.0205224 -0.0149576 -0.0200155 -0.0515918 -0.0317329 -0.0222546 -0.0153836 -0.00425126 -0.0118339 -0.0224392 -0.0286826 0.022125 -0.0375916 0.00436297 -0.0109979 -0.0320125 0.0187801 -0.0263448 0.0309369 0.0136188 0.00918226 0.00647301 -0.00328166 -0.0307461 -0.033723
internal_weight=35626.4 23662 11964.4 17212.6 6449.42 16032.8 10714.3 7276.62 5953.68 5318.57 6686.34 3231.79 3437.65 1828.3 1963.26 3454.55 1739.44 3426.6 1609.35 547.401 2907.15 1179.71 1719.73 1027.24 922.715 1293.17 1180.97 559.974 1786.99 1533.7
internal_count=6083582 5942066 141516 3221704 2720362 3169951 1843277 1547618 2679338 1326674 1464059 664733 295659 191067 543540 799326 41516 1023891 104592 79700 719626 51753 509666 19290 43416 72972 71243 40104 480146 462541
is_linear=0
shrinkage=0.05


Tree=15
num_leaves=31
num_cat=0
split_feature=15 76 6 94 52 80 24 76 4 22 85 94 4 84 79 84 89 60 96 58 83 76 58 83 79 79 79 79 81 4
split_gain=17610 1579.5 1160.86 384.657 234.266 229.254 186.102 164.936 126.829 108.224 100.522 80.6099 77.5891 73.7974 69.5763 64.5056 63.0514 57.2988 56.3587 50.4011 49.8647 49.585 49.0458 47.4527 45.7296 87.3141 85.7309 58.8192 44.3797 43.2106
threshold=1.0000000180025095e-35 0.001602274540346116 1.0000000180025095e-35 2.6233121156692509 0.14289864897727969 2.0487224858755339e-14 0.11113364994525911 0.45163711905479437 2.5000000000000004 239.50000000000003 0.99995744228363048 1.0000000180025095e-35 4.5000000000000009 1800.5000000000002 41.611417770385749 660.50000000000011 56.500000000000007 0.070086807012557997 111.0174026489258 0.084061075001955046 0.0082474239170551317 0.99999400973320018 0.15857293456792834 0.0085558304563164728 3.0011954307556157 0.79532036185264599 0.099993661046028151 1.7205024361610415 0.064583335071802153 2.5000000000000004
decision_type=2 2 2 2 2 2 2 2 2 2 2 2 2 2 2 2 2 2 2 2 2 2 2 2 2 2 2 2 2 2
left_child=1 5 -2 6 7 19 9 8 20 24 11 28 23 14 16 -10 -6 -17 -15 -1 -5 22 -9 -11 25 26 -3 -27 -4 -28
right_child=2 3 10 4 13 -7 -8 21 15 12 -12 -13 -14 18 -16 17 -18 -19 -20 -21 -22 -23 -24 -25 -26 27 29 -29 -30 -31
leaf_value=-0.055126414590455822 0.055546667255887375 -0.027371849698130765 -0.033249094736398213 -0.031517985715212631 0.008984027743751892 -0.01278484369654273 0.0030035269830651465 -0.014777589677262002 0.00089798051506844606 -0.044123644898633872 0.032992283312910639 0.021551381063077024 -0.028177877069644964 -0.020864331532640223 0.019740879084904628 -0.022381850987334147 -0.010535975388710435 0.020610605196350325 0.01100968764778444 -0.00030010963349001951 -0.0021646917391269734 0.0088826715708835505 0.0092845450776728577 -0.0066843957976804747 -0.011844015826567177 -0.054894354574171828 -0.018740326928955078 -0.029727489830633759 0.0041734499928102464 0.0074392844534556628
leaf_weight=4534.4329755341751 9833.6402165055042 1150.7130268871551 88.153293977025896 2612.3763365771156 785.12589759775437 352.71570579067338 465.75227630039444 1102.2073311369168 580.56922177295201 1861.2948546896223 761.36371705541387 930.62932261324022 1875.9670031663263 639.35269244934898 514.67865971103311 1117.7248721476644 874.44046385958791 83.273799485061318 177.09947117324919 42.309244435513392 153.16670497879386 456.49885054887272 262.14135037711821 88.666000538971275 694.96991733426694 326.22258321143454 289.58099354128353 805.25077750405762 782.14301699574571 345.87512616254389
leaf_count=2502071 100618 247380 5573 808855 57697 28294 19068 212185 49148 627644 15237 30729 331742 78557 21148 164075 75767 3384 10465 1416 33805 59554 9402 22916 100466 106593 75874 204705 44534 34680
internal_value=2.39702e-10 -0.0266638 0.0477362 -0.0195358 -0.0126766 -0.0516262 -0.0276571 -0.0180979 -0.02319 -0.0295768 0.0177609 0.0113217 -0.0354373 -0.00113323 0.00367977 -0.012786 -0.00130124 -0.0194009 -0.0139504 -0.0546196 -0.0298923 -0.00538166 -0.0101544 -0.0424213 -0.0233704 -0.0261159 -0.0192316 -0.0369835 0.000382878 -0.00449091
internal_weight=34588.3 22192.4 12395.9 17262.9 9358.66 4929.46 7904.29 6367.96 4547.11 7438.54 2562.29 1800.93 3825.93 2990.7 2174.25 1781.57 1659.57 1201 816.452 4576.74 2765.54 1820.85 1364.35 1949.96 3612.61 2917.64 1786.17 1131.47 870.296 635.456
internal_count=6083582 5886891 196691 3355110 1584042 2531781 1771068 1340408 1059267 1752000 96073 80836 982302 243634 154612 216607 133464 167459 89022 2503487 842660 281141 221587 650560 769698 669232 357934 311298 50107 110554
is_linear=0
shrinkage=0.05


Tree=16
num_leaves=31
num_cat=0
split_feature=75 98 67 81 94 60 62 76 79 89 96 4 81 84 22 4 22 16 4 97 96 71 76 98 32 2 94 88 28 41
split_gain=16250.5 1481.4 698.374 584.109 418.786 387.326 204.661 152.298 110.043 135.455 94.4533 93.7605 73.4803 66.9892 63.3765 61.1149 60.9543 69.1827 53.6254 53.0064 50.3298 44.0142 41.4474 40.8805 40.2637 40.24 37.7185 40.0869 37.4467 36.7043
threshold=0.99998399615287792 0.0063637264538556346 1.0000000180025095e-35 0.080128207802772536 1.0013056993484499 0.0020473611075431113 0.1030595786869526 0.49711674451828008 37.106147766113288 98.500000000000014 1.3099638223648074 4.5000000000000009 0.18465909361839297 1979.5000000000002 342.50000000000006 3.5000000000000004 183.50000000000003 0.07637441530823709 2.5000000000000004 0.10644899308681489 154.86376953125003 1.2156029939651491 0.20095888525247577 0.21188148856163028 0.0011805555550381543 4.5000000000000009 26.105355262756351 0.034434273838996894 0.40576072037220007 0.90645834803581249
decision_type=2 2 2 2 2 2 2 2 2 2 2 2 2 2 2 2 2 2 2 2 2 2 2 2 2 2 2 2 2 2
left_child=1 5 12 4 11 28 7 10 9 18 15 14 -2 26 -3 -6 -12 -18 22 -13 -15 -20 23 -8 -5 -7 27 -10 -1 -14
right_child=2 3 -4 24 6 25 8 -9 13 -11 16 19 29 20 -16 -17 17 -19 21 -21 -22 -23 -24 -25 -26 -27 -28 -29 -30 -31
leaf_value=-0.054397142582244984 0.0075354931703083333 -0.030403567744354338 0.054719940682122763 0.022442879422984712 -0.022807354057449734 0.0088078570198101089 0.023136585813471462 -0.0058775619144682094 -0.056778037975904638 -0.022770605369208885 -0.011444189550367558 -0.030546673535968856 0.020798888713230275 -0.013396352899177875 -0.044476586146277024 0.00011372697343994276 -0.057283476598602091 -0.029754754840982542 -0.00022216557978169666 -0.016868110167046174 0.015889788711047261 0.025447674300840602 0.00038057862459735053 -0.02331430134135512 -0.00040813163534400256 -0.019552670746493556 0.023853810354556984 0.0080750756674140261 0.060777886295081789 0.040451291612674078
leaf_weight=4251.2776140628266 705.49202899110969 1919.6147875277093 9428.3597533274442 860.67026599531528 683.65317069750745 194.01843294198625 52.172831575851887 1364.4162273791153 29.656579959671944 1442.8245977517217 402.121026431676 1449.3208013382973 594.60249220044352 508.18005808466114 1371.6471223564004 506.10289720119908 251.48458517505787 2467.71046788065 562.15301733114757 1385.1383997701341 206.24259326863103 237.55475810286589 534.16674713842804 514.12531715258956 248.40969559532823 351.97862755367532 499.56486904784106 121.23104130476713 7.0690079319756469 395.70125170960091
leaf_count=2473171 22226 556226 100000 44123 213896 14671 5678 229728 2194 209668 81549 285393 9372 55889 481434 42062 80405 681071 32919 201212 12064 9195 64350 95965 7130 33297 23535 4972 269 9918
internal_value=-5.80631e-10 -0.0245115 0.0494068 -0.0178003 -0.02016 -0.0491224 -0.0140433 -0.0204367 -0.00633592 -0.0112204 -0.0250445 -0.030528 0.0198667 0.00562764 -0.0362686 -0.0130571 -0.0296138 -0.0323007 -0.00245017 -0.0238623 -0.0049419 0.00740311 -0.00961056 -0.0190348 0.0173248 -0.00947484 0.0172367 -0.00467164 -0.0542059 0.0286515
internal_weight=33546.7 22422.5 11124.2 17618.2 16509.1 4804.34 10383.4 5675.49 4707.87 3343 4311.07 6125.72 1695.8 1364.88 3291.26 1189.76 3121.32 2719.2 1900.17 2834.46 714.423 799.708 1100.46 566.298 1109.08 545.997 650.452 150.888 4258.35 990.304
internal_count=6083582 5942066 141516 3420658 3369405 2521408 1845140 1328711 516429 417775 1098983 1524265 41516 98654 1037660 255958 843025 761476 208107 486605 67953 42114 165993 101643 51253 47968 30701 7166 2473440 19290
is_linear=0
shrinkage=0.05


Tree=17
num_leaves=31
num_cat=0
split_feature=75 76 67 81 60 94 55 76 84 22 81 76 4 65 96 79 4 22 58 32 83 4 76 79 4 58 79 89 52 62
split_gain=14968 1388.94 705.966 519.404 377.964 366.344 204.515 120.251 99.7853 95.0684 73.36 72.3888 70.8719 70.2542 72.3928 67.447 64.2205 63.5783 61.5585 46.4222 42.7311 42.0879 48.6925 43.1886 41.9065 44.5882 38.8767 37.6786 36.1395 34.8955
threshold=0.99998399615287792 0.0026654039975255732 1.0000000180025095e-35 0.064583335071802153 0.0020473611075431113 2.6233121156692509 0.1521875858306885 0.88344147801399242 880.50000000000011 239.50000000000003 0.18465909361839297 0.40149191021919256 2.5000000000000004 0.0089815566316247004 76.535903930664077 15.802525997161867 4.5000000000000009 687.50000000000011 0.00016963496454991403 1.0000000180025095e-35 0.0085558304563164728 5.5000000000000009 0.55339843034744274 0.09978299587965013 12.500000000000002 0.24493676424026492 2.4849358797073369 785.50000000000011 0.048004684969782836 0.1018350161612034
decision_type=2 2 2 2 2 2 2 2 2 2 2 2 2 2 2 2 2 2 2 2 2 2 2 2 2 2 2 2 2 2
left_child=1 4 10 5 18 9 7 8 12 21 -2 17 15 -10 24 -7 20 -8 -1 28 29 22 -3 -23 25 -15 -24 -16 -5 -11
right_child=2 3 -4 19 -6 6 11 -9 13 16 -12 -13 -14 14 27 -17 -18 -19 -20 -21 -22 23 26 -25 -26 -27 -28 -29 -30 -31
leaf_value=-0.053708329931149934 0.006354791665144 -0.027674771448386256 0.053944047263344834 -0.00025235537113449586 -0.0083881236212749819 -0.023140904172994959 0.00095487028171503403 0.0046310544489948733 -0.056550406148912935 -0.048890424947376297 0.027533626445372401 0.012864145691242605 0.00063974659684144515 -0.028260008820656386 0.013442766982248328 0.014427058808445704 -0.026931480313647047 -0.01741006937456524 -0.028216160796603447 -0.0023495965367110148 -0.005678628484864741 -0.02664236761377525 -0.015638131237730769 -0.0043994974976437609 0.00051458260471098872 0.0043020736449435387 0.031459538541278947 -0.017801571230198623 0.025363647898196957 -0.034540041169650641
leaf_weight=4074.8901600058307 705.51121877133846 2233.3943690296728 9034.6039155786857 169.87023511365987 554.713625935663 1013.2203306625597 1254.0229445688892 550.28178736474365 165.69771516899345 899.67406172884512 972.48082686809357 686.09277584555093 804.60081723157782 2847.1945064693573 185.29510870948434 135.44278121017851 1750.7699034796096 755.00575749156997 251.43017576972488 295.18065649480559 84.374473351112101 353.52864889695775 168.91667188215069 570.26878216897603 144.54677763406653 109.16297087306157 59.162035770015791 201.33916919789044 726.79717636073474 800.60316216701176
leaf_count=2515579 22226 589673 100000 19553 48805 303699 93219 79415 58250 385813 19290 32550 71136 757892 24212 17538 317566 94023 32124 9299 22642 54770 40491 62660 9804 5259 5191 29293 28202 233408
internal_value=5.88528e-10 -0.0237405 0.0484124 -0.0169778 -0.0472447 -0.0193828 -0.012645 -0.0176733 -0.0198625 -0.0280008 0.018629 -0.00115812 -0.01074 -0.0247401 -0.0232287 -0.0187111 -0.0337352 -0.00594679 -0.0522268 0.014849 -0.0404098 -0.0220121 -0.0254275 -0.0129116 -0.0257724 -0.0270577 -0.00342132 -0.00282767 0.0205108 -0.0421333
internal_weight=32558.1 21845.5 10712.6 16964.4 4881.03 15772.6 8851.9 6156.78 5606.5 6920.69 1677.99 2695.12 1953.26 3653.24 3487.54 1148.66 3535.42 2009.03 4326.32 1191.85 1784.65 3385.27 2461.47 923.797 3100.9 2956.36 228.079 386.634 896.667 1700.28
internal_count=6083582 5942066 141516 3345558 2596508 3288504 1576290 1356498 1277083 1712214 41516 219792 392373 884710 826460 321237 959429 187242 2547703 57054 641863 752785 635355 117430 772955 763151 45682 53505 47755 619221
is_linear=0
shrinkage=0.05


Tree=18
num_leaves=31
num_cat=0
split_feature=80 76 67 81 75 94 55 76 96 76 4 3 84 76 22 58 79 42 96 81 71 76 4 15 62 51 65 18 55 97
split_gain=13808.3 1259.47 564.264 536.31 454.285 340.875 175.133 123.763 89.5737 83.2452 82.3185 67.2533 66.5855 66.5811 60.8046 60.792 59.8898 53.8814 51.9991 50.8337 49.5517 43.0447 42.6821 41.108 38.7224 37.6017 35.8945 34.7716 34.1521 32.7371
threshold=0.99903294444084179 0.0026654039975255732 1.0000000180025095e-35 0.064583335071802153 0.51473578810691845 1.0013056993484499 0.126327820122242 0.57781264185905468 1.8935849070549013 0.40149191021919256 2.5000000000000004 0.036038961261510856 1213.5000000000002 0.16375155746936801 1917.5000000000002 0.00016963496454991403 7.6214146614074716 1.5000000000000002 1.1933708190917971 0.12916667014360431 1.0666905045509341 0.11956373229622842 2.5000000000000004 0.36666667461395269 0.073982637375593199 0.72383365035057079 0.02141706366091967 0.0011431944440118971 0.24003454297780993 0.078065276145935072
decision_type=2 2 2 2 2 2 2 2 2 2 2 2 2 2 2 2 2 2 2 2 2 2 2 2 2 2 2 2 2 2
left_child=1 4 11 5 15 10 7 8 17 12 21 -2 16 -10 25 -1 18 24 -8 -13 -15 -3 -5 -6 -7 -12 -9 -14 -23 -24
right_child=2 3 -4 22 23 6 9 26 13 -11 14 19 27 20 -16 -17 -18 -19 -20 -21 -22 28 29 -25 -26 -27 -28 -29 -30 -31
leaf_value=-0.053211943111064891 0.036484190478213142 -0.045613742837383571 0.053231702507343992 0.033557909979050241 -0.012666595329832719 -0.023741364954325588 0.001488163007562496 -0.024977159955442751 -0.034648557792713169 0.0080700186407121448 -0.021510647401565709 -0.0083630445142964804 -0.024556137179605208 -0.027886042739247649 -0.035982938340226235 -0.027348946339681615 0.0042418484512659546 0.0048672346332640486 -0.023140188574655107 0.018200311580420528 -0.011121840867345025 -0.033681159779960203 -0.00027585539702601117 0.021706828007411239 -0.0051614697955806544 0.046940683875988064 -0.00029106318303308049 -0.0011951747678172935 -0.0048549854063177668 0.017460328696422472
leaf_weight=3808.7983521295828 384.64104753499851 846.31617602292681 8646.6394348902395 240.11141509236768 576.8394266460673 799.97182777628768 357.35910622368101 172.61929528601468 1469.0405619483208 943.69060881820042 2970.7504201254342 236.72398381796665 769.31874038651586 969.39109020936303 882.67198266950436 241.62447781430092 1074.0883801777381 355.55537868046667 535.44904340512585 753.02260905690491 808.35867509408854 803.12239127064822 438.48185691516846 102.42458292422816 431.78304790775292 20.198830315843225 1002.0431726286188 200.88031835434958 117.82474699948216 639.78693611954805
leaf_count=2510372 12196 406929 100000 8479 50899 263126 27486 37087 420682 56482 534819 7367 123264 284726 204513 31652 72529 15503 86338 12216 195531 285745 32252 6848 81155 1627 155344 14326 23768 20321
internal_value=2.93134e-10 -0.022524 0.0485014 -0.0161239 -0.0453233 -0.018723 -0.0131285 -0.0184758 -0.0220131 -0.00484913 -0.0285313 0.018742 -0.00900006 -0.026772 -0.0244515 -0.0516691 -0.00371268 -0.0122789 -0.0132823 0.011847 -0.0202632 -0.0374736 0.0144932 -0.00748351 -0.0172283 -0.0210484 -0.00391874 -0.0197192 -0.0299932 0.0102478
internal_weight=31599.5 21578.5 10021 16848.8 4729.69 15530.4 9889.55 6008.76 4834.1 3880.79 5640.88 1374.39 2937.1 3246.79 3873.62 4050.42 1966.9 1587.31 892.808 989.747 1777.75 1767.26 1318.38 679.264 1231.75 2990.95 1174.66 970.199 920.947 1078.27
internal_count=6083582 5951803 131779 3352032 2599771 3290980 1833579 1453154 1260723 380425 1457401 31779 323943 900939 740959 2542024 186353 359784 113824 19583 480257 716442 61052 57747 344281 536446 192431 137590 309513 52573
is_linear=0
shrinkage=0.05


Tree=19
num_leaves=31
num_cat=0
split_feature=80 76 67 81 75 94 55 76 96 22 4 3 58 68 58 76 84 76 76 81 79 89 94 88 83 15 4 76 4 84
split_gain=12752.9 1177.26 559.549 488.82 432.878 313.124 170.601 101.643 120.102 80.712 64.7908 60.7585 59.1684 57.6673 54.4104 51.5668 47.6554 57.9161 46.8126 46.3427 44.6996 43.8711 42.9226 39.7945 39.6159 38.1929 38.1548 45.0956 37.9749 36.784
threshold=0.99903294444084179 0.0026654039975255732 1.0000000180025095e-35 0.064583335071802153 0.51473578810691845 2.6233121156692509 0.14708621054887774 0.46893970668315893 1.8935849070549013 239.50000000000003 4.5000000000000009 0.036038961261510856 0.00024541818129364407 0.092197589576244368 0.28223288059234625 0.081860776990652098 1800.5000000000002 0.7261514961719514 0.16750565916299823 0.15587044507265094 77.797119140625014 62.500000000000007 0.70432153344154369 0.0049196169711649427 0.0085558304563164728 0.36666667461395269 3.5000000000000004 0.7261514961719514 8.5000000000000018 4500.5000000000009
decision_type=2 2 2 2 2 2 2 2 2 2 2 2 2 2 2 2 2 2 2 2 2 2 2 2 2 2 2 2 2 2
left_child=1 4 11 5 12 9 7 8 15 26 24 -2 -1 -10 16 -7 20 -18 29 -13 21 -8 -5 -9 -11 -6 27 -3 -17 -15
right_child=2 3 -4 22 25 6 14 23 13 10 -12 19 -14 18 -16 28 17 -19 -20 -21 -22 -23 -24 -25 -26 -27 -28 -29 -30 -31
leaf_value=-0.05246779544880547 0.034903887052488952 -0.027490939566811524 0.052551998423521963 0.0014098989999154128 -0.012375837876104639 0.0064661143456092559 0.0064319920338765145 -0.056927281812531774 -0.042879506008621587 -0.040509536829720548 -0.024885414048504834 -0.0031181165422518608 -0.024985936889241125 -0.024296846734050886 0.030447261237234204 -0.020338677166957371 -0.01991998445363365 0.018306380913063445 -0.016583439771076208 0.019526450565121325 0.020148633649184518 -0.010009700471118139 0.020480634023037861 -0.0046390507270619216 -0.0049951673826541358 0.021153005669929802 -0.014588660163379659 0.0049974578997681847 0.011695839240268525 -0.042447714602102386
leaf_weight=3623.6032923067396 378.2898526052013 1725.743528969062 8267.7225476391031 453.79296143876854 568.09874087234493 442.75669592933264 788.20003721280955 37.268111354438588 428.40927152498625 1585.4062776048668 1702.6072727973806 354.78800058364868 207.04720791778527 916.525487043662 126.27473103767261 591.5488611550536 626.16178459406365 117.71364518534392 1352.5117090908461 622.13678511336911 264.08998014428653 836.08805539179593 843.42581466259435 1540.3792889732867 82.615595499635674 99.86530125408899 1428.5427729882067 113.85832269873936 109.66271171416156 401.36481243104208
leaf_count=2516092 12196 538767 100000 27612 50899 53102 60277 11042 142094 619223 319035 9696 25932 233161 2250 171307 80714 5243 355219 9887 10241 75634 33440 253190 22642 6848 194655 19992 6483 116709
internal_value=5.92416e-10 -0.0218302 0.0476706 -0.0156535 -0.0445057 -0.018165 -0.0118558 -0.0167098 -0.0207389 -0.0263182 -0.0317468 0.0178906 -0.0509824 -0.0258502 -0.00161381 -0.00689338 -0.00315185 -0.0138709 -0.0231182 0.0113027 0.00107063 -0.00203123 0.0138093 -0.00587423 -0.0387505 -0.00736304 -0.0207194 -0.0254801 -0.0153288 -0.0298247
internal_weight=30636.5 21013.6 9622.94 16514.9 4498.61 15217.7 8578.96 5820.43 4242.78 6638.77 3370.63 1355.21 3830.65 3098.81 2758.53 1143.97 2632.25 743.875 2670.4 976.925 1888.38 1624.29 1297.22 1577.65 1668.02 667.964 3268.14 1839.6 701.212 1317.89
internal_count=6083582 5951803 131779 3352032 2599771 3290980 1576666 1342307 1078075 1714314 960900 31779 2542024 847183 234359 230892 232109 85957 705089 19583 146152 135911 61052 264232 641865 57747 753414 558759 177790 349870
is_linear=0
shrinkage=0.05


Tree=20
num_leaves=31
num_cat=0
split_feature=80 76 67 81 75 94 62 76 79 84 4 4 81 62 84 4 88 79 55 89 58 79 79 35 8 98 16 84 76 97
split_gain=11759.7 1098.33 557.875 449.136 412.406 309.4 159.286 113.375 84.3265 105.664 77.257 74.478 59.0164 53.7451 50.6882 47.3924 46.6734 46.3731 45.4573 44.642 43.9569 43.4589 49.8358 38.783 37.6615 37.4897 36.858 37.5944 37.2361 35.7013
threshold=0.99903294444084179 0.001602274540346116 1.0000000180025095e-35 0.069047622382640853 0.51473578810691845 1.0013056993484499 0.1030595786869526 0.49711674451828008 37.106147766113288 914.50000000000011 4.5000000000000009 3.5000000000000004 0.15192308276891711 0.11521467939019205 1979.5000000000002 4.5000000000000009 0.080114323645830168 8.8536677360534686 0.37519715726375585 38.500000000000007 0.05936423875391484 0.79532036185264599 2.1151895523071294 473.89016723632818 2.5000000000000004 332.77348327636724 0.07637441530823709 89.500000000000014 0.31724999845027929 0.033681472763419158
decision_type=2 2 2 2 2 2 2 2 2 2 2 2 2 2 2 2 2 2 2 2 2 2 2 2 2 2 2 2 2 2
left_child=1 4 12 5 20 11 7 10 9 15 16 21 -2 23 -10 17 18 -8 26 -12 -1 -3 -23 -13 -5 -16 27 -7 -28 -21
right_child=2 3 -4 24 -6 6 8 -9 14 -11 19 13 -14 -15 25 -17 -18 -19 -20 29 -22 22 -24 -25 -26 -27 28 -29 -30 -31
leaf_value=-0.05169128148191824 0.0015858319951941855 -0.024529952764009089 0.051903237104833591 0.025081626504373983 -0.0072306382354002706 -0.01349246672216948 -0.014038599402692607 -0.0053497218191038186 0.015828390728648001 -0.022032759450547806 0.0047841767008735304 -0.019867760148152256 0.024146815861434693 -0.014663101761808271 -0.0091585188846761371 0.010694532232990245 -0.009926373652072714 0.0041702624507974689 0.019684188220916821 -0.058967517493824055 -0.00081003830063431129 -0.05153047889464632 -0.032445968326790843 -0.034528680851867305 0.0069829750712319463 0.023171105503985812 -0.030151774913517781 -0.053109245168078183 -0.014264023575124591 -0.014081723221427939
leaf_weight=3421.5835530458717 425.15184008330107 814.8050593934895 7896.2312110204366 446.08186351181939 635.08487955335295 76.750604126369581 935.22843302646652 1289.0121012486052 617.19085224112496 1117.0284775340697 349.14433772361372 835.80975552636664 910.93231837288477 1370.177985926508 564.60347700340208 489.59873493923806 391.8986577144824 558.4406263276469 48.290974620729685 49.670193630736321 42.980638253968209 513.24117955099791 1025.6999303604243 979.97857510135509 808.23398283007555 106.60135985398665 1842.202009717992 272.48124259663746 461.09756661159918 409.76166383852251
leaf_count=2501281 12876 277714 100000 18101 55770 19723 154658 229578 30633 192725 28226 145214 18903 210584 62598 19721 104089 48064 2760 11304 1642 266707 356295 239361 41601 5265 630644 105622 144134 47789
internal_value=5.53154e-11 -0.0211262 0.0468474 -0.0153311 -0.0442704 -0.0177164 -0.012277 -0.0182058 -0.00526521 -0.00973315 -0.0224535 -0.0271221 0.0169677 -0.022139 0.00548611 -0.00280568 -0.0260512 -0.00723082 -0.028391 -0.0086927 -0.0510601 -0.0338671 -0.0388107 -0.0277802 0.0134195 -0.0040239 -0.0292662 -0.0444027 -0.0269712 -0.0189344
internal_weight=29705 20472.7 9232.32 16373 4099.65 15118.7 9579 5190.31 4388.69 3100.3 3901.3 5539.71 1336.08 3185.97 1288.4 1983.27 3092.72 1493.67 2700.82 808.576 3464.56 2353.75 1538.94 1815.79 1254.32 671.205 2652.53 349.232 2303.3 459.432
internal_count=6083582 5951803 131779 3393110 2558693 3333408 1837533 1323869 513664 415168 1094291 1495875 31779 595159 98496 222443 1006972 202722 902883 87319 2502923 900716 623002 384575 59702 67863 900123 125345 774778 59093
is_linear=0
shrinkage=0.05


Tree=21
num_leaves=31
num_cat=0
split_feature=15 76 6 94 80 97 76 4 24 22 94 76 4 96 22 79 98 93 58 79 58 68 24 32 76 84 89 45 39 55
split_gain=10867.7 1089.89 968.404 266.77 178.159 157.393 109.908 124.194 106.551 79.4126 69.4223 68.003 63.6581 51.4323 47.0783 45.6479 59.2386 46.7319 43.376 43.2216 42.5288 41.2425 43.7966 43.1361 39.662 38.5099 38.2792 37.9667 34.3804 33.6915
threshold=1.0000000180025095e-35 0.00073791161412373196 1.0000000180025095e-35 1.0013056993484499 2.0487224858755339e-14 0.083758890628814711 0.32711657881736761 4.5000000000000009 0.090561598539352431 4441.5000000000009 1.0000000180025095e-35 0.60254564881324779 2.5000000000000004 1.3099638223648074 2107.5000000000005 14.311151981353762 0.37866792082786566 1.5535441637039187 0.014552458655089142 7.4445247650146493 0.073815129697322859 0.052652165293693549 0.091034658253192915 0.0014090277836658063 0.046630460768938072 220.50000000000003 5251.5000000000009 0.98127231001853954 0.0061652373988181361 0.11005990952253343
decision_type=2 2 2 2 2 2 2 2 2 2 2 2 2 2 2 2 2 2 2 2 2 2 2 2 2 2 2 2 2 2
left_child=1 4 -2 8 18 11 7 9 12 15 21 13 24 -5 -14 16 -7 -18 -1 -8 -15 -4 -23 -24 -3 -9 -21 -17 -11 -26
right_child=2 3 10 5 -6 6 19 25 -10 28 -12 -13 14 20 -16 27 17 -19 -20 26 -22 22 23 -25 29 -27 -28 -29 -30 -31
leaf_value=-0.051647952555283254 0.051264386264722198 -0.047992168129335093 0.029613050697384881 -0.012244387860325986 -0.011286190674816038 0.0083648236097440872 -0.0095603517956861124 0.022038512786855067 -0.0022572662305954143 -0.041783633974231085 0.022491089482226501 -0.0055476963746487092 -0.020447870716942193 -0.028804779193143427 -0.034251102307642563 -0.011664872290283158 -0.024455568522212277 0.010388722330069206 -0.0024561309812026876 0.0099646072186954111 -0.0099736293350595733 -0.013708759409824934 0.021172644353892371 -0.0051796104584244723 -0.038072228720494129 -0.00099273522870247473 -0.053547338005971203 0.0096458008510421356 0.0090915869055824133 -0.021088899306061986
leaf_weight=3131.0666386229277 7543.0229134423425 439.74908392125508 148.58614773326553 970.31605982966721 310.91874914476648 187.39384124660864 419.03152642503846 242.83673247962724 478.11368827044498 352.00805656943703 1212.2541148564778 785.69297722890042 2974.0431733985897 1975.0053504226962 779.67538799217436 555.57932845590403 1209.9544004857307 104.53944953903556 45.463657731423154 1323.3052554248134 353.48923262907192 321.75397428974975 336.09963453165255 288.66419294558 646.18514763587154 718.58074674883392 24.157304313033819 335.03730533836642 36.666700557339936 532.80267889803508
leaf_count=2463892 100618 266231 4630 247618 26611 25672 61572 8407 23055 91597 37560 146418 596872 725844 200856 69814 246673 13643 2051 95188 27683 31013 14876 7994 294039 44656 3398 32506 5137 167458
internal_value=-3.24594e-10 -0.0221621 0.0425936 -0.0164612 -0.0474083 -0.0113295 -0.00581502 -0.0106669 -0.0248761 -0.0160221 0.0142479 -0.0187672 -0.026889 -0.0219158 -0.0233149 -0.0126168 -0.0179351 -0.0216845 -0.0509439 0.00446453 -0.025946 0.00512298 0.00127848 0.00899692 -0.0351771 0.00482454 0.00882597 -0.0036481 -0.0369842 -0.0303972
internal_weight=28782 18931.6 9850.38 15444.2 3487.45 9593.59 5509.09 3742.6 5850.57 2781.18 2307.36 4084.5 5372.46 3298.81 3753.72 2392.5 1501.89 1314.49 3176.53 1766.49 2328.49 1095.1 946.518 624.764 1618.74 961.417 1347.46 890.617 388.675 1178.99
internal_count=6083582 5886891 196691 3394337 2492554 1845826 698263 538105 1548511 485042 96073 1147563 1525456 1001145 797728 388308 285988 260316 2465943 160158 753527 58513 53883 22870 727728 53063 98586 102320 96734 461497
is_linear=0
shrinkage=0.05


Tree=22
num_leaves=31
num_cat=0
split_feature=80 76 67 24 75 94 55 76 88 4 8 22 3 76 4 94 58 88 98 96 75 4 94 74 89 4 79 21 55 84
split_gain=10036.3 965.533 531.89 382.655 369.781 272.6 131.883 103.35 86.6291 72.2751 61.0156 57.2738 55.4484 54.8336 58.4745 54.3497 52.6377 45.6874 49.3709 45.3988 42.4677 42.4351 42.3164 39.191 38.6631 38.0342 38.8511 37.7241 37.708 36.3823
threshold=0.99903294444084179 0.001602274540346116 1.0000000180025095e-35 0.047481093555688865 0.51473578810691845 1.0013056993484499 0.16473182290792468 0.77783694863319408 0.080114323645830168 11.500000000000002 2.5000000000000004 1105.5000000000002 0.036038961261510856 0.17810031771659854 3.5000000000000004 0.99981015920639049 0.24493676424026492 0.011564408428967001 0.88132891058921825 76.535903930664077 4.9791603088378915 12.500000000000002 0.99963417649269115 0.06274606287479402 772.50000000000011 3.5000000000000004 0.052509827539324767 0.0046087501104921111 0.022226713597774509 914.50000000000011
decision_type=2 2 2 2 2 2 2 2 2 2 2 2 2 2 2 2 2 2 2 2 2 2 2 2 2 2 2 2 2 2
left_child=1 4 12 5 22 11 7 8 9 16 -5 15 -2 14 -8 25 17 -7 28 29 21 -14 -1 -13 -21 -3 -27 -23 -19 -20
right_child=2 3 -4 10 -6 6 13 -9 -10 -11 -12 23 20 -15 -16 -17 -18 18 19 24 -22 27 -24 -25 -26 26 -28 -29 -30 -31
leaf_value=-0.050800022861454866 0.032703550390238804 -0.02731521256309799 0.050688189835305035 0.027214774046542701 -0.0074168772189058003 -0.040879364565847093 -0.016514056381193274 0.002122669976801475 -0.0031720843181784575 0.0059095046524624004 0.0040292307191306933 -0.038910330529724563 0.012422665961048514 0.0057574416578168143 0.0051852480368215293 -0.050957542910407355 0.0029948068362557912 -0.040121902492645169 -0.017548552804472758 0.014192581882002151 0.037105878168665965 -0.080542161607258356 -0.012890375937944077 -0.017713291144593701 -0.023478047653597695 -0.028083561141755798 -0.012494506167524531 -0.0068633269924557308 -0.0055507350904179138 -0.029002477216657531
leaf_weight=3008.2759389011189 357.09040973405354 1591.0741223555524 7184.7056066587393 400.31080886442214 615.19994150375715 319.6475657611154 885.89346746931551 746.62196708959527 882.99370845174417 252.71249251707923 974.58041498647071 1116.3363158706343 597.39582203631289 1196.1395680231508 477.97579542978201 164.58061572141014 209.2714878495317 89.522438457002863 1007.6181558552198 139.64310285379179 121.88217025832273 18.990319539792836 75.45853334851563 270.99475516064558 132.97272775619058 557.98940377554391 1408.6459003097843 203.98344852915034 663.2547009892296 2222.5363499487867
leaf_count=2494066 12196 602219 100000 12499 55770 112983 132990 114949 172092 16413 50974 383981 11254 80720 22913 77248 10382 45679 259423 21086 1425 907 8857 66270 26716 111529 244193 5997 141959 685892
internal_value=-5.50262e-10 -0.0198283 0.0453642 -0.0144174 -0.0428113 -0.0168339 -0.0117031 -0.0154074 -0.0176182 -0.0201505 0.0107799 -0.0260988 0.0159253 -0.00205646 -0.00890941 -0.0228671 -0.0215269 -0.0226486 -0.0212792 -0.0237759 0.00956673 0.00547524 -0.0498724 -0.0347698 -0.00418187 -0.0215676 -0.0169176 -0.0131384 -0.00966204 -0.0254295
internal_weight=27894.3 19410.3 8484.05 15711.3 3698.93 14336.4 9226.8 6666.79 5920.17 5037.18 1374.89 5109.62 1299.34 2560.01 1363.87 3722.29 4784.47 4575.2 4255.55 3502.77 942.252 820.37 3083.73 1387.33 272.616 3557.71 1966.64 222.974 752.777 3230.15
internal_count=6083582 5951803 131779 3393110 2558693 3329637 1844197 1607574 1492625 1320533 63473 1485440 31779 236623 155903 1035189 1304120 1293738 1180755 993117 19583 18158 2502923 450251 47802 957941 355722 6904 187638 945315
is_linear=0
shrinkage=0.05


Tree=23
num_leaves=31
num_cat=0
split_feature=80 76 67 81 75 94 84 96 79 4 22 94 88 4 79 81 76 96 98 22 89 12 71 76 84 62 99 76 96 79
split_gain=9258.01 898.305 519.513 363.004 355.367 232.688 138.586 170.771 100.992 69.4629 62.569 56.3202 55.9992 54.5617 51.9898 51.396 45.7628 49.8706 44.886 42.6019 41.0416 40.0907 38.4918 37.5138 36.5607 33.2562 37.1664 32.4234 58.5349 32.3929
threshold=0.99903294444084179 0.0026654039975255732 1.0000000180025095e-35 0.095454547554254546 0.85932114720344555 2.0781358480453496 944.50000000000011 76.535903930664077 7.8000073432922372 5.5000000000000009 219.50000000000003 0.70432153344154369 0.036798587068915374 3.5000000000000004 0.052509827539324767 0.18465909361839297 0.49711674451828008 8.3062405586242694 1.484125077724457 8489.5000000000018 116.50000000000001 0.85404235124588024 1.1860937476158144 0.57781264185905468 4126.5000000000009 0.097243100404739394 0.090650141239166274 0.15546440333127978 2.9406740665435795 8.4845237731933612
decision_type=2 2 2 2 2 2 2 2 2 2 2 2 2 2 2 2 2 2 2 2 2 2 2 2 2 2 2 2 2 2
left_child=1 4 15 5 11 9 8 12 13 10 23 -1 -8 22 -11 -2 18 -18 -14 -9 -16 -13 -7 -3 -20 26 -12 28 -10 -27
right_child=2 3 -4 -5 -6 6 7 19 27 14 25 21 16 -15 20 -17 17 -19 24 -21 -22 -23 -24 -25 -26 29 -28 -29 -30 -31
leaf_value=-0.049759524935119787 0.0029751607644920826 -0.023785210791072254 0.050103965405939102 0.0150517010969142 -0.0064130700983628429 -0.020886233145687421 -0.03068031118156081 0.013656130085513668 0.028599636128642855 -0.026175611872323715 -0.042923820369993371 0.0013312522006959475 -0.0021517095840170252 0.002255299511428748 -0.0045977107680047914 0.023485105558296259 -0.029018433466712658 0.002320087032468574 -0.017644364377261867 -0.0098953264371535316 -0.023546831698212509 -0.054014282417812469 -0.003078590486146789 0.00036277411444046644 -0.03183360003848084 -0.034756688355611604 0.053056782021926069 0.012636024117927459 -0.0087921357009614707 -0.014342121410297715
leaf_weight=2928.1920982906013 505.40170497866347 1813.8127286655363 6846.268195506942 1016.0285579620395 607.82892631349387 1035.4680400282377 1011.7440351933474 501.62016293872148 128.6946142045781 843.92456288263202 832.28401426877826 94.656196220428683 288.99376131780446 598.00069114426151 940.21766391710844 772.06316296639852 169.80781903979369 502.96872371342033 1137.4260756223812 311.09881411929382 410.51314439519774 50.006396303884685 429.25346447317861 176.47946308786049 755.53717542876257 570.61033498041797 10.209833377273752 889.7910422750283 560.55767067987472 294.66115894133691
leaf_count=2521331 15355 555558 100000 49350 53475 291718 270916 44819 4346 167705 410184 15747 65171 44325 132700 16424 43642 69112 286185 45788 79418 9218 93190 37750 232521 214129 2067 76691 66665 68082
internal_value=4.1909e-10 -0.0191779 0.0446421 -0.0138205 -0.0413452 -0.0158844 -0.0105007 -0.0161934 -0.00318645 -0.0234865 -0.0276685 -0.048255 -0.0205727 -0.0104715 -0.0164397 0.0153708 -0.0169904 -0.00558971 -0.0205057 0.00464092 -0.0103567 -0.0178004 -0.0156675 -0.021644 -0.0233077 -0.0346896 -0.0417607 0.00633012 -0.00181048 -0.0278047
internal_weight=27034.1 18910.4 8123.73 15229.7 3680.68 14213.7 8320.96 4679.2 3641.77 5892.71 3698.06 3072.85 3866.48 2062.72 2194.66 1277.46 2854.73 672.777 2181.96 812.719 1350.73 144.663 1464.72 1990.29 1892.96 1707.77 842.494 1579.04 689.252 865.271
internal_count=6083582 5951803 131779 3352032 2599771 3302682 1635089 1058154 576935 1667593 1287770 2546296 967547 429233 379823 31779 696631 112754 583877 90607 212118 24965 384908 593308 518706 694462 412251 147702 71011 282211
is_linear=0
shrinkage=0.05


Tree=24
num_leaves=31
num_cat=0
split_feature=80 96 67 75 24 94 62 76 79 84 8 98 4 76 22 3 76 22 16 73 22 75 81 54 42 85 73 4 76 4
split_gain=8529.83 840.679 511.21 359.863 331.335 250.792 115.271 73.8053 64.8907 75.3442 61.4744 58.505 54.4146 50.7571 49.3055 48.6054 43.4977 43.3288 50.6357 41.2719 39.1675 38.7214 35.8132 34.5609 34.4218 37.7686 33.5905 33.2483 33.2158 32.85
threshold=0.99903294444084179 0.0055618609767407188 1.0000000180025095e-35 0.85932114720344555 0.047481093555688865 1.0013056993484499 0.1018350161612034 0.49711674451828008 37.106147766113288 339.50000000000006 2.5000000000000004 1.0665547847747805 2.5000000000000004 0.080559160560369505 1917.5000000000002 0.036038961261510856 0.046630460768938072 191.50000000000003 0.090369883924722685 519.50000000000011 4265.5000000000009 4.9791603088378915 0.064583335071802153 0.40833182632923132 4.5000000000000009 0.99952691793441784 161.50000000000003 10.500000000000002 0.80887517333030712 2.5000000000000004
decision_type=2 2 2 2 2 2 2 2 2 2 2 2 2 2 2 2 2 2 2 2 2 2 2 2 2 2 2 2 2 2
left_child=1 3 15 -1 5 12 7 11 9 29 -6 13 16 -7 23 -2 -3 -13 -19 -10 -11 27 -5 -14 -12 -26 -18 -17 -21 -8
right_child=2 4 -4 22 10 6 8 -9 19 20 24 17 14 -15 -16 21 26 18 -20 28 -22 -23 -24 -25 25 -27 -28 -29 -30 -31
leaf_value=-0.049966510030152712 0.030773149841761351 -0.046843691688149232 0.049552274870295329 -0.026064225065562576 0.026959102172203233 0.0046211983483886382 -0.0059528940958262925 -0.0055638301469768748 0.014488767617579871 -0.012584357476513507 0.0071930377328503978 -0.008201326547620659 -0.02282086278781699 -0.018959361468972022 -0.033037077779013616 0.0121164711240814 -0.021953209569821702 -0.046034423482047428 -0.023401610146996626 -0.0092889467550126455 -0.036021023037899912 0.035516548460709403 0.0017950110217241641 -0.011235766303334829 -0.035236395449797606 0.02417595573854953 -0.041298783266458777 -0.0094247389791536074 0.020095116810137127 0.011483308353929546
leaf_weight=2582.5831194329949 343.97307876008563 409.92090992693556 6517.4590483590437 160.67328806710429 384.42095618322492 393.90874777175486 643.18305321549997 1216.8842120757326 580.05288388370536 1614.2080748295411 816.86563149571884 392.15479356842116 1714.6665297491709 542.49607569049112 736.94295369822066 525.76698803284671 755.35024826577865 281.83782007638365 2006.5660185499582 525.06455487024505 200.40004701749422 117.5496201547794 409.01248516316991 1030.7517420598306 102.57250781531911 36.186597592895851 319.20939391478896 271.69930255971849 117.74091463536024 465.73149570357054
leaf_count=2451280 12196 269818 100000 16818 12555 53759 102668 230826 29156 244382 42738 91643 383324 176572 215396 9843 286182 119827 656374 63392 50589 1425 34175 206751 7496 847 173566 8315 7106 24563
internal_value=1.6653e-10 -0.0185215 0.0439178 -0.042032 -0.0136735 -0.0159552 -0.0109689 -0.0162154 -0.00485244 -0.00889784 0.0100742 -0.019799 -0.0249707 -0.00903995 -0.0215537 0.0147498 -0.0329863 -0.0235575 -0.026189 0.00481901 -0.0151726 0.0087263 -0.00606236 -0.0184713 0.00328194 -0.0197424 -0.0277 0.00477731 -0.00390675 0.00137011
internal_weight=26215.8 18439.4 7776.45 3152.27 15287.1 13947.1 8980.23 4833.85 4146.38 2923.52 1340.05 3616.96 4966.84 936.405 3482.36 1258.99 1484.48 2680.56 2288.4 1222.86 1814.61 915.016 569.686 2745.42 955.625 138.759 1074.56 797.466 642.805 1108.91
internal_count=6083582 5951803 131779 2502273 3449530 3385894 1850857 1329001 521856 422202 63636 1098175 1535037 230331 805471 31779 729566 867844 776201 99654 294971 19583 50993 590075 51081 8343 459748 18158 70498 127231
is_linear=0
shrinkage=0.05


Tree=25
num_leaves=31
num_cat=0
split_feature=67 81 96 94 55 81 76 4 4 88 76 22 80 22 96 79 38 62 98 89 89 93 46 98 42 4 79 79 1 84
split_gain=7875.04 932.254 927.792 222.729 117.462 78.0077 67.2681 69.2737 65.7599 64.9056 53.8544 53.4298 47.355 45.9069 45.824 43.043 41.183 40.6364 39.6168 49.5863 39.0253 37.8926 35.1451 33.3996 31.4548 30.7947 28.8887 32.9576 28.4624 28.1187
threshold=1.0000000180025095e-35 0.064583335071802153 0.0055618609767407188 1.0013056993484499 0.11033478006720544 0.2264957278966904 0.40149191021919256 9.5000000000000018 4.5000000000000009 0.02050668187439442 0.88344147801399242 1105.5000000000002 2.0487224858755339e-14 342.50000000000006 0.1993866562843323 7.4445247650146493 0.99902945756912243 0.11087507009506227 55.032510757446296 772.50000000000011 24.500000000000004 1.5535441637039187 1.1786030530929568 0.59795948863029491 1.5000000000000002 11.500000000000002 0.099823448807001128 0.79532036185264599 0.40108695626258856 18721.500000000004
decision_type=2 2 2 2 2 2 2 2 2 2 2 2 2 2 2 2 2 2 2 2 2 2 2 2 2 2 2 2 2 2
left_child=1 2 12 8 9 16 7 11 13 25 14 15 -1 29 -11 21 -3 26 22 -20 -17 23 24 -6 -16 -5 -10 -28 -26 -4
right_child=-2 5 3 4 6 -7 -8 -9 17 10 -12 -13 -14 -15 18 20 -18 -19 19 -21 -22 -23 -24 -25 28 -27 27 -29 -30 -31
leaf_value=-0.049673814279649564 0.048992486363464816 -0.0021738441159015096 -0.024557376435862487 -0.038477053211046802 0.0010933454846254543 0.02040198402568898 0.0066506650559107761 0.013071463190637681 -0.032342165304610447 0.0032662131176992397 0.0036204880306964548 -0.021260882599295372 -0.023257140461185283 -0.037682783977243679 -0.024262700767629333 0.024375476321148302 0.015635076607449151 -0.010929071471194001 0.013814845155310881 -0.025326009929899952 -0.0032267312952396761 0.020666230690904938 -0.0094022156101696772 -0.023213169254676064 0.0069664708413899011 0.017678907891766259 0.00041379606604935318 -0.023380796487233856 -0.020077722527183865 0.043356458129576857
leaf_weight=2403.090793791489 6200.9192009521357 1023.5016698675463 1524.3707746404107 382.04208704433404 184.29232697596308 1246.7030003123218 1049.2083007220645 346.85875227756333 565.14826674293727 291.5211647390388 392.93244318896905 828.2949830776779 182.53462727414444 989.14494406303857 2126.2562314840034 148.63874968676828 475.41328715579584 1148.8153084841324 211.40788785915356 131.09407464403193 924.7341584492242 70.673350886907429 733.02340662793722 606.25961911515333 164.58394855656661 26.079705807613209 193.21093076723628 589.63697100779973 237.93938015936874 15.395105415489523
leaf_count=2446928 100000 59123 556050 152320 21577 49817 76830 11743 137409 59798 68448 164996 19082 481774 790569 11330 17940 194924 34597 27058 81672 6971 189605 117668 8794 1536 31169 144680 18659 515
internal_value=-1.75002e-10 -0.0158123 -0.0203096 -0.0151875 -0.0104163 0.0111608 -0.00429682 -0.00799042 -0.0235947 -0.015835 -0.0140218 -0.0106346 -0.0478089 -0.0292777 -0.0158012 -0.00608493 0.00347464 -0.0178387 -0.0173434 -0.00116648 0.000595573 -0.014411 -0.0190421 -0.0175469 -0.0218364 -0.0348886 -0.0237273 -0.0175082 -0.00901988 -0.0238784
internal_weight=25413.7 19212.8 16467.2 13881.6 8855.84 2745.62 4158.96 3109.75 5025.72 4696.88 4288.76 2762.89 2585.63 2528.91 3895.83 1934.6 1498.91 2496.81 3604.3 342.502 1073.37 861.225 3261.8 790.552 2528.78 408.122 1348 782.848 402.523 1539.77
internal_count=6083582 5983582 5856702 3390692 1844171 126880 492787 415957 1546521 1351384 1197528 404214 2466010 1038339 1129080 239218 77063 508182 1069282 61655 93002 146216 1007627 139245 818022 153856 313258 175849 27453 556565
is_linear=0
shrinkage=0.05


Tree=26
num_leaves=31
num_cat=0
split_feature=67 81 96 94 97 94 76 4 4 22 76 80 42 96 79 68 83 24 97 35 79 73 25 79 98 45 32 84 52 76
split_gain=7280.58 853.782 875.444 206.649 107.695 72.2566 69.0261 86.5033 63.1563 56.318 52.9447 45.8613 43.4805 42.4709 58.7516 39.9141 39.0908 38.236 38.0139 37.5212 34.8574 33.8423 36.6688 32.267 47.6 33.4277 31.686 31.4886 30.4775 31.3443
threshold=1.0000000180025095e-35 0.064583335071802153 0.0055618609767407188 1.0013056993484499 0.086615979671478285 1.0000000180025095e-35 0.27374035120010382 4.5000000000000009 8.5000000000000018 4441.5000000000009 0.60254564881324779 2.0487224858755339e-14 1.5000000000000002 0.1993866562843323 2.1428099870681767 0.052652165293693549 0.0063433330506086358 0.063795328140258803 0.086815714836120619 300.95153808593756 8.4845237731933612 305.50000000000006 0.016406901180744175 15.04914712905884 0.37866792082786566 0.9753209948539735 1.0000000180025095e-35 118.50000000000001 0.10191773995757104 0.57781264185905468
decision_type=2 2 2 2 2 2 2 2 2 2 2 2 2 2 2 2 2 2 2 2 2 2 2 2 2 2 2 2 2 2
left_child=1 2 11 8 10 15 7 9 13 23 12 -1 16 -4 -15 -3 -5 -17 -10 -16 -8 -22 -23 24 -6 -25 -19 -26 -21 -30
right_child=-2 5 3 4 6 -7 20 -9 18 -11 -12 -13 -14 14 19 17 -18 26 -20 28 21 22 -24 25 27 -27 -28 -29 29 -31
leaf_value=-0.049160318990258835 0.048456531253556701 0.025917704394136588 -0.01774905599105539 -0.023884968320393163 0.0091671189401145471 0.019491070471278134 -0.0087423594690116575 0.0042947834201477143 -0.024132212018652403 -0.035365203776996743 -0.0043270359067610958 -0.022907492956055334 -0.0060663116102274177 -0.039348794454276047 0.01145275109762621 -0.01746722757623943 -0.0020172818474977843 0.013174640940186395 -0.006318255346834699 -0.033613735201532567 0.017248961844949364 -0.026619991276438201 0.0047203007735347139 -0.0120487026521824 -0.003103631496618776 0.0099915537055477541 -0.0044106629934847477 -0.024310576536087383 -0.02167963809832248 0.019595263083944485
leaf_weight=2256.6850279103674 5896.9769473990018 169.30460093705915 1053.6549366957042 2318.4947531700018 158.11141316522844 1260.9347999633756 494.26318308862392 812.94089930190239 489.53413336258382 288.149724403047 735.49837860930711 179.5934145640349 518.17932816303801 975.14678142173216 72.060076616238803 249.68074743030593 224.12128364504315 510.6559266326949 771.36205256497487 658.22897346643731 489.7385006735567 107.15292189898901 723.59193169954233 429.9664445524686 217.70513447932899 286.77418630640022 513.98626474034972 893.16312581219245 840.98919244983699 48.6579125613207
leaf_count=2446928 100000 6184 353513 926914 21819 43881 78938 46347 115977 84780 148497 19082 33141 432616 12977 31112 67330 29276 125386 277208 25599 14645 68126 58694 36984 28687 16427 203670 220310 8534
internal_value=9.92784e-10 -0.0152412 -0.019622 -0.01468 -0.0100507 0.0107464 -0.00515433 -0.00970382 -0.0228812 -0.0147085 -0.0163726 -0.0472251 -0.0192671 -0.0262149 -0.0296522 0.00310845 -0.0219574 7.80476e-05 -0.0132344 -0.0238152 0.00258417 0.00682375 0.0006779 -0.011711 -0.0165011 -0.0032302 0.00435341 -0.0201545 -0.0254571 -0.0194222
internal_weight=24645.3 18748.3 16043.8 13607.5 8697.85 2704.56 4901.56 3086.81 4909.63 2273.87 3796.29 2436.28 3060.8 3648.74 2595.08 1443.63 2542.62 1274.32 1260.9 1619.94 1814.75 1320.48 830.745 1985.72 1268.98 716.741 1024.64 1110.87 1547.88 889.647
internal_count=6083582 5983582 5856702 3390692 1844171 126880 668289 480981 1546521 434634 1175882 2466010 1027385 1305158 951645 82999 994244 76815 241363 519029 187308 108370 82771 349854 262473 87381 45703 240654 506052 228844
is_linear=0
shrinkage=0.05


Tree=27
num_leaves=31
num_cat=0
split_feature=67 81 96 94 22 96 79 81 4 84 4 80 99 98 83 22 84 88 76 20 55 58 83 65 58 76 93 76 43 58
split_gain=6722.17 774.907 823.134 193.653 118.477 124.14 79.174 69.9261 66.0322 59.4602 57.9658 47.2133 45.9908 36.588 37.5744 36.0777 34.7359 41.9048 33.446 38.2005 30.4941 29.811 31.8273 29.7432 29.699 32.1914 33.647 28.3362 29.5205 28.9256
threshold=1.0000000180025095e-35 0.064583335071802153 0.0055618609767407188 2.6233121156692509 943.50000000000011 76.535903930664077 11.541090011596681 0.2264957278966904 8.5000000000000018 354.50000000000006 4.5000000000000009 2.0487224858755339e-14 0.0090406201779842394 128.61811065673831 0.0085558304563164728 9043.0000000000018 179.50000000000003 0.014599779155105354 0.23368854075670245 0.03356986120343209 0.022226713597774509 0.24493676424026492 0.0076204994693398484 0.017375920899212364 0.0021956098498776559 0.60254564881324779 1.5535441637039187 0.84793198108673107 136.50000000000003 0.0023031122982501988
decision_type=2 2 2 2 2 2 2 2 2 2 2 2 2 2 2 2 2 2 2 2 2 2 2 2 2 2 2 2 2 2
left_child=1 2 11 9 6 12 8 18 16 24 13 -1 -6 14 -11 -7 -5 -18 19 -3 -19 22 27 -12 25 26 -4 28 29 -14
right_child=-2 7 3 4 5 15 -8 -9 -10 10 23 -13 21 -15 -16 -17 17 20 -20 -21 -22 -23 -24 -25 -26 -27 -28 -29 -30 -31
leaf_value=-0.048642511851322748 0.047911356015273 -0.02431170420095936 -0.023801203007210465 -0.0014286614529241814 -0.03703007814607466 0.013639731122818572 0.0065206399367800294 0.019188833625518837 0.014014923621288847 -0.036969409713293357 -0.037867346890680949 -0.021682655674855188 -0.023132864111730669 0.018581316702102297 0.0022741400578981711 -0.0099317550415629636 -0.049186943683799493 -0.045244728527489342 0.014972653822549614 0.0022149966607674892 -0.011696442685049583 0.0076443516702911912 0.010999541787692737 -0.016880238295372805 -0.0097324074264343099 0.0026069675692252953 0.0068503109469456244 -0.0024897164733274336 -0.030895160305498173 -0.0094235743129955779
leaf_weight=2120.0309411972266 5604.2871050981048 160.12710067175794 1547.9222910843673 626.51049852534197 339.4287323767785 399.80896652280353 1439.9654018876608 1201.1043479713844 292.23326950799674 1241.5845957930433 193.00194936385378 175.86509609525092 1002.7646503110882 32.605530320201069 64.146549001103267 273.29851853754371 86.672869044821709 71.308370861806907 412.54576318711042 890.39589015231468 1351.8112663625507 113.0298116968479 87.65851697511971 1347.3610126334243 1147.5496416544775 144.24953081971034 95.029541617957875 218.62382788257673 594.07504118746147 624.31026597646996
leaf_count=2446928 100000 12695 635320 122509 115048 43416 132881 49817 12365 626359 46593 19082 406230 3862 20559 43184 34201 52884 17330 47038 309859 5176 15881 300862 111070 35584 27827 37788 197504 53730
internal_value=8.71607e-10 -0.0146766 -0.0189249 -0.014164 -0.00886673 -0.0153245 -0.00276873 0.0102486 -0.00827673 -0.0210176 -0.0261233 -0.0465774 -0.0197052 -0.0337351 -0.0350415 0.00406912 -0.0113261 -0.0154332 0.00290907 -0.00182836 -0.0133774 -0.0174781 -0.0186016 -0.0195098 -0.0160095 -0.0200399 -0.0220283 -0.0196651 -0.0213556 -0.0178726
internal_weight=23899.3 18295 15630.8 13335 7521.5 3653 3868.5 2664.17 2428.54 5813.45 2878.7 2295.9 2979.89 1338.34 1305.73 673.107 2136.3 1509.79 1463.07 1050.52 1423.12 2640.46 2527.43 1540.36 2934.75 1787.2 1642.95 2439.77 2221.15 1627.07
internal_count=6083582 5983582 5856702 3390692 1582656 917957 664699 126880 531818 1808036 998235 2466010 831357 650780 646918 86600 519453 396944 77063 59733 362743 716309 711133 347455 809801 698731 663147 695252 657464 459960
is_linear=0
shrinkage=0.05


Tree=28
num_leaves=31
num_cat=0
split_feature=67 81 96 94 55 76 84 81 4 4 80 54 79 93 76 79 89 79 2 38 81 25 4 88 55 96 24 25 62 58
split_gain=6208.72 701.538 776.214 183.666 99.2329 80.0925 93.9763 65.378 59.3735 53.8504 45.4074 39.9777 39.5164 40.3217 38.4053 34.3688 36.4432 33.2496 33.9024 31.5694 28.0557 27.4034 27.2063 27.1053 26.9845 26.6526 26.1738 26.0802 26.0533 24.7775
threshold=1.0000000180025095e-35 0.064583335071802153 0.0055618609767407188 1.0013056993484499 0.053737703710794456 0.45163711905479437 1343.5000000000002 0.2264957278966904 2.5000000000000004 3.5000000000000004 2.0487224858755339e-14 0.40715806186199194 18.620139122009281 1.5535441637039187 0.04020300135016442 8.6605701446533221 52.500000000000007 120.35140609741212 11.500000000000002 0.99902945756912243 0.26969698071479803 0.047646073624491699 22.500000000000004 0.029107738286256794 0.11005990952253343 0.29892905056476599 0.12992049753665927 0.029139506630599502 0.13791231065988543 0.26426738500595098
decision_type=2 2 2 2 2 2 2 2 2 2 2 2 2 2 2 2 2 2 2 2 2 2 2 2 2 2 2 2 2 2
left_child=1 2 10 8 -5 6 9 19 14 12 -1 22 13 25 -4 16 -7 18 27 -3 -2 -17 -10 -14 -16 -6 -21 -8 -13 -26
right_child=20 7 3 4 5 15 17 -9 11 -11 -12 28 23 -15 24 21 -18 -19 -20 26 -22 -23 -24 -25 29 -27 -28 -29 -30 -31
leaf_value=-0.048111839585928844 0.041071265699685194 -0.0024173036013746753 -0.045838589280988197 -0.020209337193067316 0.0025108455414541257 0.00093283244929827413 -0.030485898270756224 0.018485374364230499 -0.023827978298910531 0.0052925035580941651 -0.021389119688725932 -0.016924556166645777 -0.024780070011673039 0.01472556643592815 -0.033583912404653575 0.0028606005308994546 -0.030288239339498785 -0.0019882684125279689 -0.0024033635553563533 0.0010570183333394093 0.049475834336826743 0.019931496626900122 -0.0032711639288160108 0.0099457660504125717 -0.019185690573905522 -0.017460227210594838 0.024914732876563209 -0.017361567205995559 -0.0021372657383356814 0.043807022422098468
leaf_weight=1989.5920145449927 1320.3351432455238 986.66068423329853 315.23904056660831 1647.1233532906044 192.56410178099759 285.45952562754974 676.18279418395832 1179.9507627201965 1994.6594056463218 1021.531247015344 172.77058062748984 730.63185134564992 66.412258229684085 125.48217002814636 520.56357428256888 926.57005218137056 138.97022960265167 282.06581993028522 226.1451549732592 221.53314450569451 4004.6703929169307 315.01393833756447 175.08014326705597 365.21734683518298 445.31246110325446 1261.4477409670362 238.96937158284709 859.89980077231303 502.89241612708429 16.177581498166546
leaf_count=2446928 19066 59123 248009 689040 38959 41505 218871 49817 518042 62307 19082 186315 9090 16967 303252 90189 30338 31744 19215 13844 80934 24510 27498 32772 177117 306947 4096 231717 85289 999
internal_value=3.54713e-10 -0.0141141 -0.0182244 -0.0136402 -0.0092072 -0.00651968 -0.00964129 0.00975017 -0.0215527 -0.0040561 -0.0459767 -0.0180832 -0.00880463 -0.0124685 -0.0306543 0.00299299 -0.00928982 -0.0179268 -0.0204779 0.00262788 0.0473919 0.00719182 -0.0221692 0.00460271 -0.0257802 -0.0148153 0.0134375 -0.0231389 -0.010896 -0.0169775
internal_weight=23205.1 17880.1 15253 13090.6 8390.09 6742.96 5076.95 2627.11 4700.56 3032.65 2162.36 3403.26 2011.12 1579.49 1297.29 1666.01 424.43 2044.29 1762.23 1447.16 5325.01 1241.58 2169.74 431.63 982.054 1454.01 460.503 1536.08 1233.52 461.49
internal_count=6083582 5983582 5856702 3390692 1844171 1155131 968589 126880 1546521 467042 2466010 817144 404735 362873 729377 186542 71843 501547 469803 77063 100000 114699 545540 41862 481368 345906 17940 450588 271604 178116
is_linear=0
shrinkage=0.05


Tree=29
num_leaves=31
num_cat=0
split_feature=67 81 96 94 84 96 79 81 84 4 65 4 80 58 22 83 98 97 96 76 4 76 38 33 4 76 81 17 24 45
split_gain=5727.25 638.89 728.386 170.353 103.136 120.338 62.6656 60.1954 53.1667 51.9072 46.5542 45.5976 44.3305 42.3446 34.8282 34.4784 34.855 34.1151 30.7594 42.1308 30.6943 31.835 30.1976 29.4506 28.3083 36.8601 28.2895 27.6727 27.6034 26.9931
threshold=1.0000000180025095e-35 0.064583335071802153 0.0055618609767407188 2.6233121156692509 944.50000000000011 76.535903930664077 7.4445247650146493 0.2264957278966904 354.50000000000006 4.5000000000000009 0.0081013902090489882 2.5000000000000004 2.0487224858755339e-14 0.1952016279101372 9043.0000000000018 0.0085558304563164728 86.063041687011733 0.013400854077190162 2.1715521812438969 0.15732048451900485 12.500000000000002 0.84793198108673107 0.99902945756912243 0.0051796759944409141 5.5000000000000009 0.010936356149613859 0.26969698071479803 23.500000000000004 0.26857100427150732 0.7282664179801942
decision_type=2 2 2 2 2 2 2 2 2 2 2 2 2 2 2 2 2 2 2 2 2 2 2 2 2 2 2 2 2 2
left_child=1 2 12 8 6 10 11 22 24 15 -6 -5 -1 17 -7 16 -10 -12 -8 23 21 -19 -3 27 -4 -26 -2 -20 -11 -16
right_child=26 7 3 4 5 14 18 -9 9 28 13 -13 -14 -15 29 -17 -18 20 19 -21 -22 -23 -24 -25 25 -27 -28 -29 -30 -31
leaf_value=-0.047573010925865869 0.040406906981029389 -0.0024674674292324496 -0.018306024242890625 -0.014891026443805766 -0.047519981187174737 0.012754348420397361 0.028522805728233548 0.01780915560003124 -0.035736384453528364 -0.019591848906855752 -0.05709470390444317 0.0019362124575574642 -0.020872628026034012 0.0061021022404024825 -0.041414626922098907 0.0035914065309621416 0.011240274978216142 -0.01996305553585262 -0.035779285007371778 0.011312993698615846 0.0029296966765186344 -0.0012684297994324531 0.013129836178630699 0.00036548651980361128 -0.023287971275726464 -0.0009338089017256199 0.049024845008216508 0.017189526571503633 0.020201736852349023 -0.0017470819100111929
leaf_weight=1866.1100694711058 1272.4358095126227 977.63284305151319 1935.2212018568825 983.77299344260246 123.51677075540647 483.84642525389791 138.64957248442806 1159.3296588553349 1147.4062837199308 1449.6947091460461 54.001979033229873 681.44939816137776 169.58299279795028 198.96979245799594 53.781190091860481 63.868054760154337 40.893033715663478 2543.421892376733 123.36775558697991 786.76306826632936 181.50534280599095 250.11948269652203 454.63451337930746 419.08723271265626 261.4405855567893 625.85915751359425 3784.5377366700413 30.817103045061231 44.929579812451266 211.71268852998037
leaf_count=2446928 19066 59123 664108 322725 58127 47320 4886 49817 623548 345560 67020 64751 19082 10210 13118 20577 6655 762728 35627 76851 11850 40748 17940 33418 63804 81889 80934 3211 1895 30066
internal_value=5.91682e-10 -0.01357 -0.0175628 -0.0131555 -0.00811179 -0.0133446 -0.00132929 0.00933929 -0.0197347 -0.0246869 -0.0173946 -0.00800491 -0.0453487 -0.0162419 0.00476945 -0.0321963 -0.0341198 -0.0177096 0.00608815 0.00380103 -0.0169947 -0.0182892 0.00248347 -0.00650844 -0.0149154 -0.00752041 0.0468564 -0.0251923 -0.0183956 -0.00978255
internal_weight=22518.4 17461.4 14869.8 12834.1 7264.78 4100.88 3163.91 2591.6 5569.31 2746.79 3351.54 1665.22 2035.69 3228.02 749.34 1252.17 1188.3 3029.05 1498.68 1360.04 2975.05 2793.54 1432.27 573.272 2822.52 887.3 5056.97 154.185 1494.62 265.494
internal_count=6083582 5983582 5856702 3390692 1582656 1041187 541469 126880 1808036 998235 950683 387476 2466010 892556 90504 650780 630203 882346 153993 149107 815326 803476 77063 72256 809801 145693 100000 38838 347455 43184
is_linear=0
shrinkage=0.05


Tree=30
num_leaves=31
num_cat=0
split_feature=67 81 96 94 55 94 4 88 76 84 80 4 76 98 62 84 24 76 68 46 55 79 93 89 81 98 24 41 22 94
split_gain=5280.63 586.479 680.596 161.306 89.7703 57.1722 53.4793 51.9139 51.282 51.7396 44.8555 41.7965 41.0895 51.8468 38.4347 37.4501 38.2684 35.7883 33.6765 30.6094 29.7477 28.8459 34.51 32.1711 28.377 28.1277 28.0545 27.553 27.2413 26.176
threshold=1.0000000180025095e-35 0.064583335071802153 0.0055618609767407188 1.0013056993484499 0.11033478006720544 0.40532496571540838 2.5000000000000004 0.015954314731061462 0.41433267295360571 1800.5000000000002 2.0487224858755339e-14 10.500000000000002 0.57781264185905468 1.8916153311729433 0.1142362840473652 199.50000000000003 0.060246186330914504 0.04020300135016442 0.33867438137531286 1.0121610760688784 0.022226713597774509 7.4445247650146493 1.5535441637039187 24.500000000000004 0.26969698071479803 1.201174318790436 0.12826532125473025 0.86715686321258556 1324.5000000000002 8.3636631965637225
decision_type=2 2 2 2 2 2 2 2 2 2 2 2 2 2 2 2 2 2 2 2 2 2 2 2 2 2 2 2 2 2
left_child=1 2 10 6 7 15 17 -5 9 11 -1 21 13 20 28 -3 -17 -4 -15 -18 -9 22 25 -23 -2 -6 -7 -28 -8 -22
right_child=24 5 3 4 8 26 14 12 -10 -11 -12 -13 -14 18 -16 16 19 -19 -20 -21 29 23 -24 -25 -26 -27 27 -29 -30 -31
leaf_value=-0.0470234840360019 0.039762654383409743 0.011426353897488441 -0.044700840241179006 -0.034488654064574985 -0.0026868446388273477 0.0085475946022416423 -0.017963647678412752 -0.028395357101542965 0.0072055004950489776 -0.017392062530421255 -0.019807200369563002 0.017163207254689103 -0.0021892521499096381 -0.020546131955226223 -0.010951100466296167 -0.032141447562640195 -0.014912803493144364 -0.024476660264354203 0.014669409474196527 0.0075753249366448437 -0.0082440574516609421 0.022588723676759088 0.021121244806114898 -0.0027536607573341166 0.048578548249955222 -0.02248627711715645 0.01288518514350211 0.033462120528600647 -0.031495277383221186 0.0097090070565584649
leaf_weight=1751.0094415386557 1225.7215147381648 603.84685994923348 286.73921745864209 274.9523354510311 291.10283707454801 529.21111769997515 1304.9111151873949 129.2083321751561 941.25183947291225 764.17565392062534 165.71806601702701 245.77837111707777 838.3396905582631 1979.9035934585845 1467.0253440912347 112.62283062085044 237.53469317778945 922.48063232758432 70.299231846351177 416.88649262115359 675.7594945357414 145.03452917118557 72.937285706866533 917.13052119803615 3575.397041801305 467.37399215984624 300.48658804409206 354.74679669900797 520.2095742658712 290.23391063325107
leaf_count=2446928 19066 32590 248009 124593 35843 31558 334550 75220 73398 157877 19082 6085 167325 739893 293298 18730 12307 481368 16252 19413 172585 11447 7381 90298 80934 110458 5000 7282 189296 55516
internal_value=1.18971e-10 -0.0130249 -0.0169119 -0.0126908 -0.00847521 0.00906399 -0.0202799 -0.0134755 -0.00293657 -0.00622438 -0.0446704 -0.0022353 -0.0120252 -0.0146468 -0.016977 0.00211224 -0.00522019 -0.0292724 -0.0193386 -0.000587172 -0.00586379 -0.00475314 -0.0117284 0.000706744 0.0463279 -0.0148873 0.01711 0.0240256 -0.0218205 -0.00285004
internal_weight=21878 17076.9 14521.6 12604.8 8103.48 2555.34 4501.37 4258.7 3844.79 2903.53 1916.73 2139.36 3983.74 3145.4 3292.15 1370.89 767.044 1209.22 2050.2 654.421 1095.2 1893.58 831.414 1062.17 4801.12 758.477 1184.44 655.233 1825.12 965.993
internal_count=6083582 5983582 5856702 3390692 1844171 126880 1546521 1351384 492787 419389 2466010 261512 1226791 1059466 817144 83040 50450 729377 756145 31720 303321 255427 153682 101745 100000 146301 43840 12282 523846 228101
is_linear=0
shrinkage=0.05


Tree=31
num_leaves=31
num_cat=0
split_feature=67 81 96 94 55 76 4 22 81 4 80 46 96 79 79 79 96 96 79 84 54 55 76 96 84 84 81 3 24 73
split_gain=4863.67 539.541 636.747 152.509 85.3401 62.9792 86.2398 57.3105 56.5327 50.4895 44.1281 42.7086 40.5851 51.9719 38.3748 37.9627 38.5203 36.3694 33.3016 40.3019 31.1478 29.6195 32.7951 29.5412 49.7666 29.8596 28.8551 27.8413 38.8559 28.4102
threshold=1.0000000180025095e-35 0.064583335071802153 0.0055618609767407188 1.0013056993484499 0.053737703710794456 0.32711657881736761 10.500000000000002 3836.5000000000005 0.2264957278966904 8.5000000000000018 2.0487224858755339e-14 1.3309856653213503 0.1993866562843323 2.1187226772308354 0.067811232060194029 95.640045166015639 0.6218543052673341 0.86417171359062206 7.4445247650146493 400.50000000000006 0.45029060542583471 0.20005653053522113 0.57781264185905468 14.539165496826174 880.50000000000011 2465.5000000000005 0.26969698071479803 0.10072463750839235 0.11113364994525911 39.500000000000007
decision_type=2 2 2 2 2 2 2 2 2 2 2 2 2 2 2 2 2 2 2 2 2 2 2 2 2 2 2 2 2 2
left_child=1 2 10 9 -5 6 7 11 27 12 -1 15 -4 -14 -11 16 -6 -9 -18 -20 21 -15 -23 24 -7 -25 -2 28 -3 -29
right_child=26 8 3 4 5 23 -8 17 -10 14 -12 -13 13 20 -16 -17 18 -19 19 -21 -22 22 -24 25 -26 -27 -28 29 -30 -31
leaf_value=-0.04647177516433193 0.03905259013879931 -0.0032684643247978973 -0.014231148144872863 -0.018630315622136906 0.002113525439292733 0.0034686689594515211 0.012682260214125239 0.024197793459178295 0.017273201153074066 -0.019557559361795106 -0.019177226799251164 0.0059721590474238924 -0.036652906612461046 -0.029824120428010692 -0.0016311964313313724 0.01075680276404823 -0.022195570006350182 -0.028580489479940699 0.0042244062030282531 -0.015399918784756821 -0.0077057540961533513 -0.016146346336774066 0.046621593497815778 0.017864544615537787 -0.019487987262326104 0.00093910224711950859 0.048130916051813522 0.010878015736706088 0.020744313372179395 -0.010965632119928053
leaf_weight=1643.4159863035748 1181.60112838028 317.63569167186506 944.89378005854087 1549.4047525855713 381.35625704796985 657.5796908197226 410.68998593580909 34.624701406341046 1112.4530129351187 618.8854993651621 162.74702475615777 425.8394589421805 817.22443407471292 821.80005180399166 576.7574024235364 186.77779946592636 947.53920646291226 569.77676766656805 364.77951146988198 925.14445578330196 342.21292349527357 272.02878480718937 22.533850578125566 403.02333871740848 368.30967763927765 737.28861026535742 3376.4318997317314 209.50148295261897 358.72492207342293 514.21818014403107
leaf_count=2446928 19066 38195 353513 689040 63920 91697 16668 6203 49817 139952 19082 62109 423934 352866 101411 14252 279633 189925 36960 193558 105970 66939 1936 30510 76891 92805 80934 6874 14264 17730
internal_value=2.14761e-10 -0.0124965 -0.0162792 -0.0122326 -0.00809928 -0.00555484 -0.00909383 -0.0114253 0.00885926 -0.0196845 -0.0440124 -0.00878217 -0.0229419 -0.0265585 -0.0109102 -0.0110216 -0.0125749 -0.0255569 -0.0150784 -0.00985033 -0.0209027 -0.0249481 -0.0113446 0.00138285 -0.00477312 0.0069211 0.0457775 0.00217384 0.00946732 -0.00464236
internal_weight=21255.2 16697.2 14184.6 12378.5 7962.13 6412.73 4246.53 3835.84 2512.53 4416.34 1806.16 3231.44 3220.69 2275.8 1195.64 2805.6 2618.82 604.401 2237.46 1289.92 1458.58 1116.36 294.563 2166.2 1025.89 1140.31 4558.03 1400.08 676.361 723.72
internal_count=6083582 5983582 5856702 3390692 1844171 1155131 863228 846560 126880 1546521 2466010 650432 1305158 951645 241363 588323 574071 196128 510151 230518 527711 421741 68875 291903 168588 123315 100000 77063 52459 24604
is_linear=0
shrinkage=0.05


Tree=32
num_leaves=31
num_cat=0
split_feature=67 24 98 22 94 3 71 96 84 28 79 94 22 22 4 18 85 65 98 98 81 70 76 54 76 76 96 79 79 79
split_gain=4479.77 499.978 521.691 161.147 144.505 81.3275 75.4117 63.9427 72.1043 52.9832 51.8744 45.6089 42.9208 41.3561 41.1761 40.8899 34.3755 32.5537 29.9008 29.8048 29.6748 29.2823 28.749 28.7079 27.4711 26.618 38.3973 26.2247 45.3424 42.3156
threshold=1.0000000180025095e-35 0.063795328140258803 0.0063637264538556346 24.500000000000004 1.0013056993484499 1.0000000180025095e-35 1.1860937476158144 76.535903930664077 1843.5000000000002 0.36573067307472235 7.9757375717163095 3.4084254503250127 9593.0000000000018 1917.5000000000002 1.5000000000000002 0.0058954167179763326 0.99915775656700145 0.012604894116520883 1.201174318790436 0.19098128378391269 0.51315790414810192 0.64327800273895275 0.66986098885536205 0.40715806186199194 0.6363399624824525 0.10482333227992059 4.1352033615112314 0.73397001624107372 0.099823448807001128 1.7205024361610415
decision_type=2 2 2 2 2 2 2 2 2 2 2 2 2 2 2 2 2 2 2 2 2 2 2 2 2 2 2 2 2 2
left_child=1 2 3 16 13 -3 7 8 10 11 19 15 -9 14 -4 -7 -1 -10 -19 -6 -2 22 -21 27 -20 26 -12 28 -16 -29
right_child=20 5 4 -5 6 9 -8 12 17 -11 25 -13 -14 -15 23 -17 -18 18 24 21 -22 -23 -24 -25 -26 -27 -28 29 -30 -31
leaf_value=-0.011912958978389319 0.041169004547467705 0.021294668023721857 -0.030792567135121757 -0.044637022673779829 0.0018590762365711202 -0.022584663819079163 0.0011636594924905276 0.012318073312309979 -0.046007428145522618 0.011328247293053002 0.014465759512703786 0.0099335706345501026 -0.015777214563696698 -0.029876825108138012 -0.021523226687244115 0.013723381475141343 0.035915512278060474 0.00077487882342553447 -0.023257769208577032 -0.019054130494720534 0.049450980057554023 0.02136096262336569 0.0022308897840951436 -0.0086091437592182851 -0.0068437715618262776 0.0037353564256620586 -0.020292340928417751 -0.047528270799711489 0.0035835944138697231 -0.019594705020503683
leaf_weight=86.066993439686485 2206.8306781482534 864.63885070802644 466.80604406574275 1711.5462498726629 285.58049815450795 415.73553923715372 1792.8521689146291 469.62004095874727 111.69277789653279 782.0433298208518 107.20106862089597 259.29217382986099 191.31758351123426 764.45614903105889 459.07620090228738 95.32476345775649 66.668185331858695 186.62299805588555 1412.1277962091845 1472.117945550126 2121.1936766437866 51.960706976009533 177.80146654020064 1141.2449679439887 311.06162248854525 1019.0412959435489 307.00489712250419 160.70921125763562 295.63684375601588 866.98048788047163
leaf_count=13272 43083 51530 381048 2480127 54135 24643 339617 45837 56880 18819 5977 5849 35396 331555 122183 5918 2592 52067 500452 467848 56917 10408 35521 290552 56598 142976 54002 71834 63029 262917
internal_value=-4.08125e-10 -0.0119854 -0.0156314 -0.0402457 -0.0118236 0.00900525 -0.00785186 -0.0105002 -0.0122838 0.00216041 -0.0078595 -0.00714656 0.0041855 -0.0193715 -0.0170028 -0.0158124 0.00896394 -0.0197703 -0.0182359 -0.0130883 0.0452281 -0.0155965 -0.0167604 -0.014801 -0.0202948 -0.000608842 -0.0112966 -0.0187656 -0.0116884 -0.0239629
internal_weight=20660.3 16332.2 13915.2 1864.28 12050.9 2417.03 7896 6103.15 5442.21 1552.4 3420.71 770.352 660.938 4154.91 3390.45 511.06 152.735 2021.51 1909.81 1987.46 4328.02 1701.88 1649.92 2923.65 1723.19 1433.25 414.206 1782.4 754.713 1027.69
internal_count=6083582 5983582 5876823 2495991 3380832 106759 1857714 1518097 1436864 55229 770867 36410 81233 1523118 1191563 30561 15864 665997 609117 567912 100000 513777 503369 810515 557050 202955 59979 519963 185212 334751
is_linear=0
shrinkage=0.05


Tree=33
num_leaves=31
num_cat=0
split_feature=67 81 96 94 55 94 16 4 96 79 76 4 80 79 54 22 98 22 89 22 81 4 76 55 52 46 16 73 84 76
split_gain=4124.38 456.498 558.026 134.94 78.8765 50.4054 46.4015 45.4006 51.8038 53.1935 41.3115 63.9682 40.1997 37.8842 32.6288 32.0873 32.0712 39.1285 37.9359 31.149 30.4171 29.596 28.1072 27.688 26.4786 26.1572 25.7269 28.5998 25.2386 25.1461
threshold=1.0000000180025095e-35 0.064583335071802153 0.0055618609767407188 2.0781358480453496 0.11033478006720544 0.40532496571540838 0.07144274935126306 8.5000000000000018 0.23821102082729342 3.0011954307556157 0.16572016477584842 4.5000000000000009 2.0487224858755339e-14 0.067811232060194029 0.45147432386875158 552.50000000000011 55.032510757446296 572.50000000000011 772.50000000000011 3971.5000000000005 0.51315790414810192 3.5000000000000004 0.51758384704589855 0.084224317222833647 0.016671299003064636 1.0121610760688784 0.099563769996166243 3137.5000000000005 6646.5000000000009 0.6363399624824525
decision_type=2 2 2 2 2 2 2 2 2 2 2 2 2 2 2 2 2 2 2 2 2 2 2 2 2 2 2 2 2 2
left_child=1 2 12 7 6 15 -5 8 23 29 11 19 -1 -9 22 -3 17 21 -18 -6 -2 -8 -11 -4 -19 -17 27 -12 -15 -10
right_child=20 5 3 4 10 -7 16 13 9 14 26 -13 -14 28 -16 25 18 24 -20 -21 -22 -23 -24 -25 -26 -27 -28 -29 -30 -31
leaf_value=-0.04533660775279847 0.040493215855623529 0.0070504818187778666 -0.019136851702247448 -0.033724417537158484 -0.01094443975121865 0.016163022363041079 -0.010062501477287912 -0.018576293465838497 -0.0332424393009687 -0.024774789907643938 -0.0036466029099114527 0.0082572243332972809 -0.018530970739830729 0.0017230966702685762 -0.0026150413510985467 -0.027612530900727857 0.015660829288659216 -0.045833000100362786 -0.015044846817182959 -0.037737202011990253 0.049099353822833806 0.0079050609525580535 0.0029546125426874602 -0.0039067125237269374 -0.015320703920585417 -0.00091509356483032711 0.0070052978769305288 -0.054646967953694295 -0.035092998469024826 0.0093235573768213672
leaf_weight=1450.5260663465669 2115.0985665541957 901.01325727475341 634.08648207585793 229.07675936678424 955.31136993283872 1127.8792121241568 761.26851154468022 595.52682670555077 1194.7966918427846 851.41176869574701 353.81387698138133 461.65320471790619 154.79105426778551 600.98557915177662 288.77117981336778 137.25054270843975 236.70292819844326 73.879544138209894 174.92667503631674 122.37645336589776 1995.1800646884367 327.91149332863279 102.37358240562025 563.71667436667485 1891.5715611951891 276.73257536010351 1400.7227040419821 29.804443816770799 50.459657074417919 35.734084527939558
leaf_count=2446928 43083 52034 296838 113034 167928 43840 275778 139952 635862 301352 36678 22821 19082 92696 74679 11235 42074 84780 35532 44688 56917 32422 31136 156562 634739 19771 140790 7134 14070 9147
internal_value=-5.04145e-10 -0.0114863 -0.015075 -0.0113529 -0.00690305 0.0084079 -0.0119298 -0.017704 -0.0205039 -0.0246376 -0.0013142 -0.0073158 -0.0427519 -0.00946124 -0.0173402 0.00175628 -0.0104895 -0.012255 0.0026121 -0.0139869 0.0446707 -0.00465314 -0.0217985 -0.0119692 -0.0164676 -0.00976627 0.00386335 -0.00760897 -0.00112861 -0.0320063
internal_weight=20095.4 15985.1 13542.2 11936.9 7019.02 2442.88 3695.34 4917.86 3670.89 2473.09 3323.68 1539.34 1605.32 1246.97 1242.56 1315 3466.26 3054.63 411.63 1077.69 4110.28 1089.18 953.785 1197.8 1965.45 413.983 1784.34 383.618 651.445 1230.53
internal_count=6083582 5983582 5856702 3390692 1638398 126880 1218359 1752294 1505576 1052176 420039 235437 2466010 246718 407167 83040 1105325 1027719 77606 212616 100000 308200 332488 453400 719519 31006 184602 43812 106766 645009
is_linear=0
shrinkage=0.05


Tree=34
num_leaves=31
num_cat=0
split_feature=67 24 96 84 94 3 73 96 22 88 28 79 76 65 29 65 65 76 21 81 58 25 8 61 96 76 79 79 73 39
split_gain=3793.92 422.479 456.504 148.688 125.527 74.5019 73.5317 71.975 51.7374 47.2382 44.7213 41.1075 40.1444 35.3649 34.2307 33.0724 32.9147 32.4501 38.7399 30.9899 29.8507 31.7716 29.4609 28.9358 26.2376 34.8704 33.8693 28.9685 26.219 25.7543
threshold=1.0000000180025095e-35 0.063795328140258803 0.012385106179863216 37.500000000000007 2.7003892660140996 1.0000000180025095e-35 315.50000000000006 76.535903930664077 229.50000000000003 0.024947223253548149 0.54554802179336559 7.4445247650146493 0.17810031771659854 0.012604894116520883 0.10618560761213304 0.014087707735598089 0.05887179262936116 0.11461516469717027 0.0033779166406020526 0.51315790414810192 0.24493676424026492 0.14730384200811389 10.500000000000002 0.85608786344528209 0.078000508248806014 0.55339843034744274 0.099823448807001128 2.9915287494659428 3895.0000000000005 0.0047487146221101293
decision_type=2 2 2 2 2 2 2 2 2 2 2 2 2 2 2 2 2 2 2 2 2 2 2 2 2 2 2 2 2 2
left_child=1 2 3 14 8 -3 11 13 24 -10 12 23 22 -8 -1 -9 -11 18 -13 -2 21 -15 -7 -6 26 27 -4 -26 -17 -30
right_child=19 5 4 -5 6 10 7 15 9 16 -12 17 -14 20 -16 28 -18 -19 -20 -21 -22 -23 -24 -25 25 -27 -28 -29 29 -31
leaf_value=0.036059239765666946 0.039818697421494367 0.020434259294306843 -0.015325637411827559 -0.04385041772626521 -0.0090906191279922378 -0.007516659513061629 -0.043393836173582521 -0.048882586595179404 -0.041224357954615209 -0.022073188842676426 0.010491930731541884 -0.031317871195934391 0.0092418067374211762 -0.015276283616663291 -0.01066539151241036 0.015557034345630997 -0.0045715002595629666 0.0099633441191991842 0.0018877297918659195 0.048736436559715511 0.0097655379204777699 0.023331157655459747 -0.034735624714146346 0.013756489374817752 -0.021447579174906722 0.0071859241199801254 0.0095084182780997475 -0.0077756147955637088 -0.012392515328513425 0.036051715379988823
leaf_weight=56.992484016111121 2027.032642739825 841.70580490492284 259.84755629929714 1511.6608943908941 1324.3644684375031 362.8216205551289 101.84493088931777 27.883476013899781 284.6906132347649 1884.4640545073198 756.27566573070362 112.36040322016925 260.26157896523364 2732.0441982169868 125.54436239489587 349.88095022016205 313.30252147646388 1050.6922667890321 402.4388935957104 1875.65567429168 132.51384502812289 54.349055433878675 136.93223998346366 154.78051511826925 1123.960669483582 167.20508475380484 291.10095752845518 591.24976761062862 206.40543869999237 31.640621943864971
leaf_count=2866 43083 51530 86326 2479012 347700 15977 54293 8393 130754 791525 18441 32146 7776 870936 19396 38040 105686 106992 31712 56917 6377 10881 13035 28468 454222 35730 47783 146684 37644 3257
internal_value=7.18137e-10 -0.0109991 -0.0144594 -0.0387032 -0.0109176 0.00850556 -0.00645554 -0.0112551 -0.0169821 -0.0220606 0.00188384 -0.000722858 -0.0066819 -0.0144311 0.00392319 0.00432424 -0.0195782 0.00492447 -0.00535974 0.0441046 -0.0134206 -0.0145232 -0.0149746 -0.00669985 -0.0118011 -0.01461 -0.00220423 -0.0167347 0.00684766 -0.0059534
internal_weight=19551.9 15649.2 13291.2 1694.2 11597 2358 6681.2 3636.56 4915.82 2482.46 1516.29 3044.64 760.015 3020.75 182.537 615.81 2197.77 1565.49 514.799 3902.69 2918.91 2786.39 499.754 1479.14 2433.36 1882.42 550.949 1715.21 587.927 238.046
internal_count=6083582 5983582 5876823 2501274 3375549 106759 1576839 1029821 1798710 1027965 55229 547018 36788 942487 22262 87334 897211 170850 63858 100000 888194 881817 29012 376168 770745 636636 134109 600906 78941 40901
is_linear=0
shrinkage=0.05


Tree=35
num_leaves=31
num_cat=0
split_feature=67 24 98 22 94 3 71 98 84 28 22 22 79 94 4 18 81 76 98 54 76 79 79 79 4 76 98 22 79 88
split_gain=3489.51 384.034 422.359 136.832 120.106 71.1894 63.4542 53.5407 56.1748 39.1829 38.0366 37.6835 37.5605 36.2793 36.0109 34.789 31.7797 31.3995 26.2976 25.4515 24.8793 25.5964 57.2174 44.8919 33.248 29.0324 25.432 24.2408 35.1076 28.9703
threshold=1.0000000180025095e-35 0.063006855547428145 0.0063637264538556346 18.500000000000004 1.0013056993484499 1.0000000180025095e-35 1.1860937476158144 59.439325332641609 1843.5000000000002 0.36573067307472235 8666.0000000000018 1917.5000000000002 7.9757375717163095 3.4084254503250127 1.5000000000000002 0.0058954167179763326 0.51315790414810192 0.99999400973320018 1.201174318790436 0.13267094641923907 0.0086991954594850558 0.79532036185264599 1.7205024361610415 0.099823448807001128 8.5000000000000018 0.063167221844196333 332.77348327636724 143.50000000000003 25.766667366027836 0.034945677965879447
decision_type=2 2 2 2 2 2 2 2 2 2 2 2 2 2 2 2 2 2 2 2 2 2 2 2 2 2 2 2 2 2
left_child=1 2 3 19 11 -3 7 8 12 13 -9 14 -6 15 -4 -7 -2 -12 -10 -1 -16 23 -23 -22 26 -26 -24 -8 -29 -30
right_child=16 5 4 -5 6 9 27 10 18 -11 17 -13 -14 -15 20 -17 -18 -19 -20 -21 21 22 24 -25 25 -27 -28 28 29 -31
leaf_value=0.036146294106375869 0.039115396590152535 0.019799584607317806 -0.02902706945483205 -0.042567398374887211 -0.011856193154922062 -0.02102711487848655 0.01145274643661276 0.010271229285296668 -0.00059190088965695078 0.0095900556601618194 -0.025745224962520092 -0.028090484313429094 -0.0009230289538850146 0.0087743536120208077 -0.023929763761395481 0.012921775211421935 0.048384115196697892 0.013624876772554695 -0.020399973529712935 -0.0080379846375061327 -0.014638257841986649 -0.043093970654769123 -0.016586377477855921 0.0074442137578848433 0.024810021123861416 -0.012521880694476521 0.044616286374085934 -0.0081572906662026653 -0.045783873413629397 0.012110000799825681
leaf_weight=55.361568720429204 1943.2293480776134 837.7985943875974 417.43962831748649 1448.5554721974258 1884.1341009141179 394.81243562966119 456.37758621503599 536.40590163477464 187.07967994944192 759.36281399789732 165.81365368841216 709.34103547094855 1347.296099021798 253.58564215386286 456.44735459022922 93.294185534818098 1764.6034601279316 72.91440160619095 1605.9739831886836 79.246828451287001 514.21713766164612 165.21225876605604 975.62888818001375 416.61973799264524 105.87618602497969 102.49456179846311 17.27434548799647 818.79194147000089 22.753097891865764 429.62415753502864
leaf_count=2667 43083 52041 381048 2482092 567845 24789 75357 60189 56060 18835 40931 331502 199770 5884 167609 5946 56917 8269 584847 10992 127225 76126 319567 86720 13508 19113 446 206895 4981 52328
internal_value=1.11327e-10 -0.0105278 -0.0138858 -0.0380865 -0.0105272 0.0081233 -0.00684349 -0.00934902 -0.0112359 0.0016063 0.0028822 -0.0176725 -0.00729778 -0.00656767 -0.0153422 -0.0145383 0.0435265 -0.0137205 -0.0183333 0.0101341 -0.0132677 -0.0111493 -0.0155053 -0.00475469 -0.011711 0.006447 -0.0155216 0.00156793 -0.00198093 0.00919813
internal_weight=19037.6 15329.7 12990.9 1583.16 11407.7 2338.85 7527.16 5799.62 5024.48 1501.06 775.134 3880.55 3231.43 741.692 3171.21 488.107 3707.83 238.728 1793.05 134.608 2753.77 2297.32 1366.49 930.837 1201.27 208.371 992.903 1727.55 1271.17 452.377
internal_count=6083582 5983582 5876087 2495751 3380336 107495 1857472 1517911 1408522 55454 109389 1522864 767615 36619 1191362 30735 100000 49200 640907 13659 810314 642705 428760 213945 352634 32621 320013 339561 264204 57309
is_linear=0
shrinkage=0.05


Tree=36
num_leaves=31
num_cat=0
split_feature=67 81 76 62 80 76 94 22 51 94 4 96 79 81 81 79 84 58 4 94 4 76 88 98 58 88 79 79 79 55
split_gain=3207.83 352.89 406.149 112.002 92.7404 68.4457 67.3795 42.8293 50.3562 46.2644 37.8396 36.6365 41.7044 33.5113 32.3897 31.5935 48.2978 29.2 27.9937 27.8071 27.5544 27.4697 26.9214 26.7768 26.7155 25.9283 23.3157 27.9011 26.8336 23.1626
threshold=1.0000000180025095e-35 0.11437908560037614 0.00073791161412373196 0.1018350161612034 2.0487224858755339e-14 0.57781264185905468 4.6120369434356698 572.50000000000011 0.019277220591902736 1.9973441362380984 8.5000000000000018 0.29892905056476599 1.7306897640228274 0.34166666865348821 0.51315790414810192 37.106147766113288 914.50000000000011 0.20006670802831653 1.5000000000000002 4.6120369434356698 4.5000000000000009 0.22205195575952533 0.035586632788181312 1.8916153311729433 0.069959197193384184 0.022153793834149841 0.99698382616043102 3.3533779382705693 0.099823448807001128 0.52597841620445263
decision_type=2 2 2 2 2 2 2 2 2 2 2 2 2 2 2 2 2 2 2 2 2 2 2 2 2 2 2 2 2 2
left_child=1 2 4 5 17 7 10 9 -9 18 11 25 -13 21 -2 16 -8 -1 -4 20 -10 -3 -17 -21 -12 -5 28 -28 -20 -7
right_child=14 13 3 6 -6 29 15 8 19 -11 24 12 -14 -15 -16 22 -18 -19 26 23 -22 -23 -24 -25 -26 -27 27 -29 -30 -31
leaf_value=-0.043455545697952985 0.038414601076635996 0.0016319494380749489 -0.03314011197605591 -0.032425643075722634 -0.0099584153732145946 -0.0033507275222592276 0.0037178163376739657 -0.058982822510513837 -0.03675766839563855 -0.0044513960313643658 0.0017821357712254089 -0.034806085778903671 -0.013438644129311861 0.022149604369110846 0.048018658178574619 -0.0051947658792377907 -0.01367548056086321 0.011399993921276434 -0.018680197355560098 0.000105049185236889 -0.019293867279089116 0.016958317543521641 0.012675773174251379 -0.018591151005328467 -0.035086559024052305 0.0033698708594772728 -0.031866910742185797 -0.0072950860794938378 0.00024392838239314864 0.050333081461224075
leaf_weight=1267.6620496023024 1863.4357087080134 895.98335766152013 250.90552595164627 57.899997578468174 265.44773457001429 956.33080715197138 997.40616547409445 85.658983302186243 397.73999684303999 1113.5516447816044 736.42134262493346 277.38955105625791 1291.9171846067766 471.26499293011148 1659.8625574754478 289.87565154850017 665.37639636022504 24.732848370447755 375.85887379222549 224.67895344295539 522.69265087484382 433.95889415079728 772.04988600034267 1297.2602999543305 52.647231650538743 400.65218498231843 325.70205028716009 179.03058101958595 373.43361245718552 20.523991874419153
leaf_count=2464985 43083 51400 233194 20155 28972 236415 116136 68186 301748 317578 102681 148886 375907 21016 56917 33407 150037 886 98495 68859 148906 18711 64337 544284 6997 103216 125871 50822 81094 401
internal_value=3.24045e-10 -0.0100697 -0.0128979 -0.00969557 -0.0368769 -0.0143564 -0.00454545 -0.0166595 -0.0213016 -0.0121777 -0.0099678 -0.0135827 -0.0172155 0.0106927 0.0429392 0.00106042 -0.00324226 -0.0424058 -0.0178947 -0.0199801 -0.0268404 0.00663293 0.00779762 -0.0158311 -0.00067777 -0.00114992 -0.0148444 -0.0231512 -0.00924876 -0.00222282
internal_weight=18547.4 15024.1 13222.8 11665 1557.84 6123.37 5541.64 5146.51 2528.03 2618.48 2816.93 2027.86 1569.31 1801.21 3523.3 2724.71 1662.78 1292.39 1504.93 2442.37 920.433 1329.94 1061.93 1521.94 789.069 458.552 1254.03 504.733 749.292 976.855
internal_count=6083582 5983582 5892455 3397612 2494843 2275853 1121759 2039037 1131983 907054 757842 648164 524793 91127 100000 363917 266173 2465871 589476 1063797 450654 70111 97744 613143 109678 123371 356282 176693 179589 236816
is_linear=0
shrinkage=0.05


Tree=37
num_leaves=31
num_cat=0
split_feature=67 81 76 62 80 76 94 22 94 94 42 4 27 81 4 58 88 55 96 68 79 68 22 58 76 79 96 22 89 98
split_gain=2945.78 322.699 376.982 102.144 86.8993 66.8363 62.7565 39.6067 38.6884 36.897 36.6871 35.7448 35.2403 32.8598 32.6548 30.7839 30.6106 29.4584 28.5358 27.8105 27.6997 27.6902 27.5282 26.8969 26.5955 25.8194 42.1165 31.023 26.7373 30.0233
threshold=1.0000000180025095e-35 0.10263158008456232 0.00073791161412373196 0.1030595786869526 2.0487224858755339e-14 0.48741246759891516 7.9437665939331064 1849.5000000000002 1.9973441362380984 0.57416722178459179 2.5000000000000004 8.5000000000000018 0.014429279603064062 0.51315790414810192 1.5000000000000002 0.072415899485349669 0.032002724707126624 0.52597841620445263 0.29892905056476599 0.052652165293693549 2.3774088621139531 0.097823347896337523 74.500000000000014 0.047931598499417312 0.29972749948501592 26.529600143432621 2.1715521812438969 629.50000000000011 442.50000000000006 332.77348327636724
decision_type=2 2 2 2 2 2 2 2 2 2 2 2 2 2 2 2 2 2 2 2 2 2 2 2 2 2 2 2 2 2
left_child=1 2 4 5 23 7 11 8 14 19 21 16 -9 -2 -4 20 -5 -7 -18 -3 -13 22 -10 -1 -20 26 -8 -28 -27 -30
right_child=13 9 3 6 -6 17 25 12 10 -11 -12 15 -14 -15 -16 -17 18 -19 24 -21 -22 -23 -24 -25 -26 28 27 -29 29 -31
leaf_value=-0.043024875593381945 0.03770867869211314 0.025496196104389177 -0.035769380401240107 -0.022472028949239265 -0.0090888524890593396 -0.0046153433575793898 0.017647348086384761 -0.03044195269293222 -0.0041453649229368037 0.016961863944475821 0.011586462563903405 -0.0054363586546793919 -0.013606683779792135 0.047638577522171648 -0.016152989244521573 -0.037348856997884684 0.0037135350295371622 0.049942270817083446 -0.015337473709074066 -0.0002540815485608425 0.013556149925182961 -0.0076122196788577113 -0.036329555223163251 0.0021838109986238971 0.0021417790324717752 0.012956116507232355 0.0003573652691161178 -0.019226177366761361 -0.0084815638026207122 0.023113121037044319
leaf_weight=1186.9789179110739 1788.9565583881922 119.67877597198822 246.01188647164963 543.00420379289426 244.03823509009089 1209.0988209662028 185.22935141494963 805.99941335356561 103.16047896794043 910.92187283560634 204.27233041962609 466.90830869518686 505.97701060702093 1559.3327406289609 1541.4512910789344 51.973412259249017 357.70537012664136 25.259097364265472 1165.3183118900633 846.48451568139717 326.03171800717246 1171.4393987271469 186.65617359359749 33.838044919073582 267.59466599032748 736.79316346975975 433.77966424426995 378.84536713082343 381.55113356944639 93.646468309685588
leaf_count=2464087 43083 4544 261150 181369 26958 330777 16202 433746 24575 37221 9296 75466 203716 56917 488601 6905 90489 509 384848 55917 28469 432306 100685 1731 48704 55948 56869 97105 60314 5075
internal_value=6.59831e-12 -0.00962301 -0.0124513 -0.00938003 -0.036327 -0.0138678 -0.00438337 -0.0165539 -0.013744 0.00974234 -0.00826118 -0.0088826 -0.0239493 0.0423331 -0.0188528 -7.06507e-05 -0.0120731 -0.00349891 -0.00891958 0.00293561 0.00237276 -0.0110357 -0.0248736 -0.0417718 -0.0120732 0.00208809 -0.00386822 -0.00877247 0.00699204 -0.00225525
internal_weight=18077.9 14729.6 12852.6 11387.7 1464.86 5999.33 5388.38 4764.97 3452.99 1877.09 1665.53 3178.54 1311.98 3348.29 1787.46 844.913 2333.62 1234.36 1790.62 966.163 792.94 1461.26 289.817 1220.82 1432.91 2209.85 997.854 812.625 1211.99 475.198
internal_count=6083582 5983582 5885900 3393124 2492776 2285361 1107763 1954075 1316613 97682 566862 816250 637462 100000 749751 110840 705410 331286 524041 60461 103935 557566 125260 2465818 433552 291513 170176 153974 121337 65389
is_linear=0
shrinkage=0.05


Tree=38
num_leaves=31
num_cat=0
split_feature=67 24 79 22 76 4 58 41 94 79 58 79 55 35 76 75 79 88 84 81 24 55 94 4 79 98 89 94 52 76
split_gain=2705.28 295.947 345.441 108.715 78.3259 67.7738 72.1424 62.1083 58.9283 58.1358 50.8554 44.8363 43.1853 39.8756 39.8034 36.7356 34.6293 34.2783 37.8615 32.9191 32.1031 29.7955 28.9443 28.5067 27.7444 34.046 31.7351 31.4554 27.6654 27.1061
threshold=1.0000000180025095e-35 0.068432815372943892 0.052509827539324767 97.500000000000014 0.57781264185905468 4.5000000000000009 0.26426738500595098 0.9495762586593629 1.9946148395538332 0.79532036185264599 0.00019371762027731168 1.7205024361610415 0.049135439097881324 471.38684082031256 0.099183786660432829 1.9959443807601931 3.1703568696975712 0.044155085459351547 179.50000000000003 0.51315790414810192 0.48781046271324163 0.1521875858306885 63.832084655761726 20.500000000000004 18.620139122009281 1.1657628417015078 455.50000000000006 228.28565216064456 0.24792326241731646 0.2135519161820412
decision_type=2 2 2 2 2 2 2 2 2 2 2 2 2 2 2 2 2 2 2 2 2 2 2 2 2 2 2 2 2 2
left_child=1 2 3 15 5 6 8 20 9 29 -5 -11 -10 -7 16 -1 -15 18 -14 -2 22 -6 -3 -16 25 -19 -26 -28 -13 -4
right_child=19 7 4 10 21 13 -8 -9 12 11 -12 28 17 14 23 -17 -18 24 -20 -21 -22 -23 -24 -25 26 -27 27 -29 -30 -31
leaf_value=-0.011894120485214507 0.037039168307983296 -0.0055532974491315154 -0.0020205699454581279 -0.041459711576922749 -0.0020961699770175629 0.0039040352936562509 0.015986897031854515 0.01853370807696117 -0.02236448788850523 -0.048795535060781672 -0.021601821095671866 -0.027676045434433156 0.0037590190104684232 -0.012907426290771951 -0.018580541739936705 0.034412058239097175 0.0085079167081188855 0.0075020839442041234 -0.018405969528006983 0.047241859014888928 0.015846592722183039 0.014026106603875446 0.021715398579936134 0.018599910930665615 0.010183885255698568 -0.013226809699808072 -0.027644740904949755 0.010311088364838357 -0.0077720721567255862 -0.023940224076481689
leaf_weight=269.6157226471696 1718.1681827984285 968.34968002792448 429.76896180049516 1244.354850656804 1144.5403248685179 1048.8842732854537 203.87706221174449 827.14826059027109 670.14878548355773 210.22133092139848 435.16144473850727 833.44187715277076 232.96042103809305 324.35844080278184 786.50274882093072 50.918961113784462 451.58261553547345 250.29277146968525 1113.8620107388124 1464.4692711274402 293.31097025959753 382.29531724390108 108.1857263748534 55.169584672315978 519.57039447478019 949.673284305376 134.55275116674602 91.845975403208286 220.84090603573713 209.93419735145289
leaf_count=62580 43083 41978 177194 2532527 268781 137479 11720 51031 445392 203301 91322 510281 47382 76787 158293 1461 58189 52911 360775 56917 6860 30206 2044 4574 78958 298239 42511 17020 77734 136052
internal_value=1.36682e-10 -0.00918473 -0.0122121 -0.0312219 -0.00850793 -0.0103338 -0.0132522 0.00771502 -0.0142682 -0.0214971 -0.0363145 -0.027711 -0.0107947 -0.00368919 -0.00861275 -0.00453809 -0.000444113 -0.00843999 -0.0145721 0.0417339 0.00118243 0.00194059 -0.00281295 -0.0161435 -0.00419584 -0.00890311 0.00337628 -0.0122467 -0.0235068 -0.00921404
internal_weight=17644 14461.4 12264.4 2000.05 10264.3 8737.49 6070.99 2196.99 5867.11 1904.21 1679.52 1264.5 3962.91 2666.5 1617.61 320.535 775.941 3292.76 1346.82 3182.64 1369.85 1526.84 1076.54 841.672 1945.94 1199.97 745.969 226.399 1054.28 639.703
internal_count=6083582 5983582 5881669 2687890 3193779 2894792 2459470 101913 2447750 1104562 2623849 791316 1343188 435322 297843 64041 134976 897796 408157 100000 50882 298987 44022 162867 489639 351150 138489 59531 588015 313246
is_linear=0
shrinkage=0.05


Tree=39
num_leaves=31
num_cat=0
split_feature=67 81 76 62 80 94 94 22 16 55 22 81 47 81 4 98 76 98 65 79 84 88 17 58 76 79 83 76 73 79
split_gain=2478.66 273.248 325.942 95.3138 80.6824 56.3575 51.5713 43.3073 57.8466 40.6281 37.5405 33.3311 30.9294 30.9074 29.8972 30.5457 28.91 51.9272 27.9748 25.4888 41.5866 25.385 25.1934 24.7516 23.5341 23.4855 23.0577 22.9845 23.1972 22.8588
threshold=1.0000000180025095e-35 0.11437908560037614 0.00073791161412373196 0.1018350161612034 2.0487224858755339e-14 4.6120369434356698 1.7047489881515505 115.50000000000001 0.066174462437629714 0.019670665264129642 229.50000000000003 0.51315790414810192 0.0010604861308820548 0.34166666865348821 8.5000000000000018 0.19984340667724612 0.32223312556743627 1.0665547847747805 0.018355110660195354 37.106147766113288 339.50000000000006 0.022153793834149841 193.50000000000003 0.047931598499417312 0.22205195575952533 1.7306897640228274 0.012510434258729221 0.068117346614599242 519.50000000000011 0.79532036185264599
decision_type=2 2 2 2 2 2 2 2 2 2 2 2 2 2 2 2 2 2 2 2 2 2 2 2 2 2 2 2 2 2
left_child=1 2 4 6 23 14 10 -8 -9 -10 -4 -2 -12 24 15 21 17 -11 -14 20 -7 -5 -22 -1 -3 29 -20 -21 -29 -17
right_child=11 13 3 5 -6 19 7 8 9 16 12 -13 18 -15 -16 25 -18 -19 26 27 22 -23 -24 -25 -26 -27 -28 28 -30 -31
leaf_value=-0.041765117982863448 0.036303453043359933 0.0012503497422258606 -0.012612878067236941 -0.035463954819146971 -0.0093711354275411926 0.0097211455709370828 0.0042431276149036256 -0.042726526248327748 -0.036462333889052664 0.0036781929932490861 -0.047818621604487715 0.046844232380928386 -0.045586026178072774 0.021241997109095842 -0.00050580244653090217 -0.0143609778608133 -0.0026078374666201783 -0.017860839394156187 -0.020466242158317778 -0.012783571284001802 -0.006015976452076131 0.0058037729002976338 -0.039980148385106766 0.0022292678326208877 0.01570239557342305 -0.012037351344279457 0.035165625142806051 0.019145582821739632 0.0030779444186784018 -0.041203725429403031
leaf_weight=1061.6224274457236 1648.9601668812102 867.56583192443941 1154.1745975040249 42.184232805622742 258.26205731835216 489.21974177891389 512.1111936889356 141.19388566422276 137.63587137009017 361.69672989670653 136.46811768453335 1375.6267245785202 114.14508280088194 444.28008169704117 781.30076750018634 164.96052416920429 1157.1635940767592 1236.1785941150738 818.29472301981878 121.07179383619223 1050.7280489713885 319.52734397479799 57.591634481097572 32.963168564252555 417.13870610971935 1245.5631355930818 19.0593381957151 413.30326646054164 492.07702382886782 152.75690246606246
leaf_count=2464140 43083 51400 446395 16859 28972 53199 121751 89003 142279 80904 215026 56917 52308 21016 109678 44858 291225 524456 308855 15783 190822 84520 22152 1731 18711 378726 3651 22013 59948 123201
internal_value=-3.68808e-10 -0.00875359 -0.0113361 -0.0085165 -0.0345091 -0.00369235 -0.0129591 -0.00920614 -0.0114764 -0.009951 -0.0188943 0.0410976 -0.0255581 0.00987414 -0.00875484 -0.0121029 -0.00862655 -0.0129852 -0.0223653 0.00152893 -0.00242116 0.000990967 -0.00778086 -0.0404402 0.00594287 -0.0151326 -0.0192 0.00767672 0.0104128 -0.0272668
internal_weight=17224.8 14200.2 12471.3 11118.4 1352.85 5330.28 5788.12 3545.98 3033.87 2892.67 2242.14 3024.59 1087.97 1728.98 2706.29 1924.99 2755.04 1597.88 951.499 2623.99 1597.54 361.712 1108.32 1094.59 1284.7 1563.28 837.354 1026.45 905.38 317.717
internal_count=6083582 5983582 5892455 3397612 2494843 1121759 2275853 1249618 1127867 1038864 1026235 100000 579840 91127 757842 648164 896585 605360 364814 363917 266173 101379 212974 2465871 70111 546785 312506 97744 81961 168059
is_linear=0
shrinkage=0.05


Tree=40
num_leaves=31
num_cat=0
split_feature=67 81 96 94 84 79 38 54 37 81 35 79 4 55 84 65 96 24 26 24 58 97 94 25 46 69 85 89 49 4
split_gain=2273.08 247.571 349.745 84.88 56.6728 67.2061 41.822 38.7853 36.4914 33.6514 32.521 31.1003 28.9849 28.4644 27.7329 27.0242 25.137 23.47 27.7792 23.458 23.1502 25.897 22.6751 21.8847 21.4039 22.1882 21.353 20.98 21.9148 20.921
threshold=1.0000000180025095e-35 0.064583335071802153 0.012385106179863216 2.6233121156692509 944.50000000000011 73.563144683837905 1.0000000180025095e-35 0.40937016904354101 0.015385649167001249 0.51315790414810192 479.91920471191412 7.4445247650146493 8.5000000000000018 0.083328194916248335 170.50000000000003 0.0081013902090489882 0.078000508248806014 0.034533256664872176 0.71023693680763256 0.12826532125473025 0.1952016279101372 0.013400854077190162 39.41197586059571 0.021866461262106899 1.0102148056030276 0.13752023130655291 0.99999070167541515 9820.0000000000018 0.69265162944793712 11.500000000000002
decision_type=2 2 2 2 2 2 2 2 2 2 2 2 2 2 2 2 2 2 2 2 2 2 2 2 2 2 2 2 2 2
left_child=1 2 8 7 11 15 14 13 -1 26 22 12 -5 -4 -3 -6 -15 18 -16 -8 21 -17 -7 27 25 -19 -2 28 -24 -18
right_child=9 6 3 4 5 10 19 -9 -10 -11 -12 -13 -14 16 17 20 29 24 -20 -21 -22 -23 23 -25 -26 -27 -28 -29 -30 -31
leaf_value=-0.039263825149067927 0.013333267763208811 0.010270563773515642 -0.023981855015295494 -0.007162532910958655 -0.042702730836165187 -0.021439085753090489 0.0065908745902061618 -0.0075737518962631437 -0.0049098379067396124 0.046440859360334291 -0.014618099158252821 0.0063296129800139546 0.01384406483672964 0.0038231405984647396 -0.0043874817472595671 -0.053925235560444609 -0.018368188172779822 -0.010104643874144191 -0.084588220055560881 0.022997922514091006 0.0072393425838116129 -0.012774857748612523 -0.03597888468965256 0.016763124216970151 0.0038655791350331622 -0.072895394311253137 0.03708668270708796 0.049277795473641556 0.0024743056671442869 -0.0038566869979717875
leaf_weight=1112.6629223839373 101.0557169187814 534.44285257125739 1002.3945442463155 1221.9220226302277 75.11438881943468 60.78733565332368 404.29870268888772 1652.9963239968638 83.07055551907979 1293.3332855184672 210.25276372983353 1323.3805689829169 189.70400145603344 188.63965398218716 24.308170371688902 38.908986527705565 1255.5214531191159 263.57108134729788 19.425022432697006 472.41983466071542 143.30833934876136 2201.5231170621701 50.510122663225047 443.32853792642709 496.06352841691114 14.862579782493411 1483.8287830210757 17.612989314366132 139.06145384337287 309.61811475420836
leaf_count=2482237 2751 31187 556546 378811 55511 8447 29624 605889 9605 56917 42274 153993 8638 47372 4225 66262 518574 16003 6375 10096 8876 776026 8631 51985 28441 929 40332 253 22916 53856
internal_value=-2.55317e-11 -0.00834721 -0.0112523 -0.00834099 -0.00452826 -0.00885777 0.00692542 -0.0136291 -0.0368772 0.040456 0.00265808 0.000822925 -0.00433952 -0.0172608 0.00141211 -0.0131738 -0.0134193 -0.00437397 -0.0400103 0.0154318 -0.0122433 -0.0134895 0.00776473 0.0104937 -0.0023617 -0.0134564 0.0355721 -0.00292149 -0.0077713 -0.0154975
internal_weight=16827.9 13949.7 11720.3 10524.6 6115.41 3380.41 2229.39 4409.17 1195.73 2878.22 921.553 2735.01 1411.63 2756.17 1352.67 2458.85 1753.78 818.23 43.7332 876.719 2383.74 2240.43 711.3 650.513 774.497 278.434 1584.88 207.185 189.572 1565.14
internal_count=6083582 5983582 5856702 3364860 1582623 1041181 126880 1782237 2491842 100000 134506 541442 387449 1176348 87160 906675 619802 55973 10600 39720 851164 842288 92232 83785 45373 16932 43083 31800 31547 572430
is_linear=0
shrinkage=0.05


Tree=41
num_leaves=31
num_cat=0
split_feature=67 81 76 55 94 80 84 88 79 22 88 81 96 85 76 79 22 84 76 94 43 57 58 51 4 76 85 83 97 84
split_gain=2085.86 230.274 279.393 85.908 77.9166 74.4009 47.0436 51.7933 46.2117 35.1134 52.5173 33.9159 30.383 29.3293 29.6285 28.9743 25.8427 25.2873 28.2322 25.5259 24.7803 22.9945 22.962 22.7735 27.1475 22.3429 21.139 20.7249 20.2128 19.8755
threshold=1.0000000180025095e-35 0.12132352963089944 0.00073791161412373196 0.053737703710794456 3.3514167070388798 2.0487224858755339e-14 277.50000000000006 0.032896455377340324 37.106147766113288 91.500000000000014 0.028076841495931152 0.51315790414810192 2.1715521812438969 1.9973462820053103 0.22205195575952533 158.28479766845706 24793.500000000004 1979.5000000000002 0.16572016477584842 39.41197586059571 10.500000000000002 453.50000000000006 0.084061075001955046 0.21249524503946307 9.5000000000000018 0.065645337104797377 0.99999070167541515 0.0070935226976871499 0.74535083770751964 1343.5000000000002
decision_type=2 2 2 2 2 2 2 2 2 2 2 2 2 2 2 2 2 2 2 2 2 2 2 2 2 2 2 2 2 2
left_child=1 2 5 27 9 22 -6 15 12 -5 -11 26 -9 14 20 21 -17 25 -19 -20 -3 -8 -1 24 -12 28 -2 -4 -10 -14
right_child=11 13 3 4 6 -7 7 8 17 10 23 -13 29 -15 -16 16 -18 18 19 -21 -22 -23 -24 -25 -26 -27 -28 -29 -30 -31
leaf_value=-0.040412815736681235 0.012517952408947951 0.0077708679646495667 -0.018281319626476576 -0.0036736315292392472 0.0097043254734256318 -0.0088614467918243286 -0.016184228704283786 0.0060521390307259329 0.0014199456783800179 -0.029350846003276577 -0.017477167354492229 0.04604037667394021 -0.0028866619246020429 0.022502082254834323 0.016917709392847174 0.0078056468722571427 -0.092240060114580052 -0.01921850645528941 -0.024935887525878969 0.0097765651257718678 -0.0092173054246978622 -0.048688155301398785 0.0045682361531552409 -0.001926577246460965 -0.0037245140436634665 0.022379373737942767 0.036400138649711415 -0.00040720338697285325 -0.080465983771676269 -0.014683446782871999
leaf_weight=955.41381673418073 99.100382456323132 531.51030169217847 1948.2395483436412 1228.6624911656254 815.73313718941063 256.88024217868224 620.23161179840099 450.67980125301983 48.351861023693345 455.37840150424745 1258.5160863706842 1217.3192727284841 707.73561645566951 343.48944326420315 427.72451059194282 165.76526648388244 6.7163050341187036 129.35776350536617 58.523129883920774 557.1625090232119 360.09199531655759 59.644237860105932 29.240415610838681 553.28513536072569 501.95953886670759 344.76740337419324 1424.9708141753799 176.90028420952149 8.9275554008781892 720.58317884465214
leaf_count=2464456 2751 31379 1052567 369889 108836 29097 167652 70603 4439 187946 547747 56917 140129 9359 20843 14099 2184 34164 8852 75166 28981 26581 1416 159998 88546 22103 40332 71234 400 244916
internal_value=-6.38583e-10 -0.00795509 -0.0103604 -0.00778196 -0.0055787 -0.0328253 -0.00120996 -0.0035055 -0.000438964 -0.0107084 -0.0138298 0.0398176 -0.00526667 0.00948786 0.00609958 -0.0143925 0.00390994 0.00746909 0.00201565 0.00647702 0.000909843 -0.0190357 -0.0390771 -0.010775 -0.0135559 0.017575 0.0348472 -0.0167934 -0.0113428 -0.00883811
internal_weight=16462.9 13721.5 12058.7 10817.1 8691.98 1241.53 4694.18 3878.45 3026.09 3997.8 2769.14 2741.39 1879 1662.82 1319.33 852.357 172.482 1147.09 745.043 615.686 891.602 679.876 984.654 2313.76 1760.48 402.047 1524.07 2125.14 57.2794 1428.32
internal_count=6083582 5983582 5893020 3398051 2274250 2494969 920124 811288 600772 1354126 984237 100000 455648 90562 81203 210516 16283 145124 118182 84018 60360 194233 2465872 796291 636293 26942 43083 1123801 4839 385045
is_linear=0
shrinkage=0.05


Tree=42
num_leaves=31
num_cat=0
split_feature=67 24 79 73 76 4 46 3 94 79 35 55 68 79 24 81 96 1 62 4 15 55 51 98 76 55 97 85 42 21
split_gain=1911.39 213.302 260.088 88.0062 61.6342 57.7504 58.5292 56.713 50.818 60.8901 48.5024 42.4828 36.3049 35.7946 35.4411 34.3115 28.8578 28.1542 27.272 29.1475 25.8938 25.4818 22.2 21.7395 39.2105 21.7036 21.6792 21.0956 20.9313 26.0664
threshold=1.0000000180025095e-35 0.063795328140258803 0.052509827539324767 720.50000000000011 0.57781264185905468 8.5000000000000018 1.1934968233108523 0.10072463750839235 2.9841296672821049 0.79532036185264599 1.0000000180025095e-35 0.21002862602472308 0.092197589576244368 1.7205024361610415 1.0000000180025095e-35 0.51315790414810192 9.1615099906921404 0.56385868787765514 0.11087507009506227 1.5000000000000002 0.36666667461395269 0.1521875858306885 0.50221237540245067 1.8916153311729433 0.16572016477584842 0.20005653053522113 0.12132307887077333 0.99999070167541515 4.5000000000000009 0.0049991665873676547
decision_type=2 2 2 2 2 2 2 2 2 2 2 2 2 2 2 2 2 2 2 2 2 2 2 2 2 2 2 2 2 2
left_child=1 2 3 10 5 6 8 20 9 18 -1 12 -10 -11 16 27 -7 28 19 -4 26 -6 -8 -14 -25 -15 -3 -2 -9 -30
right_child=15 7 4 -5 21 14 22 17 11 13 -12 -13 23 25 -16 -17 -18 -19 -20 -21 -22 -23 -24 24 -26 -27 -28 -29 29 -31
leaf_value=0.040368824075940425 0.011574579997478738 0.0036232583138513779 -0.032486908228895391 -0.037797727791245371 -0.0014411363981976016 0.0073834041014182025 -0.0038152253240496185 0.00035260905592255661 -0.026221729650389269 -0.044120927532776973 -0.017924198209217673 0.0021901309776606566 -0.00033224452301599606 -0.025510876821277048 -0.035167825912384425 0.04562815013959335 -0.020220916081093145 0.01793571007097176 0.0089976141477911744 -0.005246625356305705 0.029184133789835 0.013863504995098927 0.018806942080145814 -0.020865064127657547 -0.0056098236661184069 -0.011061216635971191 0.020322813312491028 0.035679165364143083 -0.056084438484761759 -0.010097115717266
leaf_weight=37.655510051641613 97.21343430550769 453.64323894050904 136.75364964082837 1001.6939591792252 1079.5257943202741 883.04159936937504 1564.8354090999928 669.77008008537814 377.55921683594352 201.46348869678332 681.44500507367775 675.07259644905571 505.02264390315395 926.05841368919937 59.951432597474195 1146.2634520609572 106.04822315042838 166.22504662384745 200.47486892237794 348.34473943716148 251.65254021447618 363.5675449243281 116.524433394894 735.65184983430663 985.47001401649322 361.24073199974373 340.00850339676253 1368.9731683566933 35.467673539184034 234.83378508780152
leaf_count=1203 2751 34408 142928 2407995 268459 113057 507201 22623 193116 187413 276424 76384 151252 522751 9481 56917 15274 4593 55937 108314 11063 30206 26591 312121 357070 113646 18579 40332 2379 13114
internal_value=1.94018e-11 -0.00757618 -0.010313 -0.0282172 -0.00711258 -0.00879262 -0.0104032 0.00685771 -0.0129179 -0.0188451 -0.0148717 -0.00898728 -0.0118853 -0.0245231 0.00216112 0.0391475 0.00442372 -0.00103299 -0.00651505 -0.0129259 0.0152088 0.00241466 -0.00224743 -0.0094538 -0.0121303 -0.021456 0.0107775 0.0340809 -0.00438707 -0.0161314
internal_weight=16111.5 13499 11347.4 1720.79 9626.61 8183.51 7134.47 2151.6 5453.11 2174.34 719.101 3278.78 2603.7 1488.76 1049.04 2612.45 989.09 1106.3 685.573 485.098 1045.3 1443.09 1681.36 2226.14 1721.12 1287.3 793.652 1466.19 940.072 270.301
internal_count=6083582 5983582 5876823 2685622 3191201 2892536 2754724 106759 2220932 1130989 277627 1089943 1013559 823810 137812 100000 128331 42709 307179 251242 64050 298665 533792 820443 669191 636397 52987 43083 38116 15493
is_linear=0
shrinkage=0.05


Tree=43
num_leaves=31
num_cat=0
split_feature=67 81 76 55 94 80 22 88 79 81 94 4 96 96 79 94 73 51 79 43 76 73 94 76 25 76 98 68 58 24
split_gain=1748.65 195.524 241.5 79.6578 71.9229 64.8371 38.2932 63.9986 44.521 34.6004 33.5795 33.3538 28.0464 27.6977 37.7158 27.3082 24.5936 25.8887 23.4657 23.3036 23.1832 29.1935 23.6786 22.6762 22.6569 22.0723 22.384 22.8586 21.6042 21.3323
threshold=1.0000000180025095e-35 0.12132352963089944 0.00073791161412373196 0.053737703710794456 1.0013056993484499 2.0487224858755339e-14 191.50000000000003 0.032896455377340324 37.106147766113288 0.51315790414810192 9.0113368034362811 8.5000000000000018 2.1715521812438969 0.1993866562843323 1.7306897640228274 0.57416722178459179 3963.0000000000005 0.029161646962165836 0.79532036185264599 11.500000000000002 0.068117346614599242 592.50000000000011 39.41197586059571 0.77783694863319408 0.036025220528244979 0.21648395061492923 0.017036104574799541 0.23179442435503009 0.05936423875391484 0.029607588425278667
decision_type=2 2 2 2 2 2 2 2 2 2 2 2 2 2 2 2 2 2 2 2 2 2 2 2 2 2 2 2 2 2
left_child=1 2 5 -4 11 28 -6 10 12 -2 -8 13 -9 25 18 19 17 -12 -15 -3 -10 -22 -23 -14 -21 26 -5 -28 -1 -26
right_child=9 15 3 4 6 -7 7 8 20 -11 16 -13 23 14 -16 -17 -18 -19 -20 24 21 22 -24 -25 29 -27 27 -29 -30 -31
leaf_value=-0.039123334343799242 0.033293719348248874 0.0088698971144784543 -0.015927033078489618 -0.030568073895391026 0.0059258507545902495 -0.0089551525265748524 -0.033931297284996609 0.0034886050005889717 -0.015861152224027539 0.045187247253686245 -0.041777562726317698 -0.0037615146744870661 -0.010612477516533849 -0.019234494304444863 -0.013947702658056777 0.015834377854277243 -0.034015584493388221 -0.0031578862351140931 -0.045088220681605742 -0.025138673358729682 0.021787254121149225 -0.021843899612807721 0.0069980985499293116 0.010535784548782592 -0.11098635275563712 -0.022881243284010977 -0.00061306346436752648 0.032201777226769056 0.0033997047102030937 0.0060383661898294246
leaf_weight=859.15287762065418 1411.3929484644323 549.15086781629361 2055.4355970278848 46.767692515451927 1300.3042080648011 252.8752115147654 202.69234893762041 684.27335399086587 99.241506246151403 1078.992420517181 47.518082717608195 992.10176327970112 1392.197600126965 168.6777452029055 1135.8826066280599 778.05321991408709 95.428016310615931 500.02703910518903 182.9670074020396 121.23913999181241 327.62040455802344 80.163079011370428 633.72139429743402 139.45028867479414 3.9893641127273431 122.70043737720698 243.88955219852505 67.829779041931033 30.9454725086689 163.29927599127404
leaf_count=2464230 43083 31652 1123801 19977 210429 29097 69169 127893 16045 56917 26350 182983 413355 55111 495323 35247 34493 107630 191730 11770 19808 12916 98595 19650 1853 75508 83591 13694 1642 10040
internal_value=-2.32919e-10 -0.00721119 -0.00946964 -0.00709784 -0.00495358 -0.0312975 -0.00157254 -0.00389272 -0.000795626 0.0384467 -0.0161859 -0.0112372 -0.0049272 -0.0150044 -0.0183775 0.00908963 -0.0105918 -0.00650945 -0.0326866 0.00282497 0.00723003 0.00943032 0.00375939 -0.00868701 -0.00868026 -0.00457705 0.00168799 0.00652741 -0.037645 0.00324766
internal_weight=15768 13277.6 11661.9 10518.9 8463.45 1142.97 5502.64 4202.33 3356.67 2490.39 845.665 2960.82 2215.92 1968.71 1487.53 1615.73 642.973 547.545 351.645 837.679 1140.75 1041.5 713.884 1531.65 288.528 481.187 358.487 311.719 890.098 167.289
internal_count=6083582 5983582 5893020 3398051 2274250 2494969 1156333 945904 708262 100000 237642 1117917 560898 934934 742164 90562 168473 133980 246841 55315 147364 131319 111511 433005 23663 192770 117262 97285 2465872 11893
is_linear=0
shrinkage=0.05


Tree=44
num_leaves=31
num_cat=0
split_feature=67 24 79 73 41 76 4 46 35 94 79 79 81 55 16 28 73 58 97 76 55 97 4 62 55 98 76 50 98 84
split_gain=1602.31 180.547 221.459 82.7521 58.9352 55.7413 52.1037 52.1088 42.2039 41.7772 62.8654 50.0955 34.6007 33.1111 40.7093 30.302 28.8358 26.3739 26.1743 25.784 25.7023 24.9669 24.7484 24.0402 23.0428 22.2636 29.341 25.4969 24.021 32.3354
threshold=1.0000000180025095e-35 0.072706859558820738 0.052509827539324767 720.50000000000011 0.9495762586593629 0.57781264185905468 11.500000000000002 1.3309856653213503 1.0000000180025095e-35 2.9841296672821049 0.79532036185264599 1.7205024361610415 0.51315790414810192 0.22366318851709369 0.07144274935126306 0.36573067307472235 101.50000000000001 0.00068377202842384588 0.018224979750812057 0.20357825607061389 0.083328194916248335 0.34227398037910467 1.5000000000000002 0.087393026798963561 0.038077810779213912 1.0588814020156863 0.16572016477584842 38.500000000000007 15.04659938812256 1740.5000000000002
decision_type=2 2 2 2 2 2 2 2 2 2 2 2 2 2 2 2 2 2 2 2 2 2 2 2 2 2 2 2 2 2
left_child=1 2 3 8 15 6 7 9 -1 10 22 -12 -2 14 -11 19 -16 -8 -18 21 -13 -3 23 -4 -7 -20 27 -27 -28 -30
right_child=12 4 5 -5 -6 24 17 -9 -10 13 11 20 -14 -15 16 -17 18 -19 25 -21 -22 -23 -24 -25 -26 26 28 -29 29 -31
leaf_value=0.038464465287955441 0.032554584426049117 -0.01894559511241152 -0.032038022154274003 -0.036276432371473148 0.018085440281545712 -0.013311312430537786 -0.014209001520727696 0.0020100059620730081 -0.01646856086850192 -0.032187978424994511 -0.042882758045307084 -0.027588474257583526 0.044749629452124969 0.0022585099160775321 0.0033256604540754194 0.0076253494377811152 -0.038070122218500473 0.010526949344937935 0.004083044121018709 0.0077105226383155385 -0.013605398912103493 0.022441331914463219 0.0010223372184848781 0.00078507743987161647 0.0052362765687171521 -0.014986147075838674 -0.012941303000913791 -0.04184140264628354 0.023627408719137041 -0.0049424530998563605
leaf_weight=36.835718818940222 1359.7787391305901 369.08299728366546 133.08006509300321 917.93425199199191 744.8133659993764 193.87769880879205 135.69482302234974 902.81021225790028 688.24525206089311 188.98850285611115 226.57083650518325 466.62302654207451 1016.4168991127772 711.74257754255086 454.6674539759988 671.85824019787833 82.495094439596869 523.44451224955264 270.4193885573186 183.12642706558108 1111.2553752990207 40.43180456396658 603.53617487993324 96.04670670919586 1228.7452516480116 812.03642414906062 606.68679539451841 99.177519800607115 126.62784675927833 454.55084168940084
leaf_count=1203 43083 23679 150597 2408977 48026 92561 37324 265623 279862 112366 218072 310754 56917 77343 114420 18378 97909 36911 67063 5818 436854 1540 160746 49875 206747 310650 242779 50331 20127 137047
internal_value=-4.32948e-10 -0.00686098 -0.00936332 -0.0263034 0.00692788 -0.00641152 -0.00803201 -0.00924013 -0.0136778 -0.0108162 -0.0156534 -0.0208975 0.037771 -0.00746577 -0.00970155 0.000355873 -0.0082395 0.00543464 -0.010384 -0.0078853 -0.0177406 -0.0148594 -0.00428889 -0.018279 0.00270858 -0.0094201 -0.0111597 -0.0179091 -0.00598218 0.00128238
internal_weight=15457.6 13081.4 11072.1 1643.02 2009.31 9429.08 8006.45 7347.31 725.081 6444.5 2637.11 1804.45 2376.2 3807.39 3095.65 1264.5 2906.66 659.139 2451.99 592.641 1577.88 409.515 832.663 229.127 1422.62 2369.5 2099.08 911.214 1187.87 581.179
internal_count=6083582 5983582 5886141 2690042 97441 3196099 2896791 2822556 281065 2556933 1326898 965680 100000 1230035 1152692 49415 1040326 74235 925906 31037 747608 25219 361218 200472 299308 827997 760934 360981 399953 157174
is_linear=0
shrinkage=0.05


Tree=45
num_leaves=31
num_cat=0
split_feature=67 24 79 73 3 76 22 79 4 25 22 58 81 46 38 97 79 79 94 79 89 4 28 18 59 55 85 76 62 76
split_gain=1464.87 166.359 198.029 84.0976 54.1029 51.9914 53.4704 53.2339 60.2126 40.8223 37.2885 35.2465 34.6608 33.5287 32.6534 30.279 29.4253 26.1618 35.7389 30.7859 25.999 28.017 25.2387 32.9825 23.9136 22.7492 21.9986 21.4985 21.9032 21.0673
threshold=1.0000000180025095e-35 0.091034658253192915 0.052509827539324767 720.50000000000011 1.0000000180025095e-35 0.98554348945617687 5588.0000000000009 8.3106031417846697 5.5000000000000009 0.015642477199435238 1.0000000180025095e-35 0.28223288059234625 0.51315790414810192 1.3277714848518374 1.0000000180025095e-35 0.055904375389218337 246.96766662597659 1.0475883483886721 1.9946148395538332 1.7205024361610415 24.500000000000004 27.500000000000004 0.36573067307472235 0.0058954167179763326 0.37594221532344824 0.015627544373273853 0.99999070167541515 0.23617991805076602 0.17332632839679721 0.011547708418220283
decision_type=2 2 2 2 2 2 2 2 2 2 2 2 2 2 2 2 2 2 2 2 2 2 2 2 2 2 2 2 2 2
left_child=1 2 3 10 -3 6 7 8 13 -8 -1 15 26 17 22 -9 -11 27 19 -19 -17 24 23 -6 -22 -20 -2 28 -4 -10
right_child=12 4 5 -5 14 -7 9 11 29 16 -12 -13 -14 -15 -16 20 -18 18 25 -21 21 -23 -24 -25 -26 -27 -28 -29 -30 -31
leaf_value=0.039139873442645155 0.0077004333228143625 0.020248125965878685 -0.0062807566225189897 -0.035212572404168231 -0.022256428526542124 0.010049207382398314 -0.045904957450950128 -0.012580865672073119 -0.012621661655060358 -0.017417225143032952 -0.014972681156476684 0.023381314653826504 0.044281687762103977 -0.00044569859109859527 0.014630110022464574 0.017525391289039884 0.010406585951213937 -0.04922259213197426 -0.057916875647485169 -0.021763789878638844 -0.0332758984586905 0.050355585973277606 0.0040106775178080844 0.010853050334118633 -0.00068252491464781007 -0.011335320910572908 0.033511338297079758 -0.017757015982128078 0.019020655534751199 0.0037773797927068775
leaf_weight=33.276874307310209 88.5340701242676 576.50719355721958 552.81432257307461 889.26048520724726 275.81874660216272 478.69271784136072 113.55791000468889 526.0016391305835 243.38781825540354 797.47147407010198 735.26862100245489 147.24621623835992 957.70878749174517 513.84442847257014 344.86397182394285 208.26794017897919 107.87695222580805 122.10928308952134 26.800639447406866 622.23173157323617 57.721706224489026 26.34685993695166 482.50324480014388 103.42111202981323 2247.5634974353597 1190.6622152818018 1221.8276394436252 347.40154133085161 101.19586133235134 1002.5990783064626
leaf_count=1276 2751 35123 255925 2410657 18248 94548 72107 234053 59102 336865 286075 5794 56917 196591 6582 27566 12750 150652 46118 399963 14716 868 15135 5737 439896 482785 40332 202756 26564 145130
internal_value=3.19685e-10 -0.0065272 -0.00880605 -0.0247433 0.00764811 -0.00600539 -0.00686358 -0.00547921 -0.00885684 -0.0176464 -0.0126297 -0.000514392 0.0370517 -0.0122363 0.00162792 -0.00166203 -0.0141019 -0.0142809 -0.0176375 -0.0262684 0.000599208 -0.000912686 -0.00357547 -0.0132273 -0.00149863 -0.0123607 0.0317674 -0.00770522 -0.00236584 0.000574034
internal_weight=15142.8 12874.7 11091.6 1657.81 1783.11 9433.79 8955.1 7936.19 4723.05 1018.91 768.545 3213.15 2268.07 3477.06 1206.61 3065.9 905.348 2963.22 1961.8 744.341 2539.9 2331.63 861.743 379.24 2305.29 1217.46 1310.36 1001.41 654.01 1245.99
internal_count=6083582 5983582 5902757 2698008 80825 3204749 3110201 2688479 1965586 421722 287351 722893 100000 1761354 45702 717099 349615 1564763 1079518 550615 483046 455480 39120 23985 454612 528903 43083 485245 282489 204232
is_linear=0
shrinkage=0.05


Tree=46
num_leaves=31
num_cat=0
split_feature=67 81 76 55 94 24 22 51 79 81 22 81 22 88 25 59 59 85 84 96 76 4 84 97 44 3 1 80 29 96
split_gain=1338.17 153.884 192.163 67.9533 59.9222 56.2778 36.7034 53.6894 34.9932 34.7997 30.0998 26.4373 26.2948 42.0466 25.416 24.7037 21.9769 21.8712 21.0811 26.0671 19.9052 19.3467 19.1475 26.2255 19.133 18.9915 26.4163 19.7244 19.5744 18.4202
threshold=1.0000000180025095e-35 0.11437908560037614 0.00073791161412373196 0.053737703710794456 3.3514167070388798 0.068432815372943892 183.50000000000003 0.029161646962165836 37.106147766113288 0.51315790414810192 24793.500000000004 0.34166666865348821 85.500000000000014 0.028076841495931152 0.11962658539414407 0.60113638639450084 0.73699247837066661 0.99999070167541515 1979.5000000000002 154.86376953125003 0.16750565916299823 3.5000000000000004 1474.5000000000002 0.013400854077190162 0.033525753766298301 0.16247642785310748 0.29679679870605474 1.7719603776931765 0.86728799343109142 2.2075680494308476
decision_type=2 2 2 2 2 2 2 2 2 2 2 2 2 2 2 2 2 2 2 2 2 2 2 2 2 2 2 2 2 2
left_child=1 2 5 22 12 16 -6 -8 14 17 15 25 -5 21 29 -10 -1 -2 -17 20 -20 -14 24 -24 -4 27 -27 28 -3 -9
right_child=9 11 3 4 6 -7 7 8 10 -11 -12 -13 13 -15 -16 18 -18 -19 19 -21 -22 -23 23 -25 -26 26 -28 -29 -30 -31
leaf_value=-0.0071922462115254276 0.0068205125537800886 0.005391250434939379 -0.009839316236781033 -0.0023796206962957717 0.009760815060162813 -0.0019886498200936287 -0.048425514245692594 0.0016469478707356535 -0.03280905038292297 0.043817223155639171 -0.036228635048914153 0.019744958216196342 -0.040947385425240242 -0.0087857695068424453 0.021422962376242465 0.015905194813289794 -0.036556012048357671 0.032755168759737649 -0.019921728732458604 0.017647983593409956 0.0019653116506777014 -0.018370544361663285 -0.054772771675925702 -0.018228031127607496 -0.060447575989675463 -0.021996518582366387 0.0046520032903373618 0.022187043875481916 -0.082851244223286435 -0.0091948001639332658
leaf_weight=69.372240027660155 87.327388996549416 517.70932406221982 1189.6550213540322 1106.1823622637603 760.45044302154565 161.7117516931612 62.051969318068586 519.67541078594513 39.802927715471014 902.60493479032812 43.564657589478884 389.75796324305702 143.01583654701244 2194.959441869054 84.598465575836599 452.73036519309971 782.20121399214986 1176.3714688963373 130.23921487305779 214.90648368466645 513.268079603964 281.98524923250079 52.780034649185836 702.625290209573 18.973714582854882 134.38525124359876 301.94681685394607 219.02739566401578 6.3617561259306958 1591.8130876523792
leaf_count=51757 2751 48459 615590 356045 102623 15660 37005 87705 7911 56917 12332 21016 113749 805701 13215 32834 2427426 40332 41255 20706 87860 78393 89583 407121 11388 5267 8620 6738 1027 476596
internal_value=2.6104e-10 -0.00620204 -0.00827104 -0.00618916 -0.00417485 -0.029029 -0.000232732 -0.0023133 -0.0015164 0.0363188 0.0046779 0.00845532 -0.00884374 -0.011573 -0.00544977 0.00599703 -0.0341639 0.030963 0.00717509 0.0025708 -0.0024644 -0.0259678 -0.0145368 -0.0207814 -0.0106338 0.00472452 -0.00355543 0.00958634 0.00432007 -0.00652645
internal_weight=14852.1 12685.8 11116.6 10103.3 8139.24 1013.29 4413.1 3652.65 3590.6 2166.3 1394.51 1569.19 3726.14 2619.96 2196.09 1350.95 851.573 1263.7 1311.14 858.414 643.507 425.001 1964.03 755.405 1208.63 1179.43 436.332 743.098 524.071 2111.49
internal_count=6083582 5983582 5892455 3397612 2273930 2494843 920042 817419 780414 100000 202898 91127 1353888 997843 577516 190566 2479183 43083 182655 149821 129115 192142 1123682 496704 626978 70111 13887 56224 49486 564301
is_linear=0
shrinkage=0.05


Tree=47
num_leaves=31
num_cat=0
split_feature=67 81 76 55 101 88 22 88 76 29 81 58 4 94 96 94 94 73 94 68 96 85 79 25 58 83 84 97 76 76
split_gain=1224.5 141.706 177.482 59.9105 55.6347 46.0471 44.1718 41.411 37.973 35.3669 34.6408 26.8195 29.1151 31.1776 29.3195 25.5418 25.0412 24.8812 25.6936 23.1837 21.4953 21.3968 21.3118 22.6902 21.6765 21.3012 21.0627 22.1743 20.9902 20.7949
threshold=1.0000000180025095e-35 0.11437908560037614 0.0061256021726876506 0.053737703710794456 18.500000000000004 0.032896455377340324 109.50000000000001 0.0049196169711649427 0.80887517333030712 0.75347948074340831 0.51315790414810192 0.28223288059234625 8.5000000000000018 8.1092505455017108 0.36861385405063635 0.57416722178459179 1.5679984688758852 3963.0000000000005 35.426912307739265 0.052652165293693549 7.3408319950103769 0.99999070167541515 3.1703568696975712 0.01427044114097953 0.056414941325783736 0.0081026372499763983 1474.5000000000002 0.013400854077190162 0.1719232648611069 0.010936356149613859
decision_type=2 2 2 2 2 2 2 2 2 2 2 2 2 2 2 2 2 2 2 2 2 2 2 2 2 2 2 2 2 2
left_child=1 2 4 26 -1 6 16 -8 9 11 21 12 13 14 28 19 -5 18 -9 -3 -14 -2 24 -24 -16 29 -4 -28 -7 -25
right_child=10 15 3 5 -6 8 7 17 -10 -11 -12 -13 20 -15 22 -17 -18 -19 -20 -21 -22 -23 23 25 -26 -27 27 -29 -30 -31
leaf_value=-0.015798202573772988 0.0061995599230180928 0.024807884491190833 -0.0092062145956362824 -0.0087222963594342749 -0.035601172802746293 0.0080080884430416763 -0.047317871402262006 -0.014886084042887011 0.013242901395353829 0.019204943595067827 0.043337254508722917 0.017413152274782698 0.0070094394235935432 -0.00096231791820117262 -0.024309110102513399 0.014978183370498993 0.010329171824008856 -0.032965990574469375 0.0027890439607811046 -0.0010318409275081849 -0.01367378840735662 0.032024831641186066 0.0076766484480028851 0.028296932196012821 0.0024518644877465899 0.012142895624873579 -0.05275440630514882 -0.017791322284700751 -0.014009742411470696 -0.016689000828551525
leaf_weight=839.45652475999668 86.306155999773182 98.885868673678488 1125.4924311942887 366.79007732553873 614.14870184476604 329.45552794338437 94.18647512170719 801.43643247784348 423.68204611144029 184.14457318827044 851.77851597039989 154.43368640961125 840.71699000580702 1846.4973628304433 528.26913028999115 739.72616655437741 325.5818871196243 137.09813408565242 276.55942333181156 710.56497430452146 147.68297055654693 1134.4520989901503 175.70560878812103 26.700300379481632 88.321450867399108 80.643156055477448 48.615362751530483 675.01999267638894 161.2128655720735 678.10816155833891
leaf_count=502767 2751 4187 597132 141501 2179580 89942 59609 264189 59493 32766 56917 7907 98899 456307 350667 35392 53838 59766 60543 51548 17967 40332 40788 6663 11962 15494 88327 398164 80152 218032
internal_value=-2.00369e-10 -0.00589333 -0.00789239 -0.00540678 -0.024165 -0.0034585 -0.00997748 -0.0153788 -0.00115534 -0.0023191 0.0355986 -0.00310276 -0.00374892 -0.00568485 -0.00990071 0.00826227 0.000236491 -0.0129031 -0.0103515 0.00212485 0.00391903 0.030199 -0.0132205 -0.00856607 -0.0204758 -0.0121996 -0.0134851 -0.0201402 0.000773961 -0.0149848
internal_weight=14591.7 12519.1 10970 9516.35 1453.61 7667.23 2001.65 1309.28 5665.57 5241.89 2072.54 5057.75 4903.31 3914.91 2068.42 1549.18 692.372 1215.09 1078 809.451 988.4 1220.76 1577.75 961.157 616.591 785.452 1849.13 723.635 490.668 704.808
internal_count=6083582 5983582 5892455 3210108 2682347 2126485 639446 444107 1487039 1427546 100000 1394780 1386873 1270007 813700 91127 195339 384498 324732 55735 116866 43083 643606 280977 362629 240189 1083623 486491 170094 224695
is_linear=0
shrinkage=0.05


Tree=48
num_leaves=31
num_cat=0
split_feature=67 94 73 24 75 37 84 79 97 96 81 22 65 38 96 34 94 76 98 94 76 4 84 86 85 78 1 3 31 4
split_gain=1119.51 131.004 132.039 87.9147 54.9389 52.9123 38.965 46.9569 36.966 35.3751 34.4793 33.7848 26.8834 26.19 24.9429 24.7023 24.4074 24.1181 21.9617 23.8817 21.9872 34.4596 24.3938 21.9178 21.1171 21.0464 20.7252 31.4891 20.2983 20.2135
threshold=1.0000000180025095e-35 1.0013056993484499 720.50000000000011 0.10990089550614358 0.99866342544555675 0.0053533252794295558 161.50000000000003 26.529600143432621 0.013400854077190162 0.099839579313993468 0.51315790414810192 8489.5000000000018 0.0021602938650175933 0.99991336464881908 128.4079284667969 0.14337102323770526 20.013968467712406 0.0066204944159835586 1.201174318790436 8.3636631965637225 0.06944760307669641 2.5000000000000004 1343.5000000000002 0.73492681980133068 0.99999070167541515 0.83360475301742565 0.55646631121635448 0.1741658225655556 0.016452727839350704 41.500000000000007
decision_type=2 2 2 2 2 2 2 2 2 2 2 2 2 2 2 2 2 2 2 2 2 2 2 2 2 2 2 2 2 2
left_child=1 2 4 6 13 9 -3 8 -8 -4 24 16 -10 17 -13 29 28 -1 19 -14 21 -20 -22 -7 -2 -21 27 -6 -9 -11
right_child=10 3 5 -5 26 23 7 11 12 15 -12 14 18 -15 -16 -17 -18 -19 20 25 22 -23 -24 -25 -26 -27 -28 -29 -30 -31
leaf_value=-0.019292632850156657 0.0054664376257876034 0.0063728803337186656 -0.036326119847486821 0.017144720192507672 0.0083727393994351262 -0.03501873873133831 -0.037359450450354485 -0.028062229834834491 -0.045118001322525483 -0.022504895131992241 0.042839610340549047 -0.018880290644962862 -0.0048369584410229713 -0.045756383817560822 0.0060622017602616658 0.028771988265724371 0.0074662104250244644 -0.0072650591742346796 -0.028102391161445542 0.017739631828546674 -0.001699798275724216 -0.0016320497307620145 -0.012903473812172928 0.0049639087160780627 0.03128515706978606 -0.041800363804667971 0.024400673488823809 -0.011633210819984495 0.0040396873778977271 0.07977735643462941
leaf_weight=510.89715362124844 85.375756665715016 972.38549732032698 654.33543714009284 600.19867786648683 541.73385041300207 41.847482904791832 103.83413799252594 94.580048684205394 45.813761159719434 564.21893643090152 804.79830759367906 297.57042777206516 618.12255257891957 50.663457995542558 151.14228640950751 25.395397063577548 1363.8475171760074 2262.9843354702462 323.77731202571886 223.01696138177067 1130.0458757639281 198.22395961615257 852.26132740022149 189.45287569705397 1094.1863663978875 15.900462134275584 107.58945063059218 308.81138908967841 102.72510680416599 4.8720873517449936
leaf_count=278105 2751 217101 2374722 15731 43769 4627 126663 14305 33574 330440 56917 95544 168642 69900 25353 9079 233765 954897 177220 35944 305101 26640 394674 15313 40332 3960 3437 13063 10738 1275
internal_value=-6.34962e-11 -0.00559844 -0.0115755 -0.0011639 -0.00662146 -0.0242364 -0.00285624 -0.00448176 -0.00797063 -0.0283049 0.0348605 0.00161288 -0.007075 -0.010131 -0.0104788 -0.0194762 0.00508831 -0.00948031 -0.00655649 0.000352096 -0.00892079 -0.0180506 -0.00651664 -0.00226986 0.0294164 0.0137771 0.00372451 0.00110909 -0.0113487 -0.0216292
internal_weight=14340.6 12356.2 5262.8 7093.45 3782.68 1480.12 6493.25 5520.86 3511 1248.82 1984.36 2009.87 3407.16 2824.54 448.713 594.486 1561.15 2773.88 3361.35 857.04 2504.31 522.001 1982.31 231.3 1179.56 238.917 958.135 850.545 197.305 569.091
internal_count=6083582 5983582 4098627 1884955 1363171 2735456 1869224 1652123 1272418 2715516 100000 379705 1145755 1302902 120897 340794 258808 1233002 1112181 208546 903635 203860 699775 19940 43083 39904 60269 56832 25043 331715
is_linear=0
shrinkage=0.05


Tree=49
num_leaves=31
num_cat=0
split_feature=67 94 73 24 75 37 55 81 96 76 4 29 96 58 22 94 38 39 3 34 76 85 81 74 69 57 1 3 86 4
split_gain=1022.86 121.409 120.303 78.2422 50.1371 48.4888 42.0414 34.2547 34.0711 28.8534 33.3024 26.3538 25.3881 34.5551 25.8775 24.6385 23.7235 23.4352 22.4255 22.3228 22.0436 20.7262 20.5913 20.3191 20.2555 19.8513 19.4864 29.9554 19.2953 19.2123
threshold=1.0000000180025095e-35 1.0013056993484499 720.50000000000011 0.039008490741252906 0.99866342544555675 0.0053533252794295558 0.053737703710794456 0.51315790414810192 0.099839579313993468 0.27374035120010382 9.5000000000000018 0.74165400862693798 0.6218543052673341 0.093092165887355818 3699.5000000000005 8.1092505455017108 0.99991336464881908 0.0016745745087973776 0.2522727251052857 0.14337102323770526 0.0066204944159835586 0.99999070167541515 0.17156863212585452 0.060118107125163085 0.0060987607575953015 717.00000000000011 0.55646631121635448 0.1741658225655556 0.75163215398788463 3.5000000000000004
decision_type=2 2 2 2 2 2 2 2 2 2 2 2 2 2 2 2 2 2 2 2 2 2 2 2 2 2 2 2 2 2
left_child=1 2 4 6 16 8 -3 21 25 10 11 12 13 -8 15 -14 20 24 -5 23 -1 -2 -20 -10 -16 -4 27 -6 -7 -22
right_child=7 3 5 18 26 28 9 -9 19 -11 -12 -13 14 -15 17 -17 -18 -19 22 -21 29 -23 -24 -25 -26 -27 -28 -29 -30 -31
leaf_value=-0.018639240721752347 0.004810274507648927 -0.01141841607433563 -0.042856832963802986 0.016165232316380132 0.0080737347425835059 -0.031679973589403408 0.0092928789392464194 0.042343250126940089 -0.025639900276154978 0.0037217102963552733 0.011035574127114638 0.019314083224535324 -0.013769741755686305 -0.078643306011138531 0.046021467272036258 -0.001981975041791872 -0.044750415867948375 -0.0092144899649034741 -0.030318919219834664 0.026291670716335015 -0.012842196968267765 0.030548183259623787 0.0092667932799463393 -0.001790279590632021 -0.038994328422065155 -0.02466284767260854 0.023586317903112278 -0.01150377673436149 0.0048395000551162805 -0.0033573892529676036
leaf_weight=502.12028781769914 84.479314074327704 1204.8904682736029 373.07192558207316 756.87659727991559 537.83884293062147 45.009606512845494 311.97301353910007 760.30057489684259 445.68803420651238 1953.1735172836343 323.66411660204176 99.302022960968316 720.43926971638575 11.586564359720795 7.3360228680539867 1152.3353425611858 47.65703249204671 186.13290869339835 52.645546563668177 26.283829897060059 874.37514647064381 1055.5431827233406 87.369056520285085 111.68527528707637 155.8429731290089 250.65349293714098 107.25403981399722 306.87124043982476 184.15779603482224 1371.1237787419232
leaf_count=278105 2751 697632 1434511 32594 43769 5062 64261 56917 286025 358365 16035 15029 230641 2033 2584 287221 69900 80653 1850 9079 619805 40332 1975 45690 94082 940211 3437 13063 14878 335092
internal_value=-1.45769e-10 -0.00531195 -0.0111161 -0.00102814 -0.00639996 -0.0234182 -0.00304729 0.0341231 -0.0274203 -0.00099798 -0.00410326 -0.00595581 -0.00694155 0.00614391 -0.00884694 -0.00651662 -0.0097751 -0.0213405 0.0127647 -0.0187375 -0.00916846 0.0286409 -0.00561745 -0.020861 -0.0351723 -0.0355453 0.00351055 0.000961501 -0.0023331 -0.00705068
internal_weight=14107.7 12207.4 5183.79 7023.57 3747.24 1436.55 6126.68 1900.32 1207.38 4921.79 2968.61 2644.95 2545.65 323.56 2222.09 1872.77 2795.28 349.312 896.891 583.657 2747.62 1140.02 140.015 557.373 163.179 623.725 951.964 844.71 229.167 2245.5
internal_count=6083582 5983582 4098627 1884955 1363171 2735456 1848536 100000 2715516 1150904 792539 776504 761475 66294 695181 517862 1302902 177319 36419 340794 1233002 43083 3825 331715 96666 2374722 60269 56832 19940 954897
is_linear=0
shrinkage=0.05


Tree=50
num_leaves=31
num_cat=0
split_feature=67 81 76 55 101 76 81 51 32 28 63 68 85 94 43 21 3 94 52 22 46 58 99 84 94 55 3 44 55 99
split_gain=933.306 112.932 130.702 53.1924 52.5595 41.0142 34.071 32.4243 31.0242 29.629 27.8878 25.0147 23.7642 21.9406 20.5716 18.1275 22.1804 19.1519 17.7156 17.7104 17.5821 17.3988 17.1959 19.2686 24.5439 20.8284 23.7286 19.8883 17.7151 22.5213
threshold=1.0000000180025095e-35 0.17156863212585452 0.0061256021726876506 0.07905470579862596 18.500000000000004 0.6363399624824525 0.26969698071479803 0.13620975613594058 1.0000000180025095e-35 0.40576072037220007 17.500000000000004 0.028580026701092724 0.99529978632926952 0.70357206463813793 1.5000000000000002 0.0053626389708369979 0.95833334326744091 0.99629920721054088 0.053603094071149833 18.500000000000004 1.8952788114547732 0.28223288059234625 0.026391672901809219 746.50000000000011 3.118015050888062 0.019670665264129642 0.18127053976058963 0.034703737124800689 0.026319088414311412 0.066046833992004408
decision_type=2 2 2 2 2 2 2 2 2 2 2 2 2 2 2 2 2 2 2 2 2 2 2 2 2 2 2 2 2 2
left_child=1 2 4 11 9 7 8 10 -2 15 21 12 -4 14 -3 16 -1 18 19 -17 -9 -5 23 27 -25 26 -26 -13 29 -24
right_child=6 13 3 5 -6 -7 -8 20 -10 -11 -12 22 -14 -15 -16 17 -18 -19 -20 -21 -22 -23 28 24 25 -27 -28 -29 -30 -31
leaf_value=-0.042201844158955219 0.0072492821903677234 0.016072134353589868 -0.040001024625519313 -0.0063138059817149294 -0.032939190599340938 0.0096720781656390708 0.038098089648035988 1.3020078604423999e-06 0.03157211901142562 0.011094440561050467 -0.024253691667472585 -0.0035399898458145264 0.039274899402094617 0.017571709872127913 -0.0042697314107769833 -0.0053853867417683861 0.0087763715699388806 0.0070518328255821721 -0.011259717976656956 -0.042748320037297838 0.028940826706750206 0.019373765885042884 -0.032669939900603427 -0.024728897056928489 -0.059376591038775628 -0.0087365243297633007 0.010996128312273961 -0.038330743182794669 0.0010868953092492372 0.013939093798814726
leaf_weight=115.56045657940558 196.32819174526958 197.37498168856837 102.32236372161424 2361.4973395970883 538.39173720900726 703.65638126840349 1230.5891568558 2808.7376553417998 394.62013244110858 110.11728897993453 218.29491092392709 891.79577103193151 10.415478069800882 538.63099454902112 335.63841408630833 45.576925124536501 26.169300406123511 100.19072382571176 404.27446057852649 104.29401111660991 53.483569993404672 67.812517125159502 90.585066122876015 409.3304563202837 42.04631562915165 1036.4588361797505 16.750611876719631 43.061554339888971 651.19699795631459 36.304648990626447
leaf_count=224993 13040 10416 89095 677288 2179785 92109 80934 686188 6026 4340 92654 407058 358 26896 26416 9605 2078 20171 167731 83596 7723 3334 73657 281333 87171 450412 2466 20482 240527 15700
internal_value=2.15849e-10 -0.0050386 -0.0065496 -0.00442804 -0.0205659 -0.00169524 0.0333594 -0.00314696 0.0234914 -0.0132146 -0.00713502 -0.00952678 -0.032677 0.0104548 0.00326287 -0.0165772 -0.0327891 -0.0130657 -0.0167029 -0.031386 0.000542067 -0.00559676 -0.00871563 -0.01078 -0.0142828 -0.0103788 -0.0393282 -0.00514253 -0.00224342 -0.0193345
internal_weight=13881.5 12060 10988.3 9543.75 1444.57 6213.48 1821.54 5509.83 590.948 906.183 2647.6 3330.27 112.738 1071.64 533.013 796.066 141.73 654.336 554.145 149.871 2862.22 2429.31 3217.53 2439.44 1504.59 1095.26 58.7969 934.857 778.087 126.89
internal_count=6083582 5983582 5919854 3227555 2692299 1559296 100000 1467187 19066 512514 773276 1668259 89453 63728 36832 508174 227071 281103 260932 93201 693911 680622 1578806 1248922 821382 540049 89637 427540 329884 89357
is_linear=0
shrinkage=0.05


Tree=51
num_leaves=31
num_cat=0
split_feature=67 94 73 24 81 37 81 84 79 97 22 25 96 65 84 94 38 76 91 85 53 86 30 84 33 34 98 94 71 3
split_gain=852.932 106.764 103.304 69.7554 44.3218 40.6446 34.1927 33.8909 40.3657 32.369 32.1354 31.0598 30.8029 24.1786 24.1724 23.4992 22.5603 21.9475 21.5475 20.4348 19.9916 19.6469 19.4406 19.148 19.1305 19.0199 18.586 20.245 20.2671 18.5226
threshold=1.0000000180025095e-35 1.0013056993484499 720.50000000000011 0.10990089550614358 0.064583335071802153 0.0053533252794295558 0.51315790414810192 161.50000000000003 26.529600143432621 0.013400854077190162 1917.5000000000002 0.016406901180744175 0.099839579313993468 0.0021602938650175933 143.50000000000003 38.342529296875007 0.99991336464881908 0.010936356149613859 0.62738633155822765 0.99999070167541515 0.27452152967453008 0.73492681980133068 4.5000000000000009 746.50000000000011 0.035856619477272041 0.14337102323770526 1.5246298909187319 8.3636631965637225 1.1915174722671511 0.2522727251052857
decision_type=2 2 2 2 2 2 2 2 2 2 2 2 2 2 2 2 2 2 2 2 2 2 2 2 2 2 2 2 2 2
left_child=1 2 4 7 16 12 19 -3 9 -9 -10 18 -4 -11 -6 -13 17 -1 20 -2 -12 -7 -19 -15 -24 -14 27 -25 -29 -5
right_child=6 3 5 29 14 21 -8 8 10 13 11 15 25 23 -16 -17 -18 22 -20 -21 -22 -23 24 26 -26 -27 -28 28 -30 -31
leaf_value=-0.017059281993581372 0.0029456049648065238 0.0064475190038598036 -0.034137940085066508 0.020232312150558929 0.011373449648608413 -0.03418872004649872 0.041333090156549762 -0.035532051220931012 0.009532134168620577 -0.043882194390853876 -0.058197390105473472 -0.02045728457455892 -0.019714817099963505 -0.0014240523728240619 -0.0044682886001790939 0.002498604284698224 -0.044376292498523776 -0.011680512083815348 -0.051277694427237154 0.028997615186718718 0.0014390788861582337 0.0041643486151882415 0.0033441173981840302 -0.0087970111170995128 -0.0097306432022463939 0.023353159659696008 -0.011902705074374928 0.019281033499995853 -0.039343470186801482 -0.0020989487515661728
leaf_weight=599.71769314262201 81.501710756274406 948.05526418838417 570.10739347462368 467.89294132450595 469.79241704940796 40.715330099104904 683.39092694127248 97.245871146325953 810.66153685405152 42.168215313751716 17.581304516585078 127.69154642627109 537.62035753615783 1423.4483725297614 494.01121317240177 878.21311941498425 44.896498927468201 907.94493325232179 51.526153577433433 984.6185741496156 70.020158801693469 185.62641218572389 695.13915112736868 256.28969832125586 468.20553354098229 26.91889231139794 1413.6307135780808 151.0634359465912 16.336905067437328 115.84792762773577
leaf_count=335708 2751 217101 2374722 12947 30043 4627 56917 126663 93964 33574 15193 27345 331715 349850 38268 200495 69903 611603 20928 40332 21780 15313 156905 90531 120741 9079 634979 31758 5063 2784
internal_value=4.7531e-10 -0.00478174 -0.0103112 -0.000735037 -0.00595805 -0.0220808 0.0326024 -0.00226622 -0.00380866 -0.00710066 0.00191485 -0.00347805 -0.02594 -0.00626358 0.00325354 -0.000415462 -0.00922701 -0.00863619 -0.0256208 0.027006 -0.0105297 -0.00273477 -0.00619738 -0.00577709 -0.00191802 -0.0176612 -0.00914958 3.6171e-05 0.0135598 0.0158005
internal_weight=13677.9 11928.4 5040.7 6887.67 3679.71 1360.99 1749.51 6303.93 5355.88 3400.18 1955.69 1145.03 1134.65 3302.94 963.804 1005.9 2715.9 2671.01 139.128 1066.12 87.6015 226.342 2071.29 3260.77 1163.34 564.539 1837.32 423.69 167.4 583.741
internal_count=6083582 5983582 4098627 1884955 1363171 2735456 100000 1869224 1652123 1272418 379705 285741 2715516 1145755 68311 227840 1294860 1224957 57901 43083 36973 19940 889249 1112181 277646 340794 762331 127352 36821 15731
is_linear=0
shrinkage=0.05


Tree=52
num_leaves=31
num_cat=0
split_feature=67 81 76 55 101 96 22 94 81 22 88 57 79 88 28 68 22 85 98 94 25 24 43 89 76 66 81 0 59 55
split_gain=777.286 100.185 110.125 49.4028 47.4756 39.5677 44.8659 35.669 33.8854 26.1697 26.2771 24.4553 24.9553 21.5989 21.1607 20.4458 19.9369 19.921 19.626 19.1826 18.9958 18.522 18.1732 18.0885 17.6377 20.6025 16.6972 16.2431 16.0591 16.3906
threshold=1.0000000180025095e-35 0.18465909361839297 0.0061256021726876506 0.07905470579862596 18.500000000000004 154.86376953125003 5820.5000000000009 4.6120369434356698 0.51315790414810192 91.500000000000014 0.024947223253548149 12.500000000000002 26.529600143432621 0.029663803055882457 0.40576072037220007 0.037058057263493545 281.50000000000006 0.99999070167541515 0.15705443918704989 0.57416722178459179 0.050621867179870612 0.083341997116804137 12.500000000000002 29.500000000000004 0.16375155746936801 0.50075528025627147 0.064583335071802153 0.020933472551405433 1.9407941699028017 0.022226713597774509
decision_type=2 2 2 2 2 2 2 2 2 2 2 2 2 2 2 2 2 2 2 2 2 2 2 2 2 2 2 2 2 2
left_child=1 2 4 15 14 6 7 9 17 23 -11 16 20 -8 -1 18 -9 -2 27 22 -13 -19 -3 26 25 -14 -5 -4 29 -17
right_child=8 19 3 5 -6 -7 13 11 -10 10 -12 12 24 -15 -16 28 -18 21 -20 -21 -22 -23 -24 -25 -26 -27 -28 -29 -30 -31
leaf_value=-0.015174124316426708 0.002373733730407993 0.010161667205654264 -0.060791383307330971 0.00097889486276079652 -0.031537607836345141 0.015648801936757481 -0.039018341182946975 0.016484960081781297 0.040790446490856225 -0.024283451260819034 -0.0060223725406026093 -0.0082475608688986155 -0.0591649444987161 -0.011795586920527746 0.0078761153591511684 -0.018441677320824603 -0.031474215237412277 0.017979032296509836 -0.048273211660802284 0.017191912944783321 0.0057286617561147475 0.03296937248533429 -0.01015897014024612 -0.046380866389064364 0.012492694926577001 0.0006055043262026533 0.025628279600547105 0.0057982222668683751 0.015393970137518687 -0.007369702812568788
leaf_weight=774.0714760512783 80.87200339930132 333.3110681847902 11.501078650646376 864.39812735555461 494.58129558367364 323.79871184116928 88.371443367563188 424.20609351602616 647.01673501664118 223.49007960731979 1662.0034681290563 769.88541686203098 15.178013183875008 415.19496960256947 114.26547888130881 381.60213517563534 22.83632117009256 301.57854341156781 63.599593876948347 519.2826613135403 355.3236046822276 650.64039494097233 164.24363562301733 18.967077741515823 580.92698299192125 287.70281344850082 74.634070719126612 44.949808059085626 70.489809942548163 2694.3475910091947
leaf_count=508334 2751 20812 17338 276880 2179790 29173 48469 59337 56917 95823 530646 183015 2496 147448 4510 327087 9900 23284 70223 26790 65257 17048 15069 5639 58831 44166 2566 12101 25942 1215940
internal_value=-1.57249e-10 -0.00453291 -0.00594853 -0.00400914 -0.0191217 -0.00136153 -0.00231066 -0.000955452 0.0318178 -0.00476777 -0.00818688 0.00345825 0.00110472 -0.0165729 -0.0122092 -0.00897523 0.0140351 0.0261983 -0.0292268 0.0104696 -0.00383409 0.0282218 0.00345379 0.00196158 0.00739249 -0.00238972 0.00293802 -0.00776848 -0.00820254 -0.00874329
internal_weight=13473.3 11793.2 10776.3 9393.41 1382.92 6126.92 5803.12 5299.55 1680.11 2843.49 1885.49 2456.06 2009.02 503.566 888.337 3266.49 447.042 1033.09 120.05 1016.84 1125.21 952.219 497.555 957.999 883.808 302.881 939.032 56.4509 3146.44 3075.95
internal_count=6083582 5983582 5920911 3228277 2692634 1559646 1530473 1334556 100000 911554 626469 423002 353765 195917 512844 1668631 69237 43083 99662 62671 248272 40332 35881 285085 105493 46662 279446 29439 1568969 1543027
is_linear=0
shrinkage=0.05


Tree=53
num_leaves=31
num_cat=0
split_feature=67 94 73 24 81 55 96 81 46 88 25 85 41 24 22 37 57 84 84 46 23 55 35 47 81 58 22 68 96 22
split_gain=709.413 94.0576 99.3103 58.9366 39.9126 36.8765 35.8477 33.532 25.2603 21.1974 20.1964 19.3651 18.7923 18.3224 17.8479 17.7778 20.1081 17.7759 18.4179 45.3716 22.0291 22.3175 23.1551 17.6705 17.5887 17.4457 15.9597 18.0319 15.6177 20.3131
threshold=1.0000000180025095e-35 3.3514167070388798 720.50000000000011 0.050129801034927375 0.12132352963089944 0.1521875858306885 0.099839579313993468 0.51315790414810192 1.1786030530929568 0.01291351765394211 0.0083031780086457747 0.99999070167541515 0.74788135290145885 0.083341997116804137 79.500000000000014 0.006788382539525629 717.00000000000011 18721.500000000004 152.50000000000003 0.62095004320144664 72.051406860351577 0.033674633130431182 476.20274353027349 0.0007439542969223113 0.10818713530898096 0.28223288059234625 1797.5000000000002 0.15020424872636798 76.535903930664077 9593.0000000000018
decision_type=2 2 2 2 2 2 2 2 2 2 2 2 2 2 2 2 2 2 2 2 2 2 2 2 2 2 2 2 2 2
left_child=1 2 4 5 17 8 15 11 9 -3 -8 -2 24 -13 -6 16 -4 18 -1 -20 21 22 -21 -12 -5 -7 -17 -28 -11 -30
right_child=7 3 6 12 14 25 10 -9 -10 28 23 13 -14 -15 -16 26 -18 -19 19 20 -22 -23 -24 -25 -26 -27 27 -29 29 -31
leaf_value=-0.0033878967586190053 0.0018766755309747281 -0.029057105492196596 -0.040520062549922818 -0.045110739473101992 0.014251134926445932 0.0033891398234765346 -0.049663002270659777 0.040241160689299102 0.0035144971642518726 -0.0074219706816895025 -0.032826435909143914 0.017172603092305727 0.017470839296318409 0.032284524741533524 -0.0013566580497119296 -0.10463972193573148 -0.020657012798944937 0.053600848907105571 -0.049118385215418642 -0.0060981526268509764 -0.04314485868048696 -0.0067716346227479941 -0.045497328823625401 -0.009151434891592437 0.0046976028661367573 0.026956037984504962 -0.03258410490391913 0.024471680238686417 0.01709587163464267 -0.010317733905993162
leaf_weight=1678.5892212269828 80.442422592721414 104.05440320333582 317.78964844982693 21.514235304668546 327.83762447093613 1528.7561538449372 36.870944438443985 613.94550716251069 742.48213752236916 2206.9884949755506 88.767372093250742 294.75449583705631 590.11366550612729 627.76896805834258 415.06771055981517 3.7202271041460326 212.69052442115208 12.012673168675972 72.992506586248055 70.856883196043782 46.230825814738637 1891.8470583930321 78.72401629833621 702.985127468055 100.61421111749951 82.780106714228168 22.726261994801462 35.446545256301761 155.86515691503882 119.29392984422157
leaf_count=614906 2751 84452 1436297 1035 18757 199160 33395 56917 224753 927903 132177 23284 23755 17048 30165 894 940312 653 46312 45005 27909 808702 69372 248308 2465 2119 3165 2814 28353 30444
internal_value=2.60516e-10 -0.00430129 -0.00865311 0.000329773 -0.00508007 -0.00160881 -0.0202049 0.031038 -0.00461458 -0.00694838 -0.0134903 0.0254045 0.0137761 0.0274561 0.00553092 -0.0295975 -0.0325562 -0.00712693 -0.00731694 -0.0103694 -0.00901457 -0.00824165 -0.0268338 -0.0118058 -0.00407667 0.00459971 -0.00423896 0.0021818 -0.00602156 0.00521083
internal_weight=13284.5 11667.6 6015.16 5652.46 4594.16 4940.22 1421 1616.91 3328.68 2586.2 828.623 1002.97 712.242 922.523 742.905 592.373 530.48 3851.25 3839.24 2160.65 2087.66 2041.43 149.581 791.752 122.128 1611.54 61.893 58.1728 2482.15 275.159
internal_count=6083582 5983582 4459143 1524439 1661781 1497184 2797362 100000 1295905 1071152 413880 43083 27255 40332 48922 2383482 2376609 1612859 1612206 997300 950988 923079 114377 380485 3500 201279 6873 5979 986700 58797
is_linear=0
shrinkage=0.05


Tree=54
num_leaves=31
num_cat=0
split_feature=67 81 76 55 0 76 81 32 75 99 4 76 94 96 6 90 94 26 66 93 84 72 99 28 98 84 79 94 98 1
split_gain=647.153 89.008 90.8087 43.9321 43.4505 35.3264 33.2113 31.1191 29.5925 29.1026 22.5406 25.8135 24.9216 21.6524 20.5969 20.2271 18.3507 18.5069 17.3448 18.8178 17.5241 18.5271 17.0971 19.2961 17.0269 17.7597 16.9456 27.2164 18.1313 16.7746
threshold=1.0000000180025095e-35 0.2264957278966904 0.0061256021726876506 0.075927656143903746 0.099478054791688933 0.6363399624824525 0.26969698071479803 1.0000000180025095e-35 0.99891912937164318 0.023076206445693973 8.5000000000000018 0.1297523304820061 0.997320055961609 0.16893336921930316 0.024283889681100849 1.5020661354064944 0.70242309570312511 0.76526069641113292 1.3857705593109133 1.3347164988517763 6590.0000000000009 1.9383301734924319 0.025409705005586151 0.57553020119667064 10.503186225891115 1800.5000000000002 2.2320719957351689 5.1022558212280282 1.7168294191360476 0.61200717091560375
decision_type=2 2 2 2 2 2 2 2 2 2 2 2 2 2 2 2 2 2 2 2 2 2 2 2 2 2 2 2 2 2
left_child=1 2 4 22 14 9 7 -2 16 10 11 13 -13 -5 -1 29 -6 -18 24 20 21 -20 -4 -24 -14 -26 27 -15 -28 -11
right_child=6 -3 3 5 8 -7 -8 -9 -10 15 -12 12 18 26 -16 -17 17 -19 19 -21 -22 -23 23 -25 25 -27 28 -29 -30 -31
leaf_value=-0.027072540248342228 0.0032194297316328392 0.012194851871381616 -0.010569534400288598 0.0063794288609867666 -0.020109096760802012 0.0093778285627695648 0.035484335527552799 0.028822962092477734 0.0035905425263194298 0.0020408542683884767 0.0023179470632662754 -0.015677455968454459 -0.002402182406818278 -0.031020452597641225 -0.090575426649526641 0.018367794807942133 -0.014369102014008182 0.032855534406262293 0.0018276826602890317 -0.088970753377282441 -0.024593227413341294 -0.068438330219873153 -0.0034958338893508038 0.04024926134492661 0.021764400430748045 0.001246174058877284 0.0016693719102620647 0.026990701277149816 -0.014542887901606972 -0.024522391085345329
leaf_weight=505.2369926936226 180.52333541557891 783.42585879727267 2297.2976215133822 146.65181146777468 511.29132499721891 712.64418680442031 1030.0340162471075 346.40839414467337 263.85089756222442 1528.3980145876703 841.15071030170657 290.67796501482371 427.04774422303308 222.23152459893026 13.099999301368369 187.58894985972438 50.946316230401862 34.997552765184082 290.32008394959848 7.0366820496274149 100.20296378651983 9.6944321674527583 768.57665672773146 26.063553530257195 216.26030595775228 205.8450397545821 218.92960421353928 22.242013521201443 812.44846412941115 61.838056602457073
leaf_count=2137043 13040 49817 1258483 38656 523680 97701 80934 6026 16944 381290 98895 125009 124192 178952 2965 29423 11777 4702 67490 2474 39106 3968 350944 495 20355 44574 56339 4516 300690 13102
internal_value=1.44406e-10 -0.00407717 -0.00526054 -0.00350133 -0.0172398 -0.00110604 0.0302613 0.0200514 -0.0103549 -0.00244292 -0.00490741 -0.00695402 -0.00248394 -0.0118156 -0.0286775 0.00283966 -0.0165158 0.00486143 0.00056846 -0.00791454 -0.0064894 -0.000442838 -0.00838282 -0.00206103 0.00463691 0.0117584 -0.013907 -0.0257426 -0.0111015 0.00100791
internal_weight=13113 11556 10772.6 9393.15 1379.42 6301.21 1556.97 526.932 861.086 5588.56 3810.74 2969.59 1547.09 1422.5 518.337 1777.83 597.235 85.9439 1256.41 407.254 400.217 300.015 3091.94 794.64 849.153 422.105 1275.85 244.474 1031.38 1590.24
internal_count=6083582 5983582 5933765 3236654 2697111 1626732 100000 19066 557103 1529031 1105216 1006321 427168 579153 2140008 423815 540159 16479 302159 113038 110564 71458 1609922 351439 189121 64929 540497 183468 357029 394392
is_linear=0
shrinkage=0.05


Tree=55
num_leaves=31
num_cat=0
split_feature=67 94 73 24 81 81 24 52 76 96 89 79 71 49 34 25 91 22 36 38 84 38 28 24 74 57 79 76 70 79
split_gain=589.103 84.9065 75.1809 53.4205 33.6873 33.1224 31.5402 29.421 25.6738 24.8644 23.1187 26.5259 25.5562 25.0236 21.0041 20.5468 21.2735 20.0704 19.6317 21.9334 19.529 19.4219 19.1312 21.591 18.4986 18.1406 17.9827 17.7438 17.719 17.334
threshold=1.0000000180025095e-35 1.0013056993484499 720.50000000000011 0.10990089550614358 0.064583335071802153 0.51315790414810192 0.065816547721624388 0.052213536575436599 0.99999400973320018 0.099839579313993468 808.50000000000011 95.640045166015639 1.1860937476158144 0.60111525654792797 0.14337102323770526 0.016776959411799911 0.63693183660507213 24.500000000000004 0.58825752139091503 12.085646629333498 143.50000000000003 0.99991336464881908 0.99527615308761608 0.083341997116804137 0.060118107125163085 717.00000000000011 333.27758789062506 0.010936356149613859 0.64327800273895275 3.5514179468154912
decision_type=2 2 2 2 2 2 2 2 2 2 2 2 2 2 2 2 2 2 2 2 2 2 2 2 2 2 2 2 2 2
left_child=1 2 4 7 21 22 9 17 10 25 11 12 28 -13 24 16 -12 -3 19 -10 -6 27 23 -2 -11 -4 -17 29 -9 -1
right_child=5 3 6 -5 20 -7 -8 8 18 14 15 13 -14 -15 -16 26 -18 -19 -20 -21 -22 -23 -24 -25 -26 -27 -28 -29 -30 -31
leaf_value=-0.017840711842752544 0.014945181427488657 0.014079965748479965 -0.039009281717702009 0.014574480819928621 0.01031554311069182 0.039142356718579088 -0.0013960387970132118 -0.0037389644966356939 0.020495765089403206 -0.022737845071275506 -0.0076260932051913869 -0.065390373070861055 0.0062657671956061287 0.015937031393348587 0.025596674321971376 -0.010918703927352041 -0.061706713966647543 -0.010209331641502457 0.021688329647793408 -0.038894714246678425 -0.0041247325417074045 -0.042677877329359099 0.0046501937006474458 0.032083618968755064 0.00070570170460842411 -0.019477638330513625 0.016253277583685648 -0.0053884797327108554 0.0263616978225602 0.015516061886243222
leaf_weight=528.23958062606835 274.74403428309597 91.823783425206784 294.82403923352831 560.24172651011031 456.67442178062629 555.78327022464873 201.75244132510852 2646.0958778216154 30.20391744072549 415.74717513439828 35.647545943153091 9.7270238281344046 974.29050477489363 342.45522767666262 29.183467325638048 383.19062184917857 37.119145715259947 1152.5990266966692 222.937990828068 32.033064123010263 480.47627713764086 40.067392898286926 115.03099994364311 554.97114267991856 105.49841135952738 199.20752415300376 72.394803424947895 2009.7184121438622 49.811227377038449 42.046766482060775
leaf_count=324467 23188 22495 1436347 15731 30043 56917 15341 716509 5155 288663 18029 2275 192613 32984 9209 131986 22003 678289 25355 7628 38268 69903 3663 16232 45707 940189 5017 889249 8886 11241
internal_value=5.52595e-11 -0.00386239 -0.0089262 -0.000199489 -0.00522376 0.029457 -0.0194946 -0.00156076 0.000203568 -0.0229905 -0.000708425 0.000583185 -0.000674588 0.0136908 -0.0156818 -0.0105415 -0.0352133 -0.00841707 0.0147569 -0.0100722 0.00291203 -0.00813378 0.0237593 0.0264086 -0.0179929 -0.0311336 -0.00660094 -0.00759731 -0.00318281 -0.0153813
internal_weight=12944.5 11444 4803.44 6640.57 3557.22 1500.53 1246.21 6080.33 4835.91 1044.46 4550.73 4022.38 3670.2 352.182 550.429 528.352 72.7667 1244.42 285.175 62.237 937.151 2620.07 944.746 829.715 521.246 494.032 455.585 2580 2695.91 570.286
internal_count=6083582 5983582 4098627 1884955 1363171 100000 2735456 1869224 1168440 2720115 1130302 953267 918008 35259 343579 177035 40032 700784 38138 12783 68311 1294860 43083 39420 334370 2376536 137003 1224957 725395 335708
is_linear=0
shrinkage=0.05


Tree=56
num_leaves=31
num_cat=0
split_feature=67 81 94 73 97 15 4 28 24 76 76 57 4 4 39 89 71 55 96 79 28 79 79 78 60 58 96 79 45 27
split_gain=535.415 80.1854 79.4282 65.6799 34.8429 32.8426 32.6397 21.5916 21.8055 21.5113 20.8496 28.307 22.2588 20.7083 18.826 18.7351 17.6265 18.242 17.1772 15.999 19.0886 16.1679 34.355 24.3735 20.9847 16.0537 15.4497 18.5594 20.3176 17.4874
threshold=1.0000000180025095e-35 0.2264957278966904 1.0013056993484499 1348.5000000000002 0.087559491395950331 0.70833334326744091 3.5000000000000004 0.99527615308761608 0.083341997116804137 0.039239387959241874 0.27374035120010382 416.50000000000006 10.500000000000002 34.500000000000007 0.0061652373988181361 9820.0000000000018 0.93341302871704113 0.10939398407936098 0.6737867295742036 0.099823448807001128 0.36573067307472235 0.84306937456130993 1.5701317787170412 0.754011631011963 0.17307305335998538 0.01042490638792515 0.6218543052673341 11.541090011596681 0.9753209948539735 0.046966912224888809
decision_type=2 2 2 2 2 2 2 2 2 2 2 2 2 2 2 2 2 2 2 2 2 2 2 2 2 2 2 2 2 2
left_child=1 2 3 6 15 7 9 8 -2 -1 11 12 26 -5 -13 16 -4 -18 -12 20 -8 -21 24 -24 -23 -25 -6 -28 -29 -30
right_child=5 -3 4 13 10 -7 19 -9 -10 -11 18 14 -14 -15 -16 -17 17 -19 -20 21 -22 22 23 25 -26 -27 27 28 29 -31
leaf_value=-0.026442402187479827 0.014618468456184378 0.011958012265070988 -0.013615492413521431 -0.023571154393955671 0.010885715628051289 0.03928205216161245 -0.01134254844220065 0.0036527289424892195 0.031763308407988189 -0.010034294497282079 -0.015879733755703479 -0.028966521641922111 0.013523823270864963 0.034634513891594429 0.026435581588706659 0.050960141382523007 -0.0045617988688965204 0.021068678516171651 0.0083598191343743199 0.0094517605552359545 0.0051803639542957955 -0.042509092833538605 -0.0062961508204330014 0.018784700723831742 0.044076154400200407 -0.0047340079555639901 -0.008942964593971009 -0.0044740942419987844 0.01608728585250992 -0.019224111746002834
leaf_weight=278.86495104950882 275.61980703144218 766.31393735937309 567.86410891113337 828.18352046475047 220.3233925338136 482.79176915585958 942.30149177309067 122.0500940849015 566.911322168482 704.10143841503304 77.542216384666972 127.32584166235756 286.00929903273936 15.568323386862174 17.433041587006301 14.612583691487087 1998.4815068333701 71.92047415021807 1272.2477290331735 324.82762479715166 214.61016103182919 74.391567138256505 640.83959570876323 208.58291179451044 7.7242802771506822 111.26297990384046 747.04180368263042 485.64536034851335 282.83069846703438 40.023585337330587
leaf_count=542750 23967 49817 305863 2389692 34047 54084 265242 4194 17755 524702 22284 62277 9778 2382 3478 347 880754 12941 164380 56804 8184 40460 171906 53566 436 13632 233473 91420 35975 6992
internal_value=2.4283e-10 -0.00365917 -0.00479241 -0.00997239 -0.00116247 0.028636 -0.00695947 0.0233075 0.0261547 -0.0146892 0.00207241 -0.000921788 0.000578738 -0.0224972 -0.0222945 -0.00549912 -0.00581183 -0.00367146 0.00696731 -0.00394978 -0.0082775 -0.000288853 -0.00332301 -0.000669704 -0.0343644 0.0106034 -0.00150611 -0.00326126 0.00198854 0.0117098
internal_weight=12774.2 11326.9 10560.6 4351.26 6209.3 1447.37 3507.51 964.581 842.531 982.966 3556.42 2206.63 2061.87 843.752 144.759 2652.88 2638.27 2070.4 1349.79 2524.54 1156.91 1367.63 1042.8 960.685 82.1158 319.846 1775.86 1555.54 808.5 322.854
internal_count=6083582 5983582 5933765 4069756 1864009 100000 1677682 45916 41722 1067452 664104 477440 411685 2392074 65755 1199905 1199558 893695 186664 610230 273426 336804 280000 239104 40896 67198 401907 367860 134387 42967
is_linear=0
shrinkage=0.05


Tree=57
num_leaves=31
num_cat=0
split_feature=77 81 94 22 55 4 81 3 22 89 79 24 4 76 16 58 25 98 57 22 68 55 76 68 83 55 30 29 98 89
split_gain=487.894 96.8887 74.728 68.3902 37.6812 32.1077 25.8626 27.3451 23.6032 22.5367 25.4329 20.3179 18.9447 39.856 22.0017 21.7337 18.7066 18.6274 17.8139 17.5498 17.4355 17.2075 17.1587 16.8161 17.0176 16.6644 16.2423 16.1379 15.5882 22.5761
threshold=1.0000000180025095e-35 0.25657895207405096 3.3514167070388798 1324.5000000000002 0.11033478006720544 9.5000000000000018 0.26491229236125952 0.10072463750839235 4.5000000000000009 62.500000000000007 26.529600143432621 0.08556977286934854 2.5000000000000004 0.043449608609080322 0.020927069708704952 0.05936423875391484 0.0083031780086457747 0.031134644523262981 717.00000000000011 79.500000000000014 0.092197589576244368 0.034548049792647369 0.0086991954594850558 0.18334729224443438 0.012816152069717647 0.79314020276069652 14.500000000000002 0.23335967212915423 55.032510757446296 772.50000000000011
decision_type=2 2 2 2 2 2 2 2 2 2 2 2 2 2 2 2 2 2 2 2 2 2 2 2 2 2 2 2 2 2
left_child=1 2 3 8 20 16 7 11 -1 27 -11 -2 13 -10 15 -14 -5 18 -18 22 26 -21 -16 -12 -25 -24 -4 -6 -22 -30
right_child=6 -3 4 5 9 -7 -8 -9 12 10 23 -13 14 -15 19 -17 17 -19 -20 21 28 -23 25 24 -26 -27 -28 -29 29 -31
leaf_value=0.015477065125534723 -0.017851247797338297 0.015203838523333797 -0.020358690983981402 -0.055347756997883316 -0.017037719400378636 -0.0039525944535328842 0.035022699240738663 0.029807622473119435 -0.031994013710015465 -0.0058132306434395776 0.0028048542910277486 0.017726070294861312 -0.034091770296411104 -0.0068672172686104586 -0.0078140382462308089 0.033851333444432509 -0.036962474501917052 -0.015022788349170164 -0.016696535558987459 -0.021385811886880438 -0.0043462338656468568 -0.0043867604669062766 0.0077201465430276383 0.019597179779961629 -0.08418123587238123 -0.088119777875487929 0.018057056122406268 0.013699186813453638 0.019098151328132265 -0.008523103844809336
leaf_weight=133.14458786445903 64.474860659945989 668.75376061489624 246.28518914914457 40.817380838227109 45.574509503785521 312.83020070235943 804.33824393897703 272.73186268322752 198.21584088639065 735.41158180087223 780.92990095014102 106.28215019628988 97.079518525191816 774.37302535094204 278.18074036826147 13.394093865121247 261.1906096519233 591.83957226379425 185.40626636262459 162.30704736729967 2136.6462908005924 1798.2410468617454 640.63780270772986 238.47255980409682 4.0167948651360339 4.5679524028673759 30.97552894661203 677.95348134177038 179.7334919932764 125.7266452635522
leaf_count=33831 8326 42239 176790 57597 7650 85422 76019 4467 317007 169023 98035 4650 32599 548590 60631 1030 1413671 375275 921412 67173 885252 416392 106047 20481 691 1096 3005 78288 39655 31238
internal_value=-1.7886e-11 -0.00325914 -0.00441373 -0.00848137 -0.000118928 -0.0180568 0.0296777 0.0199836 -0.0052303 0.00433517 0.00127956 0.0042927 -0.0059253 -0.0119881 -0.00395609 -0.0258542 -0.022145 -0.02084 -0.028549 -0.00311725 -0.00418483 -0.00579405 0.00256618 0.00637632 0.0178781 0.00704162 -0.0160669 0.0117631 -0.00283582 0.00772931
internal_weight=12610.5 11362.7 10694 5492.23 5201.73 1392.08 1247.83 443.489 4100.14 2482.36 1758.83 170.757 3967 972.589 2994.41 110.474 1079.25 1038.44 446.597 2883.93 2719.37 1960.55 923.386 1023.42 242.489 645.206 277.261 723.528 2442.11 305.46
internal_count=6083582 5990120 5947881 4437773 1510108 2853377 93462 17443 1584396 374168 288230 12976 1550565 865597 684968 33629 2767955 2710358 2335083 651339 1135940 483565 167774 119207 21172 107143 179795 85938 956145 70893
is_linear=0
shrinkage=0.05


Tree=58
num_leaves=31
num_cat=0
split_feature=77 81 94 22 4 52 76 81 3 96 84 25 93 89 89 24 1 35 97 0 58 4 74 84 88 79 84 96 76 25
split_gain=444.755 89.4106 68.3983 55.9977 35.2418 32.9633 30.0688 25.4085 26.7823 22.5279 30.9566 31.4853 19.9424 19.1554 19.1136 18.4526 17.7611 17.0143 16.7785 16.2227 15.8188 15.5421 15.2364 14.8448 27.959 20.1515 23.9007 18.8122 16.8353 16.4141
threshold=1.0000000180025095e-35 0.2264957278966904 1.0013056993484499 4652.5000000000009 2.5000000000000004 0.052213536575436599 0.039239387959241874 0.26491229236125952 0.10990338027477266 154.86376953125003 13644.000000000002 0.021617347374558452 1.3111847043037417 9820.0000000000018 5251.5000000000009 0.08556977286934854 0.6584928333759309 94.477108001708999 1.0226806998252871 22.339067459106449 0.076131112873554244 34.500000000000007 0.011401427909731867 118.50000000000001 0.0049196169711649427 14.311151981353762 1694.5000000000002 2.6761227846145634 0.086035788059234633 0.016070859506726268
decision_type=2 2 2 2 2 2 2 2 2 2 2 2 2 2 2 2 2 2 2 2 2 2 2 2 2 2 2 2 2 2
left_child=1 2 3 4 6 13 -1 8 15 10 12 -12 19 22 -11 -2 -3 -6 -19 23 -13 -5 -4 -7 -25 27 28 -26 -27 -28
right_child=7 16 5 21 17 9 -8 -9 -10 14 11 20 -14 -15 -16 -17 -18 18 -20 -21 -22 -23 -24 24 25 26 29 -29 -30 -31
leaf_value=-0.034559156019790746 -0.016737274411674875 0.010280836582575547 -0.0070424950292043891 -0.023931353890296801 0.021331838277773824 0.0079613515842120348 -0.010730301376153498 0.034334689348236629 0.0292848706809213 0.017085342698007256 -0.047149888023620218 -0.014662627967464148 0.0089594840505920186 0.050192692619318281 -0.065738451294073602 0.016880341405409002 0.036576295801963803 -0.0047745107721658539 -0.057890815884911219 0.018275388554460367 0.017922376281070525 0.03576625044527771 -0.024388529070582154 -0.039774536371435458 -0.0004483330418102744 -0.0054164023294336738 -0.02386057362697154 -0.011151799464410826 0.012717077468000382 -0.0010072227300917177
leaf_weight=181.47863157832035 66.525489984662272 788.67075871259658 1011.6549627278873 625.3271619024963 62.438550095888786 410.55693684448488 489.41661759794806 770.31767636207587 261.56111145872273 261.97735553939128 63.734958921791986 157.01117583279847 669.55182548158336 13.730906371027229 7.1560996192274606 105.63571284830687 69.908944713999517 2909.4534338518133 14.943815601291133 112.64929102826864 48.829075714456849 11.096202167973386 144.70473336946452 48.591743835422676 891.94787589504267 162.72708575718571 89.165348996088142 760.56111187336501 599.71577465359587 661.22376167250331
leaf_count=668616 8351 53221 613812 2088775 6394 78318 449280 76019 4404 27196 41350 67327 121438 347 1996 4688 1814 852840 3572 16571 3881 1599 78893 34501 208136 22457 31580 297463 62576 156167
internal_value=1.24882e-11 -0.00308639 -0.0043655 -0.00920223 -0.00682055 -0.000969265 -0.0171761 0.0288845 0.0192047 0.000816312 6.72521e-06 -0.0164413 0.00101292 -0.00851602 0.0148831 0.00389003 0.0124219 -0.00449452 -0.00504594 -0.000410804 -0.00693287 -0.0228905 -0.00921315 -0.000991571 -0.00213524 -0.00155744 0.00261212 -0.00537456 0.00884687 -0.00372278
internal_weight=12472.3 11268.2 10409.6 4294.15 3657.73 6115.49 670.895 1204.04 433.722 4945.4 4676.27 269.575 4406.69 1170.09 269.133 172.161 858.58 2986.84 2924.4 3737.14 205.84 636.423 1156.36 3624.49 3213.93 3165.34 1512.83 1652.51 762.443 750.389
internal_count=6083582 5990120 5935085 4071076 1980702 1864009 1117896 93462 17443 1170957 1141765 112558 1029207 693052 29192 13039 55035 862806 856412 907769 71208 2090374 692705 891198 812880 778379 272780 505599 85033 187747
is_linear=0
shrinkage=0.05


Tree=59
num_leaves=31
num_cat=0
split_feature=85 8 94 22 15 84 94 62 49 4 76 24 76 43 93 99 35 24 51 30 47 55 32 28 41 33 2 26 76 50
split_gain=406.737 80.6825 65.4267 48.5941 33.0384 32.48 52.7359 30.6428 22.5104 21.9361 51.5252 19.9703 20.6361 22.1629 18.8202 18.7913 21.8861 18.055 17.8649 18.7786 24.3333 17.4134 17.3915 19.5155 31.6278 16.8553 16.6592 16.5698 17.3916 17.1359
threshold=0.99995744228363048 3.5000000000000004 0.99286547303199779 4350.0000000000009 0.63333335518836986 326.50000000000006 8.1092505455017108 0.067987266927957549 0.56364715099334728 1.5000000000000002 0.18272026628255847 0.065144039690494551 0.0026654039975255732 1.5000000000000002 1.1452786326408388 0.0047017373144626626 185.41247558593753 0.087007671594619765 0.73664093017578136 4.5000000000000009 0.01233201799914241 0.22621266543865207 1.0000000180025095e-35 0.77553281188011181 0.77003204822540294 0.023984328843653206 63.500000000000007 0.79454728960990917 0.93099987506866466 6.5000000000000009
decision_type=2 2 2 2 2 2 2 2 2 2 2 2 2 2 2 2 2 2 2 2 2 2 2 2 2 2 2 2 2 2
left_child=2 4 3 11 17 9 15 -8 -9 10 -4 12 13 -1 21 16 -7 -2 19 -14 -21 27 -13 -24 -25 -3 -11 28 29 -10
right_child=1 25 5 -5 -6 6 7 8 14 26 -12 22 18 -15 -16 -17 -18 -19 -20 20 -22 -23 23 24 -26 -27 -28 -29 -30 -31
leaf_value=-0.003847542075988605 0.011698911046515843 -0.011849229718987379 -0.020457951566758972 -0.021523861654225561 0.038147548221110231 0.07179250052645135 -0.0067210674516343383 -0.02803085653370593 0.0060025948533223563 0.008796757632933366 0.0082342856844491476 0.0075089384252348228 -0.0136534985961911 -0.030350811633186765 0.010771506185991177 -0.010934541275917451 -0.047398371665983839 0.026201871811052331 0.05281545593638648 0.0066599011074761488 -0.0080432826170710996 0.010922311724137433 -0.018912749537881052 -0.015267679594302336 0.027148836442139074 0.0092897535705957265 -0.09446506455615461 -0.02166177689453691 0.017579353347742001 -0.0073164753969443318
leaf_weight=127.39843170610766 305.65738621933269 145.84180723177269 253.50864299459499 646.75537698552216 448.67386649616492 4.1291786497458807 1158.2205708090332 56.265098385891179 389.58960068988381 1264.7190421537962 408.76952150196303 412.63174662334495 741.17794333865459 207.12109381180198 706.28428644564701 1069.7127388823719 57.257604215657921 720.33507639932213 12.453620639920699 396.82222428324167 967.4161688684253 343.88900422884035 184.10746171040228 95.041790543065872 81.749582075513899 266.82315337110776 3.91794464807026 96.732507377077127 123.90362978726625 635.26079046599625
leaf_count=41834 26834 6910 210007 2117200 55329 396 603612 20511 91752 197128 181997 34074 543369 554933 132022 486675 45250 23746 2671 118713 296909 33469 18417 4858 2324 11339 316 30058 15250 175679
internal_value=-4.14121e-11 0.0213616 -0.00385994 -0.00901513 0.0268303 -0.000822213 -0.00308941 -6.39298e-05 0.00321442 0.00462733 -0.00274861 -0.00650729 -0.00871672 -0.0202573 0.00398022 -0.0124784 -0.039381 0.0218812 -0.00689388 -0.00724706 -0.0037665 0.000962321 0.000497442 -0.00751912 0.00434602 0.00181893 0.00847785 -0.00178771 -0.00011419 -0.00225333
internal_weight=12332.2 1887.33 10444.8 3872.68 1474.67 6572.16 4641.25 3510.15 2351.92 1930.92 662.278 3225.92 2452.39 334.52 2295.66 1131.1 61.3868 1025.99 2117.87 2105.42 1364.24 1589.38 773.531 360.899 176.791 412.665 1268.64 1245.49 1148.75 1024.85
internal_count=6083582 124158 5959424 3735302 105909 2224122 1634674 1102353 498741 589448 392004 1618102 1558429 596767 478230 532321 45646 50580 961662 958991 415622 346208 59673 25599 7182 18249 197444 312739 282681 267431
is_linear=0
shrinkage=0.05


end of trees

feature_importances:
intent_time_clicks=198
query_unique=139
graph_cart_all_n5_uniform_max=137
repeat_all_n20_share=111
graph_time_all_n1_uniform_sum=108
hist_all_h336=87
hist_all_all=79
graph_cart_all_n50_six_hours_mean=74
hist_carts_per_click_all=68
intent_time_carts=58
intent_repeat_carts=51
repeat_all_n1_count=44
graph_cart_all_n20_six_hours_mean=44
repeat_all_h1_decay=32
hist_all_h24_share=30
repeat_all_h72_decay=27
hist_carts_all=25
repeat_clicks_h24_decay=24
hist_clicks_h168=23
hist_carts_per_click_h168=23
query_carts_share=22
repeat_all_n5_share=21
hist_carts_per_click_h72=21
hist_carts_h12_share=18
hist_all_h12_share=16
hist_all_h72_share=16
repeat_carts_h24_decay=13
hist_all_h1_share=13
hist_all_trend_h168_h336=12
hist_clicks_trend_h168_h336=12
hist_carts_trend_h168_h336=12
hist_clicks_h6_share=12
repeat_all_n50_age_hours=11
graph_time_clicks_n1_uniform_sum=11
hist_carts_per_click_h336=11
hist_carts_h72_share=10
history_lifetime_hours=9
repeat_all_n50_last_position=8
hist_clicks_h72_share=8
query_carts_last_age_hours=8
hist_carts_h168=8
repeat_all_n20_age_hours=8
query_repeat_share=7
query_clicks_share=7
query_carts_count=7
hist_all_h168_share=7
intent_repeat_orders=6
hist_clicks_h6=6
query_clicks_last_age_hours=5
hist_clicks_h168_share=5
query_events=4
hist_carts_h72=4
query_gap_median=4
query_clicks_count=4
hist_carts_h6_share=4
hist_orders_h24_share=4
hist_carts_h1_share=4
hist_clicks_trend_h72_h168=4
hist_clicks_trend_h24_h72=4
hist_orders_per_click_h12=4
query_duration_hours=3
hist_all_h336_share=3
query_gap_mean=3
query_gap_std=3
hist_all_trend_h24_h72=3
hist_carts_trend_h72_h168=3
hist_orders_h24=3
hist_orders_h6_share=2
hist_orders_per_click_h336=2
hist_orders_h72=2
hist_clicks_trend_h6_h24=2
hist_orders_per_click_all=2
hist_orders_h168_share=2
repeat_clicks_n1_count=2
hist_carts_h336_share=2
hist_orders_trend_h24_h72=2
query_hour_sin=1
query_gap_max=1
history_last_age_hours=1
hist_orders_trend_h72_h168=1
hist_carts_trend_h24_h72=1
hist_clicks_h336_share=1
hist_all_h1=1
hist_all_trend_h1_h6=1
hist_orders_trend_h168_h336=1

parameters:
[boosting: gbdt]
[objective: lambdarank]
[metric: custom]
[tree_learner: serial]
[device_type: cpu]
[data_sample_strategy: bagging]
[data: ]
[valid: ]
[num_iterations: 400]
[learning_rate: 0.05]
[num_leaves: 31]
[num_threads: 32]
[seed: 20260908]
[deterministic: 1]
[force_col_wise: 1]
[force_row_wise: 0]
[histogram_pool_size: -1]
[max_depth: -1]
[min_data_in_leaf: 100]
[min_sum_hessian_in_leaf: 0.001]
[bagging_fraction: 1]
[pos_bagging_fraction: 1]
[neg_bagging_fraction: 1]
[bagging_freq: 0]
[bagging_seed: 22695]
[bagging_by_query: 0]
[feature_fraction: 1]
[feature_fraction_bynode: 1]
[feature_fraction_seed: 1976]
[extra_trees: 0]
[extra_seed: 26140]
[early_stopping_round: 0]
[early_stopping_min_delta: 0]
[first_metric_only: 0]
[max_delta_step: 0]
[lambda_l1: 0]
[lambda_l2: 0]
[linear_lambda: 0]
[min_gain_to_split: 0]
[drop_rate: 0.1]
[max_drop: 50]
[skip_drop: 0.5]
[xgboost_dart_mode: 0]
[uniform_drop: 0]
[drop_seed: 5026]
[top_rate: 0.2]
[other_rate: 0.1]
[min_data_per_group: 100]
[max_cat_threshold: 32]
[cat_l2: 10]
[cat_smooth: 10]
[max_cat_to_onehot: 4]
[top_k: 20]
[monotone_constraints: ]
[monotone_constraints_method: basic]
[monotone_penalty: 0]
[feature_contri: ]
[forcedsplits_filename: ]
[refit_decay_rate: 0.9]
[cegb_tradeoff: 1]
[cegb_penalty_split: 0]
[cegb_penalty_feature_lazy: ]
[cegb_penalty_feature_coupled: ]
[path_smooth: 0]
[interaction_constraints: ]
[verbosity: -1]
[saved_feature_importance_type: 0]
[use_quantized_grad: 0]
[num_grad_quant_bins: 4]
[quant_train_renew_leaf: 0]
[stochastic_rounding: 1]
[linear_tree: 0]
[max_bin: 255]
[max_bin_by_feature: ]
[min_data_in_bin: 3]
[bin_construct_sample_cnt: 200000]
[data_random_seed: 5046]
[is_enable_sparse: 1]
[enable_bundle: 1]
[use_missing: 1]
[zero_as_missing: 0]
[feature_pre_filter: 0]
[pre_partition: 0]
[two_round: 0]
[header: 0]
[label_column: ]
[weight_column: ]
[group_column: ]
[ignore_column: ]
[categorical_feature: ]
[forcedbins_filename: ]
[precise_float_parser: 0]
[parser_config_file: ]
[objective_seed: 13587]
[num_class: 1]
[is_unbalance: 0]
[scale_pos_weight: 1]
[sigmoid: 1]
[boost_from_average: 1]
[reg_sqrt: 0]
[alpha: 0.9]
[fair_c: 1]
[poisson_max_delta_step: 0.7]
[tweedie_variance_power: 1.5]
[lambdarank_truncation_level: 25]
[lambdarank_norm: 1]
[label_gain: ]
[lambdarank_position_bias_regularization: 0]
[eval_at: ]
[multi_error_top_k: 1]
[auc_mu_weights: ]
[num_machines: 1]
[local_listen_port: 12400]
[time_out: 120]
[machine_list_filename: ]
[machines: ]
[gpu_platform_id: -1]
[gpu_device_id: -1]
[gpu_device_id_list: ]
[gpu_use_dp: 0]
[num_gpu: 1]

end of parameters

pandas_categorical:null
