tree
version=v4
num_class=1
num_tree_per_iteration=1
label_index=0
max_feature_idx=101
objective=lambdarank
feature_names=query_duration_hours query_repeat_share query_events query_carts_share query_unique repeat_orders_n50_count repeat_all_n50_age_hours query_orders_share repeat_all_n50_last_position repeat_all_n50_count repeat_carts_n50_count repeat_clicks_n50_count query_hour_sin query_weekday_cos query_hour_cos repeat_all_n5_share hist_clicks_h72_share hist_carts_h72 query_clicks_last_age_hours query_weekday_sin query_gap_max query_gap_median hist_all_h336 history_last_age_hours intent_repeat_carts hist_carts_h12_share hist_all_h336_share hist_orders_h6_share repeat_carts_h24_decay hist_clicks_h168_share query_clicks_count hist_carts_h6_share query_carts_last_age_hours query_gap_mean hist_orders_h24_share history_lifetime_hours hist_orders_trend_h72_h168 intent_repeat_orders graph_time_clicks_n1_uniform_sum hist_carts_h1_share hist_orders_per_click_h72 query_clicks_share query_carts_count hist_clicks_h6 hist_orders_per_click_h336 hist_clicks_trend_h72_h168 hist_all_trend_h168_h336 query_gap_std hist_orders_h336_share hist_all_trend_h24_h72 hist_orders_h72 hist_carts_h72_share hist_carts_per_click_h336 hist_carts_trend_h24_h72 hist_all_h168_share hist_carts_per_click_all hist_orders_per_click_h24 hist_carts_h168 intent_time_carts hist_clicks_trend_h24_h72 repeat_all_n20_age_hours hist_clicks_h336_share hist_carts_per_click_h72 hist_all_h1 hist_all_trend_h6_h24 hist_all_h12_share hist_clicks_trend_h6_h24 repeat_all_n1_count hist_all_h72_share hist_orders_per_click_all hist_orders_h168_share hist_clicks_trend_h168_h336 hist_all_trend_h1_h6 hist_clicks_h168 hist_orders_per_click_h12 repeat_all_h72_decay intent_time_clicks repeat_clicks_n1_count hist_carts_h336_share graph_cart_all_n5_uniform_max repeat_all_h1_decay repeat_all_n20_share repeat_all_n5_count hist_all_h1_share hist_all_all repeat_clicks_h24_decay hist_carts_trend_h72_h168 hist_all_trend_h72_h168 hist_all_h24_share hist_carts_all hist_orders_trend_h168_h336 hist_orders_trend_h24_h72 hist_carts_trend_h6_h24 hist_carts_trend_h168_h336 graph_time_all_n1_uniform_sum hist_orders_h12_share graph_cart_all_n50_six_hours_mean hist_carts_per_click_h168 graph_cart_all_n20_six_hours_mean hist_clicks_h6_share repeat_carts_n5_first_position hist_orders_h24
feature_infos=[0:71.031211853027344] [0:0.98863637447357178] [1:324] [0:1] [1:172] [0:2] [-1:69.667274475097656] [0:1] [-1:50] [0:26] [0:6] [0:20] [-1:1] [-0.1486658900976181:1] [-1:1] [0:1] [0:0.99789029359817505] [0:3103] [-1:53.02947998046875] [-0.82623690366744995:1] [0:71.029296875] [0:66.683616638183594] [0:62958] [0.0047272220253944397:521.9346923828125] [0:21] [0:0.91666668653488159] [0:0.99996048212051392] [0:0.69999998807907104] [0:5.8793725967407227] [0:0.99914604425430298] [0:295] [0:0.8571428656578064] [-1:68.768730163574219] [0:66.683616638183594] [0:0.92857140302658081] [0:479.99966430664062] [0:2.3153843879699707] [0:9] [0:6504.916015625] [0:0.66666668653488159] [0:5] [0:1] [0:97] [0:1975] [0:36] [0:2.3308641910552979] [0:1.9986640214920044] [0:35.513690948486328] [0:0.99676376581192017] [0:2.993288516998291] [0:377] [0:0.99230766296386719] [0:4] [0:2.9681057929992676] [0:0.9993320107460022] [0:4] [0:3] [0:3356] [0:1] [0:2.9932734966278076] [-1:68.041061401367188] [0:0.99996036291122437] [0:8] [0:275] [0:3.95979905128479] [0:0.95652174949645996] [0:3.9591836929321289] [0:1] [0:0.99831932783126831] [0:49] [0:0.98947370052337646] [0:1.998292088508606] [0:5.4545454978942871] [0:40671] [0:3] [0:22.196693420410156] [0:1] [0:1] [0:0.99898684024810791] [0:4528.05419921875] [0:11.124294281005859] [0:1] [0:5] [0:0.66666668653488159] [0:88912] [0:14.899674415588379] [0:2.3290441036224365] [0:2.3308744430541992] [0:0.99553573131561279] [0:9821] [0:1.9885057210922241] [0:2.9158878326416016] [0:3.9183673858642578] [0:1.9964028596878052] [0:6504.916015625] [0:0.92857140302658081] [0:4528.05419921875] [0:6] [0:4528.05419921875] [0:0.95098036527633667] [-1:5] [0:125]
tree_sizes=3625 3597 3621 3611 3604 3610 3603 3609 3607 3604 3608 3604 3609 3612 3612 3617 3627 3618 3601 3617 3610 3605 3621 3613 3605 3618 3601 3612 3616 3613 3616 3617 3618 3623 3617 3625 3626 3629 3641 3614

Tree=0
num_leaves=31
num_cat=0
split_feature=15 94 76 76 15 76 96 76 81 4 76 81 4 1 76 16 1 4 55 81 76 77 65 1 76 4 0 68 38 98
split_gain=175123 55768.3 14379.9 6442.29 3386.79 1662.12 2364.79 1513.05 1072.48 870.929 825.603 654.166 597.552 561.331 486.125 481.017 465.258 456.24 396.081 394.082 288.976 249.057 248.631 241.964 217.045 213.328 208.549 199.372 198.814 198.198
threshold=1.0000000180025095e-35 1.0013056993484499 0.39565728604793554 0.0010111324954777958 0.36666667461395269 0.14232817292213443 1.440020799636841 0.7261514961719514 0.060661764815449722 1.5000000000000002 0.18953978270292285 0.095454547554254546 4.5000000000000009 0.23861283808946612 0.054615627974271781 0.043531715869903571 0.44543650746345526 2.5000000000000004 0.035563366487622268 0.51315790414810192 0.98554348945617687 1.0000000180025095e-35 0.048692723736166961 0.24407060444355014 0.27374035120010382 4.5000000000000009 0.007111666491255165 0.065240476280450835 2.6940925121307377 0.24881929904222491
decision_type=2 2 2 2 2 2 2 2 2 2 2 2 2 2 2 2 2 2 2 2 2 2 2 2 2 2 2 2 2 2
left_child=1 3 5 8 12 6 17 27 -1 10 -5 13 -2 18 25 -7 22 28 -11 21 -12 -6 24 -14 -17 -8 -9 -4 -3 -20
right_child=4 2 7 9 19 15 14 26 -10 11 20 -13 23 -15 -16 16 -18 -19 29 -21 -22 -23 -24 -25 -26 -27 -28 -29 -30 -31
leaf_value=-0.09636510094028114 0.06295639348828333 -0.035366502786401313 -0.013028192502231549 -0.088967059061348108 0.083781604365292209 -0.059890749276413746 -0.070608260239087256 0.059886404110624292 0.0055301341736310053 -0.018307586187035565 -0.052390779470205456 0.019771334893840323 0.026467912500273597 -0.063334332785218911 -0.042002748896569568 -0.015731791067703796 -0.034986212672063054 0.023762640035393814 -0.030278355751582494 0.088825273771867719 0.016170616348498725 0.067907335562715956 0.0086122048490844868 0.050864993410005881 0.0013386937600534574 -0.0077558528766801587 0.041840565085224657 0.024808844868312797 -0.0015018873674633405 -0.053454598206249732
leaf_weight=27806.235976107942 5390.6596011470538 741.1087541943416 367.16540585257462 3240.2248186685611 5990.8455554847606 473.31520480016479 2731.1054478558653 5596.7827676433371 260.65930456720525 1432.4945275480859 1412.6723397512978 332.23051286669215 2223.1949484648649 5381.3736758161394 5349.408453155309 4890.3141277516261 1455.6441298999707 1256.9318716647977 1204.1579569113965 26116.202983445488 172.45043673313921 4205.3348825294524 2593.0943280603969 1872.0562268388458 3007.0806587628904 142.02353896037675 2242.4990828182781 6723.4446484271321 1043.8607708529744 3943.4429334100278
leaf_count=2488489 41795 43945 20382 291111 26408 37434 209151 89016 12568 112973 128326 12624 31528 458412 368658 299542 79168 58362 117579 59303 10696 17768 124784 19889 158606 8719 55307 249359 47505 404175
internal_value=-3.03878e-09 -0.0429681 0.00115569 -0.0806743 0.0786212 -0.0230701 -0.0369783 0.0395861 -0.0954188 -0.0565004 -0.0745015 -0.0494349 0.0520184 -0.0513571 -0.0509125 -0.0104554 -0.00849673 0.000687016 -0.0415618 0.0855707 -0.0449318 0.0772344 -0.00482109 0.0376205 -0.00923188 -0.0675014 0.0547242 0.0228496 -0.0155623 -0.0480331
internal_weight=129598 83799.7 38613.8 45185.9 45798.3 23683.9 11264.4 14929.9 28066.9 17119 4825.35 12293.7 9485.91 11961.5 8222.54 12419.4 11946.1 3041.9 6580.1 36312.4 1585.12 10196.2 10490.5 4095.25 7897.39 2873.13 7839.28 7090.61 1784.97 5147.6
internal_count=6083582 5886891 1849938 4036953 196691 1435874 736340 414064 2501057 1535896 430133 1105763 93212 1093139 586528 699534 662100 149812 634727 103479 139022 44176 582932 51417 458148 217870 144323 269741 91450 521754
is_linear=0
shrinkage=0.05


Tree=1
num_leaves=31
num_cat=0
split_feature=81 79 38 15 76 75 79 96 76 38 15 76 4 17 76 8 2 4 4 88 94 94 96 38 1 88 8 28 58 4
split_gain=202160 61224.9 13185.9 9348.33 7142.8 3845.43 3512.67 3260.29 2394.55 1987.78 1427.06 1352.3 1239.83 1209.93 1122.55 1029.05 926.702 885.761 855.726 810.091 674.455 672.551 636.905 602.907 781.509 583.865 548.153 535.546 522.542 453.71
threshold=0.095454547554254546 0.057302962988615043 1.9576762318611147 0.36666667461395269 0.54052275419235241 0.99804311990737926 0.84306937456130993 2.1715521812438969 0.18953978270292285 1.0000000180025095e-35 0.63333335518836986 0.99999400973320018 2.5000000000000004 36.500000000000007 0.10054302588105203 2.5000000000000004 4.5000000000000009 6.5000000000000009 5.5000000000000009 0.02050668187439442 9.773473262786867 0.57606229186058056 5.7947702407836923 0.56604239344596874 0.19264507293701175 0.015954314731061462 2.5000000000000004 0.27726890146732336 0.20006670802831653 4.5000000000000009
decision_type=2 2 2 2 2 2 2 2 2 2 2 2 2 2 2 2 2 2 2 2 2 2 2 2 2 2 2 2 2 2
left_child=1 5 6 15 7 13 12 18 19 17 26 -6 -3 -1 29 23 -13 28 -4 -9 -21 27 -22 24 -2 -10 -5 -17 -8 -11
right_child=3 2 4 10 11 -7 9 8 25 14 -12 16 -14 -15 -16 21 -18 -19 -20 20 22 -23 -24 -25 -26 -27 -28 -29 -30 -31
leaf_value=-0.059190628532692649 0.024500465649678952 -0.026308767876462899 0.0012405093246172934 0.068088025600241492 0.010920489637820859 0.0053409462694810166 -0.045458126020209148 -0.06437761205861775 -0.044624781946634766 -0.083335429761779892 0.082191927221219666 0.038669556726249499 0.0061087546152722213 -0.087205132201911492 -0.039416048158886711 -0.0043797229058198574 -0.018317545410341498 -0.015485087919909877 0.030829731429807796 -0.047100817457253745 -0.0060154023916099237 0.036766120168547113 -0.030519742904754718 0.063974957822618791 0.057225567466573757 -0.0065127729835742143 0.036968721161308601 0.044760763813733589 -0.0053607095335773828 -0.034825079273962403
leaf_weight=4293.6744944704697 4632.0886231968179 8857.0082347670686 16632.044533092296 17399.601659228094 15852.289377040812 1230.4410307183862 13968.434360987158 1792.950942086929 1053.8038223623298 5375.8994146725163 40380.617966829101 9343.5275641516782 4422.0344651892083 37656.67648478644 2573.3370372515055 2900.7017088065622 772.36091287015006 3602.4158077558968 2864.2741424099659 3962.6299537997693 3707.4285044339485 3117.0926373232505 9312.3712456765352 2958.0048998950515 3009.7791974626016 21660.245452536561 1540.3577327779494 685.46421670669224 862.68932676373515 529.47598051489331
leaf_count=230687 17749 283943 315877 39254 171288 19882 573660 71401 34960 302706 58134 61842 118297 2458120 99677 38452 5908 135587 34755 156708 88222 19193 267115 7769 10452 409887 6091 7343 17295 21328
internal_value=-1.10096e-09 -0.0303427 -0.0128729 0.0674485 -0.00192587 -0.0817824 -0.0365568 -0.011277 -0.0192019 -0.04694 0.0768807 0.0200352 -0.0155135 -0.0843378 -0.0669763 0.0351118 0.0343185 -0.037724 0.00558757 -0.0324138 -0.0290392 0.0197786 -0.0235421 0.0448084 0.0373894 -0.00828096 0.0655571 0.00501305 -0.0431258 -0.078986
internal_weight=246950 170326 127145 76623.7 86953.9 43180.8 40191.3 60985.7 41489.4 26912.3 59320.6 25968.2 13279 41950.4 8478.71 17303.1 10115.9 18433.5 19496.3 18775.4 16982.4 6703.26 13019.8 10599.9 7641.87 22714 18940 3586.17 14831.1 5905.38
internal_count=6083582 5879145 3170456 204437 1617963 2708689 1552493 1378925 1028293 1150253 103479 239038 402240 2688807 423711 100958 67750 726542 350632 583446 512045 64988 355337 35970 28201 444847 45345 45795 590955 324034
is_linear=0
shrinkage=0.05


Tree=2
num_leaves=31
num_cat=0
split_feature=15 94 17 76 8 15 96 76 4 76 38 96 76 76 4 52 1 89 88 75 88 15 81 79 79 76 0 89 68 81
split_gain=175273 48377.3 10871.1 10143.9 6450.36 2932.9 1953.28 2527.09 1408.55 1289.09 1197.76 1342.84 1144.02 895.97 802.524 736.518 631.811 542.63 514.777 499.933 427.661 423.051 407.845 406.82 440.934 401.152 382.02 367.569 358.225 303.122
threshold=1.0000000180025095e-35 1.0013056993484499 60.500000000000007 0.57781264185905468 2.5000000000000004 0.55000001192092907 1.0606601834297182 0.23617991805076602 1.5000000000000002 0.98554348945617687 9.8321590423584002 2.9985947608947758 0.079089190810918822 0.0086991954594850558 1.5000000000000002 0.13184042274951938 0.24407060444355014 37.500000000000007 0.032896455377340324 0.83576673269271862 0.0071410359814763078 0.36666667461395269 0.14642857760190967 1.4043832421302798 0.057302962988615043 0.049810918048024184 0.003870694432407618 137.50000000000003 0.20002376288175586 0.057189542800188072
decision_type=2 2 2 2 2 2 2 2 2 2 2 2 2 2 2 2 2 2 2 2 2 2 2 2 2 2 2 2 2 2
left_child=1 2 8 6 5 21 14 10 12 -5 25 -12 -1 -4 -3 17 -6 23 -13 -17 -9 -2 -18 24 29 -8 -11 -16 -22 -10
right_child=4 3 13 9 16 -7 7 20 15 26 11 18 -14 -15 27 19 22 -19 -20 -21 28 -23 -24 -25 -26 -27 -28 -29 -30 -31
leaf_value=-0.080081817477701545 0.049417265674272029 -0.010479877616002473 -0.08229604264614479 0.013872684053387312 0.0014796235231158295 0.07892779536258715 -0.058474622729417614 -0.048758010809939828 -0.047549168609203253 0.044870982589673106 0.0063870260923173912 -0.045972387934169828 -0.042294719712014116 -0.054477679201446472 0.015346676148481687 -0.053338727547184772 0.0046784687417363927 -0.038817202466032957 -0.023704581899470022 -0.0016178806015676693 -0.008536779158777803 0.062568506672401283 0.042552424321100901 -0.034004936284557967 -0.0053969015158299672 -0.036678612181288144 0.022654766966615173 -0.019640886153690973 0.0088975847241116873 -0.00077331856892218405
leaf_weight=3329.4930995335453 10624.368111833464 8551.5134302451042 33133.344043402234 12678.662480022176 2986.3074823701754 38898.688403293956 3118.2723907906911 590.62621727446094 1269.3576795654371 6597.5762564390898 3396.4384996137815 3254.903092171764 5027.730248772772 3171.5391493408824 7057.912266952917 5315.6947325285873 967.67149536544457 7154.0069139493862 12809.339009614778 512.24271288164891 17622.249963907758 14407.548627890414 2677.8241090825759 3738.7243309598998 4746.0631793137873 6535.4381923507899 2738.0861856320407 840.01797402848024 3537.8545642485842 476.31319460365921
leaf_count=213549 43812 176567 2421123 152204 31517 61419 140754 23315 78824 45649 61201 117862 213083 165842 101856 297672 10514 328736 344319 15215 348460 35969 13460 163245 128188 237306 26880 17396 56169 11476
internal_value=-1.58007e-09 -0.0293859 -0.0612061 -0.00520811 0.0654678 0.0703368 -0.0148436 -0.0196872 -0.0397475 0.024255 -0.02932 -0.0221772 -0.057349 -0.0798659 0.00013362 -0.0334103 0.018531 -0.0282536 -0.0282164 -0.0487928 -0.00679318 0.0569867 0.032499 -0.0208665 -0.0132999 -0.043719 0.0383551 0.0116254 -0.00562185 -0.0347862
internal_weight=227766 157203 67874.5 89328.9 70562.4 63930.6 67314.6 50865.1 31569.6 22014.3 29114.4 19460.7 8357.22 36304.9 16449.4 23212.4 6631.8 17384.5 16064.2 5827.94 21750.7 25031.9 3645.5 10230.5 6491.73 9653.71 9335.66 7897.93 21160.1 1745.67
internal_count=6083582 5886891 4036953 1849938 196691 141200 1625205 1329386 1449988 224733 901442 523382 426632 2586965 295819 1023356 55491 710469 462181 312887 427944 79781 23974 381733 218488 378060 72529 119252 404629 90300
is_linear=0
shrinkage=0.05


Tree=3
num_leaves=31
num_cat=0
split_feature=15 94 76 17 15 96 76 76 15 4 76 28 1 76 4 4 76 79 79 38 96 6 0 4 96 94 65 21 8 81
split_gain=151514 40434.4 9159.11 8789.88 5839.84 1954.38 1938.22 1622.61 1460.02 1042.99 948.685 798.408 719.058 651.757 642.744 575.977 551.427 526.299 806.526 448.017 478.795 421.257 405.499 402.077 394.236 506 381.543 363.555 335.431 315.086
threshold=1.0000000180025095e-35 1.0013056993484499 0.49711674451828008 60.500000000000007 0.55000001192092907 1.4775295853614809 0.12796080112457278 0.98554348945617687 0.29166667163372045 1.5000000000000002 0.1080460697412491 0.27726890146732336 0.30860807001590734 0.0092491577379405516 2.5000000000000004 1.5000000000000002 0.3337771892547608 0.99698382616043102 0.057302962988615043 10.659953594207765 4.5246956348419198 0.080845002084970488 0.003870694432407618 4.5000000000000009 0.50152441859245311 6.975050926208497 0.032867807894945152 0.0035106943687424068 2.5000000000000004 0.064583335071802153
decision_type=2 2 2 2 2 2 2 2 2 2 2 2 2 2 2 2 2 2 2 2 2 2 2 2 2 2 2 2 2 2
left_child=1 3 5 9 8 15 14 27 28 10 -1 12 17 -5 19 -3 26 18 -11 -7 -21 -10 -9 -19 -17 -26 -8 -4 -2 -14
right_child=4 2 7 13 -6 6 16 22 21 11 -12 -13 29 -15 -16 24 -18 23 -20 20 -22 -23 -24 -25 25 -27 -28 -29 -30 -31
leaf_value=-0.073412281877016247 0.03752427449540921 -0.01142272334166999 0.016713592796349125 -0.07806707715177072 0.075252770073353681 -0.053377096928318372 -0.027432875410747737 0.044103624428692804 0.056254947148335226 -0.045138389223720682 -0.038736093567090762 0.029959006968892504 -0.049912274476281937 -0.053021605598011105 -0.013846423806297657 0.016424797247800185 -0.0041445847534426223 -0.043786619564983677 -0.0050581672593558976 -0.0081715376687291254 -0.040481471501204902 0.02904821409600146 0.020668660945961467 -0.020103677265108991 -0.022290570264254642 0.012220894807404972 -0.01313721498823173 0.0014595243398822788 0.019188615845749189 0.00094287399134831279
leaf_weight=3547.0750121242309 7417.0585604836233 8945.9727655573515 9376.0368451371323 30848.452812223986 37265.553027935093 4963.239539236587 8158.5009522212204 6155.3021193689201 17733.849177839933 1777.4743557268521 4443.0763277612859 491.992602641345 6683.7863210673677 2836.4083271511481 2461.7998837358318 4733.9805263571907 8836.7938633949962 5630.1418484669412 4271.3664977906737 1452.4331894974457 5445.6364786735503 1546.8741486151703 2636.5177989550866 2629.0278938396368 2066.3109385599382 2185.4045304977335 10907.454124897369 6695.3269200340146 3758.1580603024922 319.12075793254189
leaf_count=240059 31924 186673 122979 2422250 61999 236469 250684 45649 51681 127877 186573 8433 323933 164715 78318 67340 171883 290768 127711 32926 182905 7536 26880 137383 52292 33176 264507 97257 43551 7251
internal_value=-6.94882e-10 -0.028265 -0.00572092 -0.0584601 0.0619791 -0.0162713 -0.0221442 0.0198061 0.0457377 -0.0386763 -0.0541299 -0.0330129 -0.0344667 -0.0759581 -0.0370957 -0.00244173 -0.0144692 -0.0280413 -0.0168359 -0.0419211 -0.0336784 0.0540722 0.0370759 -0.036248 0.00649955 -0.00455149 -0.0192545 0.0103588 0.0313581 -0.0475948
internal_weight=216220 148499 85020.7 63477.9 67721.5 60157.5 42225.9 24863.2 30455.9 29793.1 7990.15 21802.9 21310.9 33684.9 14323.1 17931.7 27902.7 14308 6048.84 11861.3 6898.07 19280.7 8791.82 8259.17 8985.7 4251.72 19066 16071.4 11175.2 7002.91
internal_count=6083582 5886891 1849938 4036953 196691 1557173 1217692 292765 134692 1449988 426632 1023356 1014923 2586965 530618 339481 687074 683739 255588 452300 215831 59217 72529 428151 152808 85468 515191 220236 75475 331184
is_linear=0
shrinkage=0.05


Tree=4
num_leaves=31
num_cat=0
split_feature=15 94 76 17 15 96 76 76 8 96 79 4 82 88 76 79 81 4 38 76 4 38 98 76 2 79 4 38 1 80
split_gain=132996 34565.9 8166.74 7469.13 5642.01 1642.76 1694.84 1477.89 1269.69 878.54 1012.44 613.251 573.006 554.81 536.254 515.578 606.245 511.043 442.121 432.079 420.744 405.914 473.955 361.534 340.503 300.52 448.291 298.34 293.64 268.345
threshold=1.0000000180025095e-35 1.0013056993484499 0.49711674451828008 60.500000000000007 0.55000001192092907 1.4775295853614809 0.12796080112457278 0.98554348945617687 2.5000000000000004 0.49152387678623205 3.0011954307556157 2.5000000000000004 1.5000000000000002 0.0095328972674906271 0.0086991954594850558 0.070103015750646605 0.087121214717626586 3.5000000000000004 0.57411429286003124 0.3337771892547608 3.5000000000000004 9.8321590423584002 3.1228808164596562 0.060700336471199996 2.5000000000000004 0.99698382616043102 1.5000000000000002 4.8543777465820321 0.42153549194335943 0.96252617239952099
decision_type=2 2 2 2 2 2 2 2 2 2 2 2 2 2 2 2 2 2 2 2 2 2 2 2 2 2 2 2 2 2
left_child=1 3 5 9 8 11 17 -4 12 15 23 27 18 -8 -5 16 -1 21 29 28 -10 -7 -23 -11 -9 26 -17 -3 -15 -2
right_child=4 2 7 14 -6 6 13 24 20 10 -12 -13 -14 19 -16 25 -18 -19 -20 -21 -22 22 -24 -25 -26 -27 -28 -29 -30 -31
leaf_value=-0.051767392277249739 0.011099559474606918 -0.016528810908417027 0.0094389744095117155 -0.074523791385215907 0.072071975159764531 -0.050422044859796504 -0.052155212942542654 0.03988266181048046 0.041434160295310642 -0.067310258993399943 -0.031112495002010489 0.01005624489643913 0.062994841479372982 -0.014946335931672073 -0.050986580611201184 -0.033100444010633716 0.0067005672501149766 -0.0075858744231467896 0.054333004841462695 -0.0035445890873538471 0.011729609063365643 0.0014621750967828574 -0.036657920444521659 -0.045450002241323048 0.012483083541133361 -0.041039202127011044 -0.010205495448952134 -0.00022453976125753262 -0.034466767849753742 0.040290805140665679
leaf_weight=3476.3916267803725 842.3391760350205 6907.8399299362791 15435.501282670186 29129.525536858011 36010.332964431029 4889.4665795885958 935.14671196660493 7064.8641183560248 1737.5039064458106 4603.0290490693878 6073.5057444098638 5748.1285773406271 4834.892376890406 15168.252792535699 2639.1656170907081 3568.8588557536277 508.1629986037733 1422.7153056621319 6554.1922987070866 8276.4511212583166 3797.6812222846784 932.62840377376415 6486.885923297843 3210.6136851563351 1350.6767774196342 1953.7852369301254 5333.0113420956768 4724.8129183265846 2206.826152313035 12044.157609744696
leaf_count=226989 5565 164486 220236 2421123 61999 245686 43773 57541 11630 310937 291514 94562 10335 416676 165842 136966 11652 43113 15228 162139 43281 18829 222990 195807 14988 111740 164383 80433 64486 48653
internal_value=1.10565e-09 -0.0272248 -0.00598105 -0.0558618 0.0587528 -0.0161541 -0.0216934 0.018629 0.0426637 -0.0373864 -0.0464253 -0.00330449 0.0475911 -0.014326 -0.0725685 -0.028928 -0.0443108 -0.0359578 0.0437601 -0.0129469 0.0210539 -0.0392371 -0.0318662 -0.0583279 0.0354851 -0.0232817 -0.0193843 -0.00990654 -0.0174256 0.0383827
internal_weight=207867 142046 81550.2 60496 65821.1 57699.2 40318.4 23851 29810.8 28727.4 13887.1 17380.8 24275.6 26586.7 31768.7 14840.2 3984.55 13731.7 19440.7 25651.5 5535.19 12309 7419.51 7813.64 8415.54 10855.7 8901.87 11632.7 17375.1 12886.5
internal_count=6083582 5886891 1849938 4036953 196691 1557173 1217692 292765 134692 1449988 798258 339481 79781 687074 2586965 651730 238641 530618 69446 643301 54911 487505 241819 506744 72529 413089 301349 244919 481162 54218
is_linear=0
shrinkage=0.05


Tree=5
num_leaves=31
num_cat=0
split_feature=15 94 76 17 15 89 8 4 76 76 81 76 96 79 79 88 96 82 81 38 79 0 68 38 1 96 38 38 79 30
split_gain=120479 29943.1 7235.46 6401.41 4906.42 1291.38 1191.58 1006.62 952.526 948.081 792.076 744.276 694.186 871.568 618.963 537.573 510.775 483.044 457.596 454.089 453.683 344.598 342.132 336.952 285.551 274.601 258.009 252.493 251.425 410.382
threshold=1.0000000180025095e-35 1.0013056993484499 0.60254564881324779 60.500000000000007 0.55000001192092907 133.50000000000003 2.5000000000000004 2.5000000000000004 0.27712331712245947 0.99999400973320018 0.095454547554254546 0.30836449563503271 0.70017820596694957 3.0011954307556157 0.057302962988615043 0.0095328972674906271 1.7576124072074892 1.5000000000000002 0.21825397014617923 10.380022048950197 3.2974030971527104 0.007111666491255165 0.081877905875444426 0.57411429286003124 0.46720430254936224 0.64760625362396251 4.8543777465820321 4.6530854701995858 0.99698382616043102 1.5000000000000002
decision_type=2 2 2 2 2 2 2 2 2 2 2 2 2 2 2 2 2 2 2 2 2 2 2 2 2 2 2 2 2 2
left_child=1 3 5 10 6 7 17 11 22 -4 12 15 14 -14 -1 -3 26 23 -8 -18 -5 -11 -7 -2 28 -9 -17 -27 29 -16
right_child=4 2 9 20 -6 8 18 25 -10 21 -12 -13 13 -15 24 16 19 -19 -20 -21 -22 -23 -24 -25 -26 27 -28 -29 -30 -31
leaf_value=-0.051381073274068004 0.03792791195394813 -0.049161786851070331 0.011200951034071543 -0.07106833173458503 0.069315823267592447 -0.055734636746021797 0.0058842650638987731 0.016370923623998904 -0.010582821537059721 0.040582605294015202 0.011302410583020981 -0.0015413522106804182 -0.059915589158659327 -0.032706227198592494 -0.032099926400155916 -0.014850532210729073 -0.037528204780639354 0.060646635364570857 0.035154684550358112 -0.016416027439426897 -0.042418025593851515 0.017147207430257449 -0.029611693962162441 0.052026560036432357 -0.047800187355042704 -0.019327368394879335 0.0034577352155835276 0.0043795164511311073 -0.03721130754702489 -0.009566027136984484
leaf_weight=2924.4727473281673 12428.888497006614 1381.6057392780203 10645.788391474984 28749.926999463118 34970.560408939142 1389.0795669192448 2737.7982214944204 3368.3383009867975 7983.7866203371086 5678.0795452571474 844.10295071126893 8629.2789989929879 6181.2618594527594 5618.0189976469846 3455.7088832288573 4548.8211868806393 3887.1986973117455 4702.7468362553045 2606.4543780777603 7386.793438113411 1451.5274460014189 2167.3113816983532 12832.185313348542 6430.568011702504 1307.7904914466199 1487.7957255224464 3335.298232617788 4582.6790888584219 2428.257537663565 4864.877418177377
leaf_count=216314 54218 57546 138778 2496796 61999 64053 35560 42906 179622 45161 18321 173611 439442 278563 139314 111191 177081 10335 19351 203862 90169 24064 431885 15228 54326 46685 54073 99420 150867 152841
internal_value=1.1608e-10 -0.0264196 -0.00646856 -0.053781 0.0567171 -0.0147965 0.0414754 -0.00927084 -0.0244041 0.0209201 -0.0363864 -0.0138635 -0.0378896 -0.0469603 -0.0307453 -0.0190404 -0.0168681 0.0463101 0.0201598 -0.0236954 -0.0696914 0.0341085 -0.0321633 0.0427352 -0.0257399 0.00492197 -0.0071054 -0.00143074 -0.0230559 -0.0189248
internal_weight=201007 137130 79304 57825.9 63877 60812.9 28906.5 38607.8 22205.1 18491.2 27624.5 29169 26780.4 11799.3 14981.1 20539.7 19158.1 23562.2 5344.25 11274 30201.5 7845.39 14221.3 18859.5 12056.6 9438.81 7884.12 6070.47 10748.8 8320.59
internal_count=6083582 5886891 1849938 4036953 196691 1641935 134692 966375 675560 208003 1449988 777364 1431667 718005 713662 603753 546207 79781 54911 380943 2586965 69225 495938 69446 497348 189011 165264 146105 443022 292155
is_linear=0
shrinkage=0.05


Tree=6
num_leaves=31
num_cat=0
split_feature=81 94 76 57 15 96 76 76 8 75 79 96 79 76 4 38 96 38 1 68 80 2 76 1 33 30 76 4 81 68
split_gain=109495 26288 6487.73 5661.24 4503.27 1385.71 1415.43 1317.52 1238.23 845.225 683.742 557.219 700.251 546.973 479.857 421.304 619.902 410.769 403.635 399.875 340.446 294.838 290.515 286.042 266.409 257.018 251.673 244.23 235.64 230.399
threshold=0.074175827205181136 1.0013056993484499 0.49711674451828008 77.500000000000014 0.55000001192092907 1.4933025836944582 0.14232817292213443 0.98554348945617687 2.5000000000000004 0.99978962540626537 3.2974030971527104 0.70017820596694957 3.0011954307556157 0.0048072158824652442 2.5000000000000004 9.8321590423584002 3.9570217132568364 0.56604239344596874 0.32058393955230718 0.043200960382819183 1.0000001192092898 3.5000000000000004 0.30836449563503271 0.44543650746345526 0.0036250000121071939 1.5000000000000002 0.1080460697412491 2.5000000000000004 0.17156863212585452 0.052652165293693549
decision_type=2 2 2 2 2 2 2 2 2 2 2 2 2 2 2 2 2 2 2 2 2 2 2 2 2 2 2 2 2 2
left_child=1 3 5 9 8 14 15 24 17 11 -5 13 26 -1 29 -7 -17 20 -10 -8 27 -9 -21 25 -4 -15 -13 -2 -20 -3
right_child=4 2 7 10 -6 6 19 21 18 -11 -12 12 -14 23 -16 16 -18 -19 28 22 -22 -23 -24 -25 -26 -27 -28 -29 -30 -31
leaf_value=-0.051604824311344138 0.043452608373928718 -0.040881707005071571 0.01260540095233245 -0.068234205135740175 0.066813235964353276 -0.044645750435640175 -0.054905861746033208 0.035456473125480246 0.0093654808984076372 0.020015557789841321 -0.040874981187826204 -0.063838848361755976 -0.030200239597868685 -0.03288593084763658 0.0078871715206757474 -0.0020348632314161237 -0.033882449201706355 0.055112441402408285 0.018038092262577323 -0.017416752694665881 0.054270728590989914 0.002420275897107276 -0.0059218140420965563 -0.045979448086426823 -0.0011233218356645422 -0.016288612532120366 -0.039402278832323501 0.02862269131996692 0.046884712168541176 -0.0084138766569669243
leaf_weight=2274.6222718748031 5822.6271559954621 576.61260613880586 8555.5529316344764 28656.785532861715 34043.604836255545 5445.5563034021179 576.07633614726365 7122.2585431642365 3567.6635674411664 705.1799060893245 2481.3615655089961 3809.2885952241486 4488.1715643259231 3541.4858808427816 5577.6996921773534 1945.1678376287455 7123.7404471678892 7401.3821141265798 1240.1242710733786 13465.164476254606 3494.7004356980324 746.12353327102028 9288.0902381954947 1406.9353309771977 6020.2125767460093 6832.8408195018419 1456.5243488011765 5306.4109231901821 1649.7071325043216 10430.093174895563
leaf_count=152667 21439 19372 121879 2582375 61999 280726 31068 63070 53370 9155 146492 294787 223308 148804 94775 45344 256913 16592 17402 398780 9530 9188 200513 63938 97069 301785 97384 26733 10465 226660
internal_value=-8.14313e-10 -0.025732 -0.00678422 -0.0519042 0.0545396 -0.0161118 -0.0213932 0.0158357 0.0398695 -0.0339316 -0.066054 -0.0355293 -0.0447115 -0.0291575 -0.00406033 -0.0336526 -0.0270515 0.0455144 0.0206161 -0.013766 0.0406566 0.0323238 -0.0127244 -0.0248235 0.00693504 -0.0219544 -0.0570797 0.0363816 0.0345057 -0.0101148
internal_weight=195052 132526 76872.3 55653.2 62526.2 54428.2 37843.8 22444.1 28482.6 24515 31138.1 23809.9 9753.98 14055.9 16584.4 14514.5 9068.91 22025.1 6457.49 23329.3 14623.7 7868.38 22753.3 11781.3 14575.8 10374.3 5265.81 11129 2889.83 11006.7
internal_count=6083582 5866052 1845357 4020695 217530 1554151 1213344 291206 155531 1291828 2728867 1282673 615479 667194 340807 582983 302257 74294 81237 630361 57702 72258 599293 514527 218948 450589 392171 48172 27867 246032
is_linear=0
shrinkage=0.05


Tree=7
num_leaves=31
num_cat=0
split_feature=15 94 76 17 15 76 96 76 15 28 89 94 96 76 8 94 99 96 76 68 38 0 4 65 4 4 65 22 1 4
split_gain=100014 23454 5905.88 5075.22 4003.54 1106.04 1073.01 1377.73 1007.4 631.988 533.34 533.108 465.689 416.192 409.5 332.717 330.079 318.805 301.711 300.748 296.234 287.533 276.499 267.654 261.624 258.487 249.939 327.296 245.395 237.065
threshold=1.0000000180025095e-35 1.0013056993484499 0.51758384704589855 69.500000000000014 0.55000001192092907 0.98554348945617687 1.7576124072074892 0.18953978270292285 0.29166667163372045 0.27726890146732336 37.500000000000007 3.266069889068604 0.6737867295742036 0.054615627974271781 2.5000000000000004 1.0000000180025095e-35 0.018095998093485836 0.46877679228782659 0.0086991954594850558 0.019861149601638321 0.57142606377601635 0.0020861111115664248 1.5000000000000002 0.048131559044122703 2.5000000000000004 1.5000000000000002 0.010995132382959129 317.50000000000006 0.11814556270837785 1.5000000000000002
decision_type=2 2 2 2 2 2 2 2 2 2 2 2 2 2 2 2 2 2 2 2 2 2 2 2 2 2 2 2 2 2
left_child=1 3 6 9 8 26 11 13 14 10 12 17 -1 25 -2 -14 -15 29 -5 -13 28 -7 -12 -9 -21 -8 27 -4 -10 -3
right_child=4 2 5 18 -6 21 7 23 20 -11 22 19 15 16 -16 -17 -18 -19 -20 24 -22 -23 -24 -25 -26 -27 -28 -29 -30 -31
leaf_value=-0.023956212971335059 0.033595598038488668 -0.019519914492769186 0.0062204518821448486 -0.066831910078269524 0.064682553565023948 0.037138749442416477 -0.052125105001297814 -0.014261280263729548 0.035579984488129532 0.023335262255064951 -0.060301351596142062 -0.062531172690611952 -0.029549531077773736 -0.033567376266952817 0.012359473861537346 -0.055640451364866839 -0.017954638173321196 -0.038031808934664124 -0.046677141348265422 -0.0035287208614014406 0.054841569870321585 0.016283119522639847 -0.040211863444175266 4.9320929300386774e-05 0.012625076631906039 -0.025661711512888419 0.0087102535246719025 -0.054874922923490221 0.050894917309609926 0.0018560308902892436
leaf_weight=10750.278102320328 6558.8743519624695 3320.298784234561 543.57068394828821 25124.581245360605 33135.429447663366 5303.6397258538054 2987.8167862119735 14322.961938052089 7050.4912672624923 462.71164192818105 2159.883201451099 182.54280620790087 2448.3884397246293 7114.1019274098217 3471.6744054048322 2439.2417219427298 6458.8292382091167 1385.3667045545299 2005.0251319557428 7093.7527072107769 6257.8834713608958 2400.7345357203158 8273.5604085353552 4233.0036317954073 3876.080597434775 1335.0826818994246 12494.811209166481 367.362550285412 4158.2757376253139 2128.5475784518057
leaf_count=474514 31924 90855 9323 2402223 61999 44981 147705 388246 29980 8552 160144 6927 136618 286098 43551 188950 217776 56135 147113 137290 14963 27548 518839 91779 62843 55167 180664 9506 14274 37095
internal_value=-2.3708e-09 -0.0248601 -0.00690637 -0.0501356 0.0529785 0.0155431 -0.0156118 -0.0205428 0.0388745 -0.0345875 -0.0356155 -0.00561863 -0.0297741 -0.0304411 0.0262456 -0.0425706 -0.0261379 -0.0166148 -0.0653424 0.00111988 0.046127 0.03064 -0.0443707 -0.0109967 0.00217906 -0.0439522 0.00686685 -0.0184182 0.0412616 -0.0111696
internal_weight=189845 129212 75548.5 53663.7 60632.6 21110.1 54438.4 36451.8 27497.2 26534.1 26071.4 17986.6 15637.9 17895.8 10030.5 4887.63 13572.9 6834.21 27129.6 11152.4 17466.7 7704.37 10433.4 18556 10969.8 4322.9 13405.7 910.933 11208.8 5448.85
internal_count=6083582 5886891 1849938 4036953 196691 272022 1577916 1186771 134692 1487617 1479065 391145 800082 706746 75475 325568 503874 184085 2549336 207060 59217 72529 678983 480025 200133 202872 199493 18829 44254 127950
is_linear=0
shrinkage=0.05


Tree=8
num_leaves=31
num_cat=0
split_feature=15 94 76 17 15 8 76 96 76 81 38 4 76 69 94 80 4 81 68 79 76 76 76 0 98 94 4 4 55 4
split_gain=91184.9 21095.5 5356.24 4612.1 3879.73 1124.1 1087.12 1056.61 1094.26 589.896 522.262 479.295 578.415 422.446 418.754 365.451 340.807 319.518 314.628 304.682 279.825 269.376 264.776 252.362 251.386 241.407 240.179 229.842 217.187 196.953
threshold=1.0000000180025095e-35 1.0013056993484499 0.49711674451828008 69.500000000000014 0.55000001192092907 2.5000000000000004 0.99999400973320018 1.7576124072074892 0.14232817292213443 0.13809524476528171 0.56604239344596874 1.5000000000000002 0.1080460697412491 0.0094934161752462404 3.266069889068604 1.0000001192092898 2.5000000000000004 0.2264957278966904 0.019861149601638321 0.052509827539324767 0.3337771892547608 0.0019172019092366102 0.058183385059237487 0.003870694432407618 0.76641184091568004 0.69829061627388012 5.5000000000000009 2.5000000000000004 0.14913628995418551 1.5000000000000002
decision_type=2 2 2 2 2 2 2 2 2 2 2 2 2 2 2 2 2 2 2 2 2 2 2 2 2 2 2 2 2 2
left_child=1 3 7 9 5 10 -4 14 16 11 15 12 -1 19 24 25 22 -7 -10 -13 -20 -5 -9 -8 29 27 -16 -2 -15 -3
right_child=4 2 6 21 -6 17 23 8 18 -11 -12 13 -14 28 26 -17 -18 -19 20 -21 -22 -23 -24 -25 -26 -27 -28 -29 -30 -31
leaf_value=-0.061866344065696383 0.040368967630722563 -0.019462186900113164 0.0059874820210091308 -0.064992555058406939 0.062858546770755655 0.0037867128142355013 0.035834504704900703 -0.046403542032404918 -0.060871917243015751 0.022657925059272003 0.053071946389141436 -0.044236700438668224 -0.033013594102462782 -0.032010585878132609 -0.0029173535076246243 0.051117442971905805 -0.014570081223465148 0.028963976325249476 -0.017220226322033197 -0.016949841533260214 -0.0052080083736680558 -0.046322821644509703 -0.030024717448158808 0.015461544238317275 -0.038520385311660493 -0.037970235942488044 0.017039440143628955 0.026073869634275684 -0.04745690354292225 -0.00027390960634010803
leaf_weight=3101.9664915282046 5550.514576733578 3189.7741502723075 14463.084444594744 23855.477235568746 32219.735792705906 2621.3714475124143 5067.146042633045 3832.3339326223941 349.54026628797874 457.38250398391392 7221.307749085594 1218.9602995173773 3947.5411861552857 7385.0561080601765 9103.2689283699729 3371.0944438625593 2278.164101656992 2426.6977355917916 13960.105904930213 6363.9146238716785 7427.7958090966567 2102.3352567353286 6928.3319948534481 2171.427584948251 1013.4213188397698 120.67479036049917 1806.8702152856858 5698.9294289334211 3289.3983443555189 2302.7136982046068
leaf_count=254410 21200 89604 223540 2386110 61999 36039 43435 192817 21276 7866 17437 89776 187478 429254 179384 9746 81426 18872 431012 274344 161600 163226 283044 25790 46891 603 24737 30795 244489 45382
internal_value=8.14469e-10 -0.0241144 -0.00697179 -0.0486055 0.0511419 0.0371655 0.0139045 -0.0156522 -0.0206867 -0.0336188 0.0420557 -0.0346359 -0.0457096 -0.0303601 -0.00559929 0.0366592 -0.0321385 0.0158899 -0.0138175 -0.0213363 -0.0130485 -0.0634805 -0.0358579 0.029723 -0.0156393 0.0323725 0.000387768 0.0331271 -0.0367705 -0.0114175
internal_weight=184846 125616 73894 51722 59230.3 27010.6 21701.7 52192.3 34776.3 25764.2 21962.5 25306.8 7049.51 18257.3 17416 14741.2 13038.8 5048.07 21737.4 7582.87 21387.9 25957.8 10760.7 7238.57 6505.91 11370.1 10910.1 11249.4 10674.5 5492.49
internal_count=6083582 5886891 1849938 4036953 196691 134692 292765 1557173 1171175 1487617 79781 1479751 441888 1037863 385998 62344 557287 54911 613888 364120 592612 2549336 475861 69225 181877 52598 204121 51995 673743 134986
is_linear=0
shrinkage=0.05


Tree=9
num_leaves=31
num_cat=0
split_feature=75 94 76 57 15 76 96 76 15 8 96 79 79 94 99 81 79 81 96 2 38 38 88 88 8 96 96 76 60 38
split_gain=84335.9 19262.2 4757.64 4059.15 3643.17 1032.13 966.241 1028.57 889.611 487.454 482.482 502.476 444.583 408.321 341.216 324.989 309.191 335.252 273.726 272.568 253.854 251.099 250.059 249.369 233.358 221.286 221.118 220.943 206.312 199.727
threshold=0.99819299578666698 1.0013056993484499 0.49711674451828008 72.500000000000014 0.36666667461395269 0.98554348945617687 2.0935676097869877 0.18953978270292285 0.63333335518836986 2.5000000000000004 0.41891068220138555 3.0011954307556157 3.2974030971527104 2.5666652917861943 0.017080203630030159 0.21825397014617923 0.070103015750646605 0.19375000149011615 0.26257683336734777 3.5000000000000004 20.690246582031254 0.57602435350418102 0.015954314731061462 0.0071410359814763078 2.5000000000000004 5.3889503479003915 0.91683536767959606 0.1080460697412491 0.13492096960544589 7.3843193054199228
decision_type=2 2 2 2 2 2 2 2 2 2 2 2 2 2 2 2 2 2 2 2 2 2 2 2 2 2 2 2 2 2
left_child=1 3 6 10 9 -4 13 14 24 21 16 27 28 26 -8 -11 17 -1 -15 -7 -16 -2 -9 -20 -6 -22 -3 -12 -5 -25
right_child=4 2 5 12 8 19 7 22 -10 15 11 -13 -14 18 20 -17 -18 -19 23 -21 25 -23 -24 29 -26 -27 -28 -29 -30 -31
leaf_value=-0.044499621966180174 0.028779308748581808 -0.013963586832350173 0.0047136716197954589 -0.06265516889512189 0.04841038257414506 0.031063619802549847 -0.03707816943095301 -0.040520261017261604 0.061709993694837276 0.0047991540109976766 -0.055173860980706646 -0.026718074165032021 -0.039330324795375037 0.016835951205613233 -0.031909981573545319 0.032562216893185468 -0.020162408047914891 0.0063886141088904799 -0.040188827290964957 -0.00060418192045517743 0.007031859471319353 0.047158142273887274 -0.010465315417264065 -0.0095393440264836052 0.024544852836018743 -0.02017754305825209 -0.042404497496056279 -0.033413067334822077 -0.0029312371033761836 0.0035722307165530365
leaf_weight=2735.3427277727751 6465.4471175775398 3975.1590156176244 14010.433517299185 25001.434312823811 13336.99816890154 6625.1207571587875 7779.4345585727133 723.85758939059451 29636.778963449993 3104.9750355157303 4249.2262229757616 4317.1801904137246 2297.0874504898675 1704.4150096224621 3876.3077953397296 1595.8396273565013 8954.3764871781459 367.08516320306808 472.11850556405261 757.13654376077466 946.50798498559743 2608.1291890968569 15760.169526426413 5932.1879355840501 1109.4925810722634 3549.1848700665869 825.28340219589882 1607.8327691098675 145.44070531474426 5690.7318803938106
leaf_count=201383 33975 106305 219246 2587100 37371 63118 354733 35512 58132 61307 355380 230012 152815 23685 180705 14500 369755 3857 17136 9309 21748 8600 410200 142164 6084 117085 43830 112531 4690 101314
internal_value=1.45082e-09 -0.0235292 -0.00711878 -0.0475224 0.0497375 0.0126858 -0.0153879 -0.0205716 0.0567509 0.027292 -0.031642 -0.0396605 -0.0603863 -0.00629263 -0.0295391 0.0142242 -0.0248754 -0.0384784 -0.00192319 0.0278157 -0.0225336 0.0340622 -0.0117851 -0.0045667 0.0465775 -0.014449 -0.0188531 -0.0492003 -0.0623097 -0.00311975
internal_weight=180161 122303 72628 49675 57857.7 21392.7 51235.4 32635.5 44083.3 13774.4 22231 10174.2 27444 18599.9 16151.4 4700.81 12056.8 3102.43 13799.5 7382.26 8372 9073.58 16484 12095 14446.5 4495.69 4800.44 5857.06 25146.9 11622.9
internal_count=6083582 5863613 1846090 4017523 219969 291673 1554417 1119983 101587 118382 1272918 697923 2744605 434434 674271 75807 574995 205240 284299 72427 319538 42575 445712 260614 43455 138833 150135 467911 2591790 243478
is_linear=0
shrinkage=0.05


Tree=10
num_leaves=31
num_cat=0
split_feature=15 94 76 17 15 8 89 76 4 76 28 38 96 79 76 76 65 75 4 1 88 1 8 65 94 76 16 2 4 0
split_gain=76849.5 17197.8 4279.75 3900.64 3579.9 901.223 896.005 711.488 636.855 524.006 506.321 502.889 428.164 506.71 412.105 407.5 394.992 334.009 331.274 296.397 276.549 264.828 252.955 248.939 234.902 227.841 226.614 226.557 197.984 229.663
threshold=1.0000000180025095e-35 1.0013056993484499 0.66986098885536205 69.500000000000014 0.55000001192092907 2.5000000000000004 50.500000000000007 0.27712331712245947 3.5000000000000004 0.99999400973320018 0.27726890146732336 0.56604239344596874 0.70017820596694957 3.0011954307556157 0.0061256021726876506 0.3773819655179978 0.014087707735598089 1.5885339975357058 4.5000000000000009 0.48999600112438207 0.084341652691364302 0.24407060444355014 2.5000000000000004 0.012604894116520883 53.427766799926765 0.0019172019092366102 0.043531715869903571 3.5000000000000004 1.5000000000000002 1.2141902446746828
decision_type=2 2 2 2 2 2 2 2 2 2 2 2 2 2 2 2 2 2 2 2 2 2 2 2 2 2 2 2 2 2
left_child=1 3 6 10 5 11 8 16 15 -4 12 17 14 -14 -1 19 -8 -2 20 26 -18 -7 -6 -9 -25 -5 -3 -11 -16 -30
right_child=4 2 9 25 22 21 7 23 -10 27 -12 -13 13 -15 28 -17 18 -19 -20 -21 -22 -23 -24 24 -26 -27 -28 -29 29 -31
leaf_value=-0.044442404011745935 0.029281669849261491 -0.040467503304022101 0.0079847468807041407 -0.061839174368768346 0.060041893526995717 0.0018665117162658341 -0.050440191708867543 -0.042397260922370089 0.012063460909247198 0.030057412213246294 0.021247693558845114 0.049924123744590078 -0.051736803395027654 -0.029447519037079539 -0.032010770037735635 0.0026906303261215589 -0.027476970762617139 0.047257014304765213 -0.0038575515078058801 -0.033154512953907582 -0.0060740677756181537 0.02542237686950969 0.0003511060314339254 -0.015484964062871788 -0.0011940918830278906 -0.04398884759231339 -0.0099119983832517133 -0.00011911542656168933 -0.013132309324369299 -0.034579679923518979
leaf_weight=2737.9306326726801 10946.981312416727 635.06892017129576 7509.1555558994296 21684.08119719557 30219.89692890225 2147.3427428640425 1397.0692175389268 545.8677504027728 3980.2334371210891 6240.065484709572 440.62934632156976 6938.6657207710668 5104.6540987915359 5094.5880654563662 3795.3527188267908 5013.3789755221806 14487.375683401478 3382.9234753337223 2038.3115670377156 1735.7133480230113 1684.787080177397 2685.2432236677269 178.53636428900063 5377.7044318226981 6179.869753040839 1948.2555401819409 13632.977734185581 690.84321166854352 5610.5039983083261 1605.3497274339315
leaf_count=210217 52197 32284 99583 2386110 61419 31508 74941 22402 72305 60160 8552 17437 446872 289709 171278 97882 552583 10147 60227 57369 51538 23403 580 138537 126770 163226 394292 9065 269416 91573
internal_value=-8.06008e-10 -0.022771 -0.00716622 -0.0458911 0.0480289 0.0344465 -0.0133543 -0.0189345 -0.00627554 0.0171354 -0.0318637 0.0388752 -0.0328409 -0.0406032 -0.0270827 -0.00974858 -0.0248187 0.0335252 -0.0228531 -0.0136453 -0.0252473 0.0149554 0.0596913 -0.00940197 -0.00784359 -0.0603676 -0.011272 0.0270495 -0.0227662 -0.0179038
internal_weight=175669 119170 71148.4 48021.3 56499.6 26101.2 56708.4 31711 24997.4 14440.1 24389 21268.6 23948.4 10199.2 13749.1 21017.1 19607.5 14329.9 18210.5 16003.8 16172.2 4832.59 30398.4 12103.4 11557.6 23632.3 14268 6930.91 11011.2 7215.85
internal_count=6083582 5886891 1849938 4036953 196691 134692 1681130 1026998 654132 168808 1487617 79781 1479065 736581 742484 581827 739289 62344 664348 483945 604121 54911 61999 287709 265307 2549336 426576 69225 532267 360989
is_linear=0
shrinkage=0.05


Tree=11
num_leaves=31
num_cat=0
split_feature=81 94 17 76 15 75 96 76 76 8 38 89 4 79 65 75 1 65 76 4 79 76 0 80 38 96 88 4 0 84
split_gain=71189.8 15213.8 4137.22 3726.55 3311.77 932.61 907.402 985.53 767.232 764.754 478.537 477.629 395.409 388.878 304.552 294.667 290.505 263.082 256.795 236.641 232.959 230.527 222.162 220.606 201.638 203.141 180.708 175.992 175.019 164.451
threshold=0.095454547554254546 1.6979237198829653 89.500000000000014 0.54052275419235241 0.55000001192092907 0.99957793951034557 2.1715521812438969 0.21144551038742068 0.98554348945617687 2.5000000000000004 0.56604239344596874 31.500000000000004 5.5000000000000009 0.84306937456130993 0.033235205337405212 1.5885339975357058 0.32058393955230718 0.038018340244889266 0.015942848287522796 3.5000000000000004 0.19937530159950259 0.22760069370269778 0.007111666491255165 0.99365437030792247 21.163494110107425 5.2759947776794442 0.015954314731061462 2.5000000000000004 0.02374847233295441 10164.000000000002
decision_type=2 2 2 2 2 2 2 2 2 2 2 2 2 2 2 2 2 2 2 2 2 2 2 2 2 2 2 2 2 2
left_child=1 2 5 6 9 11 12 14 28 10 15 13 17 20 -8 27 -11 -3 -13 21 -1 -15 -10 -4 -16 -26 -9 -2 -5 -28
right_child=4 3 23 8 -6 -7 7 26 22 16 -12 18 -14 19 24 -17 -18 -19 -20 -21 -22 -23 -24 -25 25 -27 29 -29 -30 -31
leaf_value=-0.023186686619643002 0.034835437812473405 -0.014082672004280795 -0.059538740459562048 0.0084991369697268084 0.058510685955702559 0.014956579732915044 -0.03470499075196383 -0.035560568560671364 0.031039131205142009 0.0069725667816626733 0.049593329439066233 -0.052483082420773708 0.013196743683548538 -0.04952718819599234 -0.029410577590337585 0.04596481264315222 0.030008505370111817 -0.00061802536381369013 -0.035273191810419345 -0.02166406534758808 -0.0012290972994036288 -0.01698349942047565 0.011133320606702662 0.042857126420371518 0.0058548418211997778 -0.019406975141743832 -0.0061203576345505014 0.021478425482666243 -0.0050386527626590932 -0.01981248743424804
leaf_weight=7679.447218942194 5355.0273222089745 7821.7588996083941 22043.222440334415 8100.7529681373853 29427.662182134343 1101.5845423712744 7553.2575645282632 649.03303376596887 5052.4271360232378 3030.1284017381258 6450.2790623768233 2942.6421737379278 2638.2975469043013 3061.4892896994716 4054.3499132744619 3282.7614507549442 2495.9692945005372 6765.8208270258037 8229.1850066103216 1800.5077525167726 1433.4241109507857 661.7916684083757 1939.8508074010024 52.726627911906689 991.48282041330822 4032.3366264060605 12089.56900955044 4571.3075615942944 3385.047127047088 2678.9287704484304
leaf_count=349140 21425 209857 2498784 117049 61999 14658 356146 32258 46985 45947 16229 254461 41406 247469 188937 9905 24552 149396 556909 112171 44513 36734 24503 469 23360 136092 302819 24380 57873 77156
internal_value=-3.82517e-10 -0.02204 -0.0432619 -0.00669017 0.04712 -0.0300976 -0.013871 -0.0188454 0.0124587 0.0338107 0.0384301 -0.0320206 -0.00461607 -0.0260781 -0.0272873 0.0329788 0.0173772 -0.00783768 -0.0398063 -0.0365461 -0.0197328 -0.0437427 0.0255167 -0.0592944 -0.0211156 -0.0144214 -0.00973883 0.0286842 0.00450934 -0.00860404
internal_weight=171372 116759 49006 67752.9 54613.1 26910.1 49274.8 32049 18478.1 25185.5 19659.4 25808.5 17225.9 14636.7 16631.4 13209.1 5526.1 14587.6 11171.8 5523.79 9112.87 3723.28 6992.28 22095.9 9078.17 5023.82 15417.5 9926.33 11485.8 14768.5
internal_count=6083582 5879145 4115308 1763837 204437 1616055 1517427 1116768 246410 142438 71939 1601397 400659 790027 704535 55710 70499 359253 811370 396374 393653 284203 71488 2499253 348389 159452 412233 45805 174922 379975
is_linear=0
shrinkage=0.05


Tree=12
num_leaves=31
num_cat=0
split_feature=15 94 76 17 15 96 76 76 8 38 81 96 79 79 4 80 81 4 88 55 4 76 65 21 79 4 60 68 28 89
split_gain=65759.2 14319.5 3586.51 3396.63 3314.92 890.197 883.544 729.391 722.776 554.846 427.223 366.302 466.49 415.426 343.193 314.757 271.817 266.671 265.548 241.468 216.803 209.607 200.806 198.121 194.983 298.578 188.63 182.639 167.657 166.349
threshold=1.0000000180025095e-35 1.0013056993484499 0.45163711905479437 69.500000000000014 0.55000001192092907 1.4775295853614809 0.98554348945617687 0.12136137858033182 2.5000000000000004 0.56604239344596874 0.064583335071802153 0.70017820596694957 0.057302962988615043 3.0011954307556157 2.5000000000000004 1.0000001192092898 0.2264957278966904 4.5000000000000009 0.067304681986570372 0.049923544749617584 2.5000000000000004 0.0086991954594850558 0.044614547863602645 0.07385465502738954 1.4043832421302798 2.5000000000000004 0.011191944591701032 0.019861149601638321 0.99821749329566967 133.50000000000003
decision_type=2 2 2 2 2 2 2 2 2 2 2 2 2 2 2 2 2 2 2 2 2 2 2 2 2 2 2 2 2 2
left_child=1 3 5 10 8 14 22 17 9 15 11 12 -1 -13 -3 23 -10 19 27 -7 -8 -5 -4 28 25 -14 -25 -9 -2 -29
right_child=4 2 6 21 -6 7 20 18 16 -11 -12 13 24 -15 -16 -17 -18 -19 -20 -21 -22 -23 -24 26 -26 -27 -28 29 -30 -31
leaf_value=-0.04573636000563136 0.02215461772773834 -0.010370926731959357 -0.0010995618090615682 -0.059329241723166837 0.057286061884337582 -0.018884430303548506 0.027350113636206649 -0.053664498132878984 0.0028998830890384023 0.048350806437208398 0.002603285853010214 -0.049742015363052304 -0.025228523303705699 -0.028834636473727096 0.0059842491858924296 0.044634073410843848 0.027217928604495525 -0.0013367693364723853 -0.0039904390057605424 -0.037020051948412021 0.00069193199924457761 -0.040759537660926611 0.011415794835293725 0.04907475861588842 -0.035780952976618118 -0.0055131618955760386 0.0081034632391981023 -0.011701128319637715 0.056563775584904399 -0.021887717984923748
leaf_weight=2471.2154879670125 8549.1183885089122 9557.8124682459165 11048.145244751795 19844.884995333909 28508.72758569388 2423.0534147740691 6057.884737928689 341.3909059590078 2413.1423051441088 6588.7209863015451 944.2869480419904 4698.8368323312607 5422.9954632549779 4806.1121987024089 4827.6165545523399 3154.7128010436427 2193.7262019850314 730.98343658540398 4697.1779502439313 7568.1763500667876 872.53363930387422 1645.6344593138492 4514.7054252394591 1519.793332258705 1954.6371136015514 2973.2762010195293 344.62836408661678 8157.2749913023436 369.30144971888512 7878.639175153512
leaf_count=228028 43826 236057 198805 2402223 61999 95565 60949 23792 36039 17437 27830 445023 230729 287152 92739 9746 18872 25072 124907 384197 11580 147113 69051 4794 145023 123832 2902 252679 1076 274545
internal_value=6.5614e-10 -0.0215706 -0.00722855 -0.0435746 0.0456156 -0.0152029 0.009144 -0.0198721 0.0323776 0.0363946 -0.0303387 -0.031732 -0.0262179 -0.0391703 -0.00488228 0.0307425 0.0144798 -0.030489 -0.0144705 -0.0326218 0.0239939 -0.0579073 0.00253108 0.0266783 -0.021558 -0.0182469 0.0415014 -0.0174763 0.0235795 -0.0167059
internal_weight=167079 113437 68675.4 44761.9 53641.9 46182.1 22493.3 31796.7 25133.1 20526.3 23271.4 22327.1 12822.1 9504.95 14385.4 13937.6 4606.87 10722.2 21074.5 9991.23 6930.42 21490.5 15562.9 10782.8 10350.9 8396.27 1864.42 16377.3 8918.42 16035.9
internal_count=6083582 5886891 1849938 4036953 196691 1509553 340385 1180757 134692 79781 1487617 1459787 727612 732175 328796 62344 54911 504834 675923 479762 72529 2549336 267856 52598 499584 354561 7696 551016 44902 527224
is_linear=0
shrinkage=0.05


Tree=13
num_leaves=31
num_cat=0
split_feature=15 94 76 76 15 8 89 4 76 75 38 96 76 79 16 76 80 1 81 21 0 8 1 1 68 65 88 88 4 76
split_gain=60951.6 13082.3 3382.29 3200.08 3165.8 760.382 725.471 619.247 552.347 531.65 524.166 501.419 405.843 370.908 341.383 299.482 270.7 264.737 258.669 239.721 191.144 187.91 186.959 184.083 183.999 182.16 159.297 156.585 155.926 154.503
threshold=1.0000000180025095e-35 1.0013056993484499 0.57781264185905468 0.0019172019092366102 0.55000001192092907 2.5000000000000004 133.50000000000003 2.5000000000000004 0.99999400973320018 0.72983124852180492 0.56604239344596874 0.70017820596694957 0.27712331712245947 3.0011954307556157 0.043531715869903571 0.3773819655179978 1.0000001192092898 0.48999600112438207 0.2264957278966904 0.07385465502738954 0.0020861111115664248 2.5000000000000004 0.19264507293701175 0.47673159837722784 0.081877905875444426 0.056480996310710914 0.059383088722825057 0.037494981661438949 8.5000000000000018 0.058183385059237487
decision_type=2 2 2 2 2 2 2 2 2 2 2 2 2 2 2 2 2 2 2 2 2 2 2 2 2 2 2 2 2 2
left_child=1 3 6 9 5 10 7 14 27 -1 16 23 24 -13 -3 17 19 25 -7 -2 -10 -6 -9 26 -8 -16 -5 -4 -24 -26
right_child=4 2 8 11 21 18 12 22 20 -11 -12 13 -14 -15 15 -17 -18 -19 -20 -21 -22 -23 28 -25 29 -27 -28 -29 -30 -31
leaf_value=-0.058092316592618515 0.022949805904610678 -0.043198418186712502 -0.0055792115898254512 -0.024731650669589284 0.056466099495539303 0.0018304747017904037 -0.046755813039262788 0.011111504022671607 0.029365904424381778 -0.0082953748543458366 0.047467382046817094 -0.047325924234260866 -0.01157033314913372 -0.028676975497378705 -0.015367011544582729 -0.00060569865005814685 0.04312910129681774 -0.031286997753574658 0.025636183873572173 0.043089340576345968 0.010925396386102793 0.0018788748568488282 -0.0092832895134996717 -0.039524737958739897 -0.03670149296042876 -0.0026663953055497975 -0.011849785940906295 0.0085840827913117989 0.013361207160813163 -0.022064532801848016
leaf_weight=20031.906040539616 8786.0214889390627 911.75903115072288 2621.4948223551619 6767.9444712863769 27424.381621185632 2408.8013302050531 1094.5201154759852 3676.7997816037969 4474.1052850371052 550.73022309842054 6425.5565382665955 4982.8283577908005 6384.0238843908301 5734.8445349499816 13373.105247045169 4625.6143353459775 3105.6107584990095 2156.1015328826616 2168.2256709139328 1776.2870965837501 2048.7306614988483 158.56633368553594 3382.329475253704 1390.5299781716894 2299.8104708879255 3578.7232296633301 3718.4072397079435 7635.2242665729136 980.61111663468182 8344.4882136689266
leaf_count=2508706 44902 50536 46525 379421 61419 36039 64053 83480 42800 28179 17437 491671 172193 366212 443656 99141 9746 76351 18872 7696 26425 580 87389 75198 110467 100128 187566 108983 16393 321418
internal_value=2.95914e-10 -0.0209991 -0.00726488 -0.0424981 0.0445131 0.0314999 -0.0136927 -0.00924384 0.0121985 -0.0567599 0.0356893 -0.0295062 -0.0217165 -0.0373472 -0.0131746 -0.0120212 0.0301523 -0.0147847 0.0131077 0.0263367 0.023574 0.0561523 0.00280578 -0.0224306 -0.0272343 -0.0126858 -0.0201638 0.00496411 -0.00419373 -0.025227
internal_weight=163018 110765 67587.4 43177.2 52253.5 24670.5 50807.9 32685 16779.6 20582.6 20093.5 22594.6 18122.8 10717.7 24645.3 23733.5 13667.9 19107.9 4577.03 10562.3 6522.84 27582.9 8039.74 11876.9 11738.8 16951.8 10486.4 10256.7 4362.94 10644.3
internal_count=6083582 5886891 1849938 4036953 196691 134692 1625205 957074 224733 2536885 79781 1500068 668131 857883 769812 719276 62344 620135 54911 52598 69225 61999 187262 642185 495938 543784 566987 155508 103782 431885
is_linear=0
shrinkage=0.05


Tree=14
num_leaves=31
num_cat=0
split_feature=75 94 76 57 15 8 1 65 38 16 89 4 76 76 76 76 1 4 80 21 81 79 79 80 65 76 22 98 94 4
split_gain=56591.3 12209.4 3142.9 2991.95 2955.33 724.453 673.024 595.97 547.017 418.292 437.813 368.883 356.801 353.239 333.737 313.378 313.348 301.157 259.879 319.863 257.733 229.458 219.395 201.372 200.835 186.432 177.329 168.745 222.809 166.22
threshold=0.99876889586448681 1.0013056993484499 0.65350866317749035 77.500000000000014 0.55000001192092907 2.5000000000000004 0.47413024306297308 0.056480996310710914 0.56604239344596874 0.043531715869903571 56.500000000000007 1.5000000000000002 0.18953978270292285 0.93099987506866466 0.28404836356639868 0.0076816652435809383 0.32449981570243841 2.5000000000000004 1.0000001192092898 0.07385465502738954 0.14642857760190967 0.84306937456130993 0.057302962988615043 1.5953514204136712e-10 0.012604894116520883 0.43646183609962469 109.50000000000001 1.0588814020156863 11.113151550292971 5.5000000000000009
decision_type=2 2 2 2 2 2 2 2 2 2 2 2 2 2 2 2 2 2 2 2 2 2 2 2 2 2 2 2 2 2
left_child=1 3 6 11 5 8 7 9 18 26 17 12 -1 -4 23 -5 21 25 19 -2 -7 22 -13 27 -23 -11 -3 -12 -29 -26
right_child=4 2 13 15 -6 20 -8 -9 -10 10 14 16 -14 -15 -16 -17 -18 -19 -20 -21 -22 24 -24 -25 29 -27 -28 28 -30 -31
leaf_value=-0.050526529555180222 0.022104987155873442 -0.017266554818934913 0.0054901638010986034 -0.057014447193722256 0.055190787182538253 -0.0020266932452953365 -0.027789435176624362 0.0019700759461429912 0.04799692394079081 -0.012627395879537269 -0.0076322910044919149 -0.026132863714004792 -0.02519018410978667 0.021410549410777885 -0.0089206751318402586 -0.040135762570279225 -0.034511987806610488 0.0059938556983839889 0.042526405659179582 0.046990252786600212 0.022191137864388477 -0.048009431585378994 -0.0028294230060242585 0.023877359852455048 -0.026667269590631638 0.0035552041364351737 -0.053871068108884215 -0.038867869826622985 -0.021365883389522722 -0.0040445113636754784
leaf_weight=2949.523816684843 8627.4341973178089 534.26364854787244 6548.6619896320917 18395.885206928302 26618.768146211631 1703.7876841629623 6473.9297452365863 7857.3668559346697 5888.4377318497282 10344.39044073649 1590.6701490454143 1492.6839293688536 2627.3371180379181 7445.5867101509357 7934.376931046485 3233.3376249777502 4435.5403378123883 3951.1329360865639 3025.3905170592479 1518.5632203097921 3092.9030720184091 840.43976330349687 3123.4924122066004 234.93702694773674 3490.7027654902777 2149.6097545247176 869.08166469581192 2305.6566348781926 8605.3585256575025 1058.0652860078262
leaf_count=267285 44298 23696 96888 2444711 61997 39623 221905 197302 16320 323394 42360 119361 130907 82055 201236 285670 283114 81801 9864 5349 31529 70979 114825 2274 241014 42119 56515 138455 338365 68371
internal_value=-1.68318e-09 -0.0203485 -0.00710881 -0.0415986 0.0437372 0.0309574 -0.0126877 -0.0105796 0.0353284 -0.0131396 -0.0121264 -0.0276681 -0.0385902 0.0139605 -0.01697 -0.0544913 -0.0234501 -0.00603813 0.0296648 0.0258296 0.0135889 -0.0185462 -0.0103648 -0.0219845 -0.025554 -0.00984316 -0.0399355 -0.0228463 -0.0250643 -0.0214051
internal_weight=158967 108492 66845 41647 50475.3 23856.5 52850.8 46376.8 19059.8 38519.5 37116.1 20017.8 5576.86 13994.2 20671 21629.2 14440.9 16445.1 13171.4 10146 4796.69 10005.4 4616.18 12736.6 5389.21 12494 1403.35 12501.7 10911 4548.77
internal_count=6083582 5874602 1848365 4026237 208980 146983 1669422 1447517 75831 1250215 1170004 1295856 398192 178943 722690 2730381 897664 447314 59511 49647 71152 614550 234186 521454 380364 365513 80211 519180 476820 309385
is_linear=0
shrinkage=0.05


Tree=15
num_leaves=31
num_cat=0
split_feature=81 79 76 15 60 38 79 96 4 76 76 38 80 4 38 94 4 6 28 0 33 8 55 88 75 65 58 76 55 8
split_gain=52371.8 10695.4 3880.95 2678.84 1447.91 1308.31 789.259 773.565 675.94 674.776 612.428 513.043 476.232 448.261 318.069 260.34 239.499 232.235 225.285 222.06 213.647 202.074 195.905 195.304 194.033 177.536 176.788 172.721 149.646 146.481
threshold=0.10263158008456232 0.057302962988615043 0.51758384704589855 0.55000001192092907 -1.0000000180025095e-35 2.1073584556579594 0.79532036185264599 2.2863661050796513 6.5000000000000009 0.99999400973320018 0.14232817292213443 0.56604239344596874 0.98305261135101329 1.5000000000000002 1.0000000180025095e-35 0.99903011322021495 5.5000000000000009 0.0081195835955441015 0.9993378520011903 0.007111666491255165 0.070955280214548125 2.5000000000000004 0.04763909429311753 0.047574296593666084 0.99978166818618786 0.037899754941463477 0.1952016279101372 0.096234820783138289 0.10432112216949464 2.5000000000000004
decision_type=2 2 2 2 2 2 2 2 2 2 2 2 2 2 2 2 2 2 2 2 2 2 2 2 2 2 2 2 2 2
left_child=1 4 5 11 -1 6 13 16 14 15 22 12 -2 -3 26 -4 25 -6 20 -11 -14 -13 -9 -12 -10 -7 28 -16 -8 -5
right_child=3 2 9 29 17 7 8 10 24 19 23 21 18 -15 27 -17 -18 -19 -20 -21 -22 -23 -24 -25 -26 -27 -28 -29 -30 -31
leaf_value=-0.055023142681099473 0.007039396740329865 -0.026770658815151019 -0.020109251915831881 0.054525683382470047 0.025053691085838506 -0.011215553825935899 -0.028279586886770892 -0.014634067155866508 -0.016257008153804785 0.026691199883766094 -0.01752388415161708 0.045853021116653361 0.023168498352824186 -0.0051105297227751981 -0.054635318306076791 0.0034225823615939011 0.012623567494021723 -0.017883618453919104 0.050791343618922652 0.0065497772502780688 0.039073191098348607 0.027549317446309115 -0.031910929398543376 -0.0069801048325264445 0.019953793135398881 0.0011250997811570191 -0.0028246647295077083 -0.033804659355082964 -0.042249228449354838 0.0028822010757130292
leaf_weight=19587.316972247558 2901.9270371206803 4472.8763188080338 1301.2733147144318 25537.031460729311 522.39035962102935 6092.5702123181545 4727.7276391640771 2168.9288248964003 2123.2579133133404 4608.6855948463781 7877.3674403034383 5746.8985795937479 7946.7793558276026 5126.0915192746324 3302.830842825264 12146.360447742307 2214.0377879597945 792.92798711406067 1136.9420789198484 1946.3987474530586 2875.5120687049348 2044.288254657411 6738.5074480088078 9926.2311473613954 448.00385566696059 5586.9445848428877 484.16906381642912 1424.2470750757493 3224.5894751015585 138.04891912220046
leaf_count=2672815 38349 196598 71093 61419 3844 167370 290982 83691 140507 47715 277684 15829 43921 181712 335985 206646 33297 38589 3980 33066 11449 16760 340972 273075 4364 121991 14395 103984 250920 580
internal_value=5.43743e-10 -0.019536 -0.0117342 0.0431908 -0.051613 -0.0175863 -0.0265028 -0.0120232 -0.0333959 0.00755718 -0.0170005 0.030658 0.0252097 -0.0152036 -0.037976 0.0011455 -0.00245413 -0.000830685 0.0296187 0.0207106 0.0273944 0.0410504 -0.0277041 -0.0116453 -0.00994782 -0.00531235 -0.0321582 -0.0483591 -0.0339441 0.054248
internal_weight=155171 106844 85941.1 48327.4 20902.6 65938.4 25333.8 40604.6 15734.8 20002.7 26711 22652.3 14861.2 9598.97 13163.6 13447.6 13893.6 1315.32 11959.2 6555.08 10822.3 7791.19 8907.44 17803.6 2571.26 11679.5 8436.49 4727.08 7952.32 25675.1
internal_count=6083582 5891295 3176047 192287 2715248 2817527 1519447 1298080 1141137 358520 975422 130288 97699 378310 996266 277739 322658 42433 59350 80781 55370 32589 424663 550759 144871 289361 556297 439969 541902 61999
is_linear=0
shrinkage=0.05


Tree=16
num_leaves=31
num_cat=0
split_feature=15 76 76 15 38 8 96 96 76 76 80 38 21 80 76 76 21 24 65 94 94 0 4 89 71 68 58 4 28 60
split_gain=48535.7 10348.9 3649.85 2935.28 1391.23 623.221 597.596 562.749 691.511 481.789 479.413 466.48 317.859 262.521 258.064 248.293 219.393 209.462 205.199 202.221 200.017 194.45 185.011 203.06 181.796 180.602 154.95 139.697 139.427 138.833
threshold=1.0000000180025095e-35 0.0052249212749302396 0.60254564881324779 0.55000001192092907 2.1073584556579594 2.5000000000000004 0.70017820596694957 2.329937338829041 0.27712331712245947 0.99999400973320018 2.0487224858755339e-14 0.56604239344596874 1.0000000180025095e-35 1.0000001192092898 0.00073791161412373196 0.066847998648881926 0.038949999958276756 0.090561598539352431 0.04438904486596585 0.57157340645790111 0.99834463000297557 0.0020861111115664248 1.5000000000000002 42.500000000000007 0.96527191996574413 0.081877905875444426 0.1952016279101372 1.5000000000000002 0.40576072037220007 0.11805277690291406
decision_type=2 2 2 2 2 2 2 2 2 2 2 2 2 2 2 2 2 2 2 2 2 2 2 2 2 2 2 2 2 2
left_child=1 10 4 5 6 11 22 18 15 20 14 13 -8 16 -1 27 -2 26 -6 28 -4 -11 -3 -24 -10 -17 -14 -9 -7 -13
right_child=3 2 9 -5 7 19 12 8 24 21 -12 29 17 -15 -16 25 -18 -19 -20 -21 -22 -23 23 -25 -26 -27 -28 -29 -30 -31
leaf_value=-0.055741548457638845 0.019214466141143527 -0.026348374301521395 -0.020444637874774955 0.053445328363608338 -0.0077202212216820791 -0.0052356460033124571 -0.050444254624415479 -0.041656252134023582 -0.01668316198967934 0.026244260382450171 -0.0092603352618798995 0.046092049691428147 -0.032860308378243434 0.040592112896105856 -0.036417625199434582 -0.037449224663210455 0.035926323865286734 0.010592607142872936 0.0048142742077040418 0.022621184003394218 0.0047150292951460369 0.0078254553540302654 -0.0092814407117838803 -0.027946326298876431 -0.0021590751538411823 -0.017160194643018056 -0.004945303536704318 -0.019186951180333416 0.026264489509568584 0.014334620327407416
leaf_weight=16797.370187769353 7541.8970118754078 4731.6140513030696 865.24849190504756 24726.318363939063 9170.6431915063877 1766.2965132305399 2368.4634975336667 2165.0524146895623 2899.9348039933247 4283.7063804779318 625.64707367063966 5654.2680330413859 9306.4597959187813 2910.1464106154162 1925.8161642504274 1203.5172636615462 2655.294064211892 306.67366498662159 5070.4375568189425 2133.8797744775657 9076.5030289231217 2153.1801038275007 5961.800674513448 1928.5656780326972 8381.6620242886711 12373.201937958947 525.16632737615146 1016.5419852684718 438.49560683919117 366.44900838052854
leaf_count=2465943 39993 218666 52534 61999 237117 33062 263975 124230 88783 44949 33055 16361 681775 9746 154634 72913 12605 10991 102267 17797 143809 36966 269624 145157 197119 478824 17318 46242 4052 1076
internal_value=3.95935e-10 -0.0193563 -0.0117452 0.0414241 -0.0168892 0.0287576 -0.0262066 -0.0113516 -0.0154625 0.00942561 -0.0523152 0.0326383 -0.0339526 0.0273463 -0.0537539 -0.0219049 0.0235661 -0.0300999 -0.0032574 0.0116487 0.00252534 0.0200831 -0.0185312 -0.0138435 -0.00589249 -0.0189587 -0.0313692 -0.0344772 0.00102919 0.0441591
internal_weight=151330 103137 83788.4 48193 67409.7 23466.7 25128.7 42281 28039.9 16378.6 19348.8 19128.1 12506.8 13107.3 18723.2 16758.3 10197.2 10138.3 14241.1 4338.67 9941.75 6436.89 12622 7890.37 11281.6 13576.7 9831.63 3181.59 2204.79 6020.72
internal_count=6083582 5886891 3233259 196691 2955001 134692 1607506 1347495 1008111 278258 2653632 79781 974059 62344 2620577 722209 52598 710084 339384 54911 196343 81915 633447 414781 285902 551737 699093 170472 37114 17437
is_linear=0
shrinkage=0.05


Tree=17
num_leaves=31
num_cat=0
split_feature=15 79 76 15 38 60 96 8 76 79 76 38 38 4 75 4 94 65 4 55 65 21 96 0 4 9 22 57 76 4
split_gain=44885.4 9630.51 3385.89 2873.96 1153.79 655.809 598.011 594.482 586.026 535.677 510.847 482.41 380.221 318.407 250.939 238.09 215.092 210.448 205.462 196.624 190.264 188.571 174.762 169.705 157.565 155.726 154.503 143.134 131.342 130.6
threshold=1.0000000180025095e-35 0.057302962988615043 0.51758384704589855 0.55000001192092907 1.7011877298355105 -1.0000000180025095e-35 1.4775295853614809 2.5000000000000004 0.99999400973320018 0.79532036185264599 0.11956373229622842 0.56604239344596874 1.0000000180025095e-35 1.5000000000000002 1.5885339975357058 1.5000000000000002 0.99389189481735241 0.032867807894945152 3.5000000000000004 0.049923544749617584 0.011956957168877127 0.04156534560024739 0.64760625362396251 0.0020861111115664248 6.5000000000000009 1.5000000000000002 7642.5000000000009 35.500000000000007 0.059448737651109702 4.5000000000000009
decision_type=2 2 2 2 2 2 2 2 2 2 2 2 2 2 2 2 2 2 2 2 2 2 2 2 2 2 2 2 2 2
left_child=1 5 4 7 9 27 15 11 16 13 19 14 20 -3 21 -6 -4 26 -9 -8 -11 -2 -17 -10 -22 -20 -12 -1 -14 -21
right_child=3 2 8 -5 6 -7 10 18 23 12 17 -13 28 -15 -16 22 -18 -19 25 29 24 -23 -24 -25 -26 -27 -28 -29 -30 -31
leaf_value=-0.039073092201961257 0.01854859867699557 -0.027544245884508402 -0.022705923614112555 0.052585040814122776 -0.0098500883320334076 -0.0084323604088204392 -0.013696314950431603 0.027436027909852112 0.025111487806067864 -0.046650626764073659 -0.014962090407791551 0.043556859695969286 -0.053932759499827343 -0.0072930428889225775 0.039051925601348146 0.011065177367791008 0.0024898942512729602 -0.0077059821934161669 -0.0047897290271092735 -0.033206642843049174 -0.02814861976175503 0.034458368431555829 -0.0064049592323446817 0.0077462288256861037 -0.010850079305826994 0.019152654231033666 -0.033069344138789696 -0.054838144033301575 -0.034618574930760454 -0.0046681832992668528
leaf_weight=1581.0562628298067 7523.9141577748815 3458.7102666291175 910.22180018585641 23805.497476957098 6091.0921552310465 848.58560133748688 2175.427359524474 1319.353184706415 4193.200016110728 1141.3360494854278 7314.6805572473677 5864.5421336034779 2223.9045488163829 4423.2476850270759 2963.946955193067 3634.8973130639642 12204.530618579913 12196.97688760946 1911.3839397178963 5691.0163117193733 7097.1666735513136 2475.1584143277723 2361.5498984493897 2117.3608750161948 1616.1380190033233 1053.4637684249319 1404.2352581626619 16111.782453706372 1456.8257938580355 431.26545923552476
leaf_count=165876 40327 168376 58605 61999 154839 41028 87010 11630 44916 92784 272410 17437 260539 171325 10147 62530 219510 358114 33635 321284 480271 11870 60717 36021 109649 9646 61055 2506939 137090 16003
internal_value=8.68026e-10 -0.0188217 -0.011475 0.0403917 -0.0171244 -0.05137 -0.0122408 0.0278324 0.00676538 -0.0265419 -0.0161109 0.0316577 -0.0325761 -0.0161795 0.0262744 -0.00288749 0.000741193 -0.0119464 0.0110218 -0.0266083 -0.0274545 0.0224869 0.004185 0.019285 -0.0249401 0.00371743 -0.0178784 -0.0534294 -0.0462882 -0.0311963
internal_weight=147602 100685 82143.8 46917.3 62718.5 18541.4 41301.1 23111.8 19425.3 21417.3 29213.6 18827.6 13535.4 7881.96 12963 12087.5 13114.8 20915.9 4284.2 8297.71 9854.64 9999.07 5996.45 6310.56 8713.3 2964.85 8718.92 17692.8 3680.73 6122.28
internal_count=6083582 5886891 3173048 196691 2813996 2713843 1393962 134692 359052 1420034 1115876 79781 1080333 339701 62344 278086 278115 691579 54911 424297 682704 52197 123247 80937 589920 43281 333465 2672815 397629 337287
is_linear=0
shrinkage=0.05


Tree=18
num_leaves=31
num_cat=0
split_feature=75 79 76 15 38 60 79 8 96 76 38 76 38 4 28 1 33 38 4 88 16 8 1 52 0 96 88 81 76 24
split_gain=41477.8 8894.16 3078.71 2752.83 1125.03 729.435 620.478 597.717 566.136 554.362 524.692 472.311 310.389 306.28 235.655 222.489 219.316 205.542 202.571 191.965 168.677 165.263 159.808 152.656 149.939 149.167 147.791 147.46 145.14 144.334
threshold=0.99876889586448681 0.057302962988615043 0.51758384704589855 0.55000001192092907 1.9974308013916018 0.1079416684806347 0.79532036185264599 2.5000000000000004 2.329937338829041 0.99999400973320018 0.56604239344596874 0.11956373229622842 1.0000000180025095e-35 1.5000000000000002 0.99942120909690868 0.19264507293701175 0.058396244421601302 0.99528980255126964 2.5000000000000004 0.067304681986570372 0.062527246773242964 2.5000000000000004 0.17752101272344592 0.036563621833920486 0.0020861111115664248 0.50152441859245311 0.02050668187439442 0.14642857760190967 0.059448737651109702 0.030935084447264675
decision_type=2 2 2 2 2 2 2 2 2 2 2 2 2 2 2 2 2 2 2 2 2 2 2 2 2 2 2 2 2 2
left_child=1 5 4 7 6 -1 13 10 18 17 14 26 20 -3 16 -9 22 -4 -6 29 -8 -5 -2 -22 -11 -20 -10 -17 -14 -13
right_child=3 2 9 21 8 -7 12 15 11 24 -12 19 28 -15 -16 27 -18 -19 25 -21 23 -23 -24 -25 -26 -27 -28 -29 -30 -31
leaf_value=-0.052697890081774806 0.01435251380110881 -0.025279776827840661 -0.020314770079876532 0.05211024161082041 -0.0076108192926631337 -0.0052380790572167258 -0.049738727999412605 -0.0068694795314919958 -0.051159875411238988 0.024140653084777263 0.044347011146509852 -0.015194652607906582 -0.051531419912085707 -0.0065116626199204931 0.049146233851452475 0.0035943149079967758 0.034185241576129177 0.0023234585913101489 0.016104171819257027 -0.0023934473129969113 -0.010750096771804267 -0.0027069235708103018 0.02943047572937493 -0.028211511858142375 0.0077541936586811569 -0.0023159354702831634 -0.024989701546253133 0.025712177890918692 -0.032691104066025232 0.025986012208760529
leaf_weight=16749.547502574802 5518.7958252960816 4010.6989683958818 1094.9479985476937 22760.960133585148 9427.7400079236249 850.72818768501747 763.1630805140594 1264.3248992516892 591.10123970219865 4104.4962961723213 5359.6914343276294 14220.023535938817 2397.7843229283753 4746.2461487083929 984.0787361045368 1171.9780015781289 3465.099984775763 11896.446591353801 1863.8915190667612 4164.8045593047282 1508.2174127132166 138.32890410767868 2578.3508283393458 7358.9557684885804 2115.5082691635471 2678.5035652042716 6177.4874591020634 2110.823252035887 1781.9148560010362 216.00844441424124
leaf_count=2671697 28395 190536 64572 61417 248637 34052 64496 25594 44092 44916 16320 506620 282177 177761 3258 26440 14940 212707 25833 111301 82794 580 12918 533580 36006 70617 312126 19118 158005 2077
internal_value=5.70911e-10 -0.0181841 -0.0111933 0.0395812 -0.0166197 -0.0504039 -0.0255191 0.0271408 -0.0115145 0.00629244 0.0312518 -0.0159656 -0.0321211 -0.0151075 0.0256577 0.0109522 0.0236585 0.000415451 -0.00343158 -0.0118502 -0.0271828 0.0517791 0.0191537 -0.0252415 0.0185674 0.00524243 -0.0272751 0.017816 -0.0434993 -0.0145785
internal_weight=144071 98718.2 81117.9 45352.4 61906.5 17600.3 22567 22453.1 39339.6 19211.4 17906 25369.4 13810 8756.95 12546.3 4547.13 11562.2 12991.4 13970.1 18600.8 9630.34 22899.3 8097.15 8867.17 6220 4542.4 6768.59 3282.8 4179.7 14436
internal_count=6083582 5874602 3168853 208980 2810652 2705749 1489349 146983 1321303 358201 75831 976216 1121052 368297 59511 71152 56253 277279 345087 619998 680870 61997 41313 616374 80922 96450 356218 45558 440182 508697
is_linear=0
shrinkage=0.05


Tree=19
num_leaves=31
num_cat=0
split_feature=81 76 76 15 75 38 75 89 38 65 96 4 76 38 28 4 0 88 76 38 80 33 76 58 8 76 79 99 99 1
split_gain=38662.3 7785.42 2679.73 2238.78 1396.24 1126.15 689.411 530.272 444.126 439.716 346.154 337.353 335.89 273.856 264.725 263.659 222.235 207.718 206.026 191.477 176.141 222.419 172.346 155.613 152.748 151.22 132.118 123.116 122.095 115.366
threshold=0.13809524476528171 0.0026654039975255732 0.7261514961719514 0.55000001192092907 0.99907484650611889 1.7011877298355105 0.99965471029281627 42.500000000000007 0.56604239344596874 0.014087707735598089 0.6218543052673341 3.5000000000000004 0.33735580742359167 1.0000000180025095e-35 0.99929517507553112 4.5000000000000009 0.02374847233295441 0.084341652691364302 0.45163711905479437 54.085279464721687 0.97658365964889537 0.070955280214548125 0.99999400973320018 0.1952016279101372 2.5000000000000004 0.10054302588105203 0.099854715168476119 0.014521330595016481 0.019250681623816494 0.17519181966781619
decision_type=2 2 2 2 2 2 2 2 2 2 2 2 2 2 2 2 2 2 2 2 2 2 2 2 2 2 2 2 2 2
left_child=1 4 5 8 -1 6 10 11 14 -9 26 18 15 23 20 17 22 -11 27 -14 -2 29 -4 28 -10 -15 -3 -7 -12 -22
right_child=3 2 16 -5 -6 7 -8 9 24 12 13 -13 19 25 -16 -17 -18 -19 -20 -21 21 -23 -24 -25 -26 -27 -28 -29 -30 -31
leaf_value=-0.052241479661406125 0.0072209802513128092 -0.026078213393951291 0.0075899203246749666 0.051172524344591165 0.0099657261528999022 -0.015433749698907673 0.0126472910616493 -0.039780336411027982 0.042857270311551121 -0.021305744809543403 -0.034048200145160371 0.011243235224425361 -0.012989189321884927 -0.052426189462804522 0.047655281308171218 -0.00034450013574646504 -0.0001833165130276889 -0.0028317744896283262 0.0051052843878056347 0.0019607273828759577 0.014746070709468186 0.036148586685985938 0.021705310188540591 -0.0020476642795343634 0.025573292812662365 -0.028273077700750843 -0.014841799323021668 -0.0054253465339840863 -0.021310977796638202 0.027632283798112139
leaf_weight=15419.790639204264 2011.0048473638017 4259.0027297443012 3998.7037067824276 21980.21151992766 958.072780402028 5084.1811373219243 1252.0528279613936 1618.1939364849823 5060.062791791046 13506.857343250362 4609.3738790760981 3171.1258432367467 3938.4664926402038 2014.7934882999107 988.03096971637569 2104.8548585165991 3200.9766375629697 1714.7430377760902 3031.8125577347819 4695.016383356764 5072.4369410488289 2567.4223633756628 4709.2543228215072 582.06222152744886 1710.3579272939824 955.3105434338795 6781.6338432280463 7766.7419723341591 3179.0537953427993 2641.2665457682451
leaf_count=2566556 27273 281161 64138 61999 14596 186825 16760 96124 15086 574179 369029 55832 104614 273514 3817 60474 67610 54239 58520 97808 26938 10598 55632 20027 13780 83999 350342 224304 231715 16093
internal_value=-3.09283e-11 -0.0171237 -0.0108498 0.0401511 -0.0486025 -0.014567 -0.0234586 -0.0100607 0.0280689 -0.0144926 -0.0254784 -0.00364615 -0.0129163 -0.0316138 0.0227556 -0.016931 0.0110823 -0.0192246 -0.00661895 -0.0048592 0.0207542 0.0234013 0.0152235 -0.0269855 0.038491 -0.0446575 -0.0191763 -0.00938495 -0.0288492 0.0191585
internal_weight=140583 98552.1 82174.2 42030.8 16377.9 70265.3 23633.3 46632 20050.6 27578.1 22381.2 19053.9 25959.9 11340.6 13280.2 17326.5 11908.9 15221.6 15882.7 8633.48 12292.1 10281.1 8707.96 8370.49 6770.42 2970.1 11040.6 12850.9 7788.43 7713.7
internal_count=6083582 5907998 3326846 175584 2581152 3139466 1626547 1512919 113585 987438 1609787 525481 891314 978284 84719 688892 187380 628418 469649 202422 80902 53629 119770 620771 28866 357513 631503 411129 600744 43031
is_linear=0
shrinkage=0.05


Tree=20
num_leaves=31
num_cat=0
split_feature=15 76 15 76 38 15 89 4 76 75 38 4 89 76 16 8 76 76 96 38 1 94 1 96 0 96 1 81 25 88
split_gain=35827.8 7775.94 2658.07 2601.49 1035.85 508.112 476.48 440.941 388.735 374.96 323.476 288.038 274.466 223.53 210.944 208.452 187.509 177.189 173.246 200.159 169.504 165.44 146.027 145.225 142.053 138.641 133.798 125.915 123.372 109.602
threshold=1.0000000180025095e-35 0.0026654039975255732 0.55000001192092907 0.57781264185905468 1.280537545681 0.29166667163372045 133.50000000000003 2.5000000000000004 0.99999400973320018 0.72983124852180492 0.57142606377601635 2.5000000000000004 108.50000000000001 0.27712331712245947 0.043531715869903571 2.5000000000000004 0.037409866228699691 0.33735580742359167 1.7576124072074892 10.380022048950197 0.10102041065692903 0.99903011322021495 0.17752101272344592 0.36861385405063635 0.003870694432407618 0.50152441859245311 0.18834459781646731 0.064583335071802153 0.016776959411799911 0.037494981661438949
decision_type=2 2 2 2 2 2 2 2 2 2 2 2 2 2 2 2 2 2 2 2 2 2 2 2 2 2 2 2 2 2
left_child=1 9 5 4 11 15 7 14 21 -1 20 16 26 28 -6 -2 23 18 -16 -20 -7 -5 -17 -3 -10 -9 -13 -28 -8 -23
right_child=2 3 -4 8 6 10 13 25 24 -11 -12 12 -14 -15 17 22 -18 -19 19 -21 -22 29 -24 -25 -26 -27 27 -29 -30 -31
leaf_value=-0.052041998502493185 0.021532093512081525 -0.017560834655805588 0.050430847893862832 -0.018710828672155004 -0.037778493081228388 0.021045084379436352 -0.036117670531360425 0.014457734242329854 0.022228481833538854 -0.00936485393829487 0.042313710365629122 -0.0055958929505518402 -0.031273552146254449 -0.010551550702241889 -0.0065632476290160002 -0.010005143764303075 -0.027367306691882538 -0.0021040252074516728 -0.02898999024688776 -0.012446329797739297 0.03521716754453099 -0.0063822046184186625 0.013464054144095114 -0.049858335134128851 0.0058645330376668817 -0.0010836986590354754 -0.022355259704859666 0.010257179838132754 -0.020684381822443299 0.0059824667498772736
leaf_weight=14311.712077694072 5315.7978724900167 429.73550379625522 21113.733155227266 982.53563854144886 710.66051496181171 5976.5069670262747 1554.2585643036291 2070.9688742660219 3998.4368096179678 533.87491334753577 4568.2513560019433 3021.9026886718348 3161.2421418398153 5505.6426652665832 6418.5464138333336 1054.0435816615354 7808.53948155939 5201.7443676558905 2606.0382602722384 6126.510394505458 3261.1193124521524 2401.6302656086627 1785.5673132907832 1831.0498785699892 1984.4068689655978 4672.8855548111023 3548.2917194975307 322.90570920403115 7760.2790260077454 7062.9838988652918
leaf_count=2543316 31924 22454 61999 63113 46973 29881 95056 30399 45713 29323 14963 210522 293549 163347 167497 20925 514210 126407 162916 218043 14373 48296 22626 216722 36202 135647 247510 7759 350842 111075
internal_value=-5.4858e-10 -0.0173 0.0377635 -0.011074 -0.0157114 0.025585 -0.0112976 -0.00743842 0.00663781 -0.0505072 0.0314303 -0.0250612 -0.0190748 -0.0185386 -0.011001 0.0156896 -0.0310387 -0.0100661 -0.0127996 -0.0173834 0.0260482 0.000817669 0.00475245 -0.0437191 0.0168008 0.00368892 -0.0134803 -0.019635 -0.0232596 0.00284495
internal_weight=137102 94026.8 43075 79181.2 62751.2 21961.3 42627.5 27807.4 16430 14845.6 13805.9 20123.7 10054.3 14820.2 21063.5 8155.41 10069.3 20352.8 15151.1 8732.55 9237.63 10447.1 2839.61 2260.79 5982.84 6743.85 6893.1 3871.2 9314.54 9464.61
internal_count=6083582 5886891 196691 3314252 3009853 134692 1497127 887882 304399 2572639 59217 1512726 759340 609245 721836 75475 753386 674863 548456 380959 44254 222484 43551 239176 81915 166046 465791 255269 445898 159371
is_linear=0
shrinkage=0.05


Tree=21
num_leaves=31
num_cat=0
split_feature=81 76 76 15 75 38 80 96 76 96 38 76 4 28 94 21 8 0 16 2 8 8 76 65 4 89 60 69 88 65
split_gain=32997.7 6734.76 2290.07 2172.28 1249.77 693.763 597.153 579.717 543.004 447.86 388.009 386.765 275.42 249.653 241.097 240.589 167.807 168.919 166.62 165.771 162.123 146.702 144.943 141.254 136.526 171.494 129.199 121.852 120.153 112.325
threshold=0.13809524476528171 0.0019172019092366102 0.45163711905479437 0.55000001192092907 0.99804311990737926 1.9974308013916018 0.97393029928207409 3.0123931169509892 0.84793198108673107 0.49152387678623205 0.56604239344596874 0.066847998648881926 5.5000000000000009 0.99929517507553112 0.99903011322021495 1.0000000180025095e-35 2.5000000000000004 0.085942640900611891 0.17549373209476474 3.5000000000000004 2.5000000000000004 2.5000000000000004 0.19902364164590838 0.033862316980957992 1.5000000000000002 17.500000000000004 0.11805277690291406 0.011138121597468855 0.02050668187439442 0.05012170039117337
decision_type=2 2 2 2 2 2 2 2 2 2 2 2 2 2 2 2 2 2 2 2 2 2 2 2 2 2 2 2 2 2
left_child=1 4 5 10 -1 6 9 12 14 24 13 -9 23 16 -4 -11 17 -2 22 28 26 -5 -13 -7 -3 -26 -12 -17 -10 -16
right_child=3 2 8 21 -6 7 -8 11 19 15 20 18 -14 -15 29 27 -18 -19 -20 -21 -22 -23 -24 -25 25 -27 -28 -29 -30 -31
leaf_value=-0.051527090295683455 0.01661541552095076 -0.02488917239815451 -0.022206630658101027 0.050020819834993284 0.0065503857501602002 -0.012819377889337452 0.012667965392766559 -0.034578630230738261 -0.0052113405692419922 -0.047703357038211783 0.043009752377010574 -0.022959735364913688 0.012064267425178738 0.046050982621230328 -0.0031563050567232536 -0.019763530371694434 0.0062246982861183815 0.029905746484379277 -0.0059995981943108045 -0.0043688794598619124 0.022877670520597592 -0.0029609221068789067 -0.012380333820947092 -0.0020634683720668723 -0.0061823133331450099 -0.022567074850291111 0.010096121751643969 -0.031983449441187979 0.017796617657084856 0.0087685298622593843
leaf_weight=13457.241079100699 5917.0325384810567 3440.284310621937 1454.3821665594587 20132.013494853047 994.78087686887011 5347.5101073187543 1144.2343378174119 2640.7970092999167 618.98986814473756 1864.5175981324282 4535.0458547006128 5710.3627823280403 2325.5826939617982 941.09094362030737 9341.4259345380124 3016.553343177191 2035.0114198431838 4011.817121521337 4702.6511682126438 1169.8050172210205 1693.303293751087 131.5075554093346 7476.3346633414621 7112.1087214157451 4056.7153894126532 2633.9052456323989 319.14119710400701 6301.7731762512703 6813.1206581252045 2504.1007187620271
leaf_count=2534145 28790 180989 99653 61419 18878 179309 13630 163970 14172 264143 14091 285275 39151 3817 201243 214542 32935 19177 152905 26141 13780 580 255954 185694 189522 200705 995 550067 92993 44917
internal_value=1.53e-11 -0.0161265 -0.0104304 0.0382199 -0.0475294 -0.0156496 -0.0225205 -0.0112803 0.00333716 -0.0244096 0.026285 -0.0167167 -0.0037315 0.0212551 -0.00299431 -0.0313081 0.0193046 0.0219855 -0.01408 0.0131266 0.0361989 0.049677 -0.0169616 -0.00667977 -0.0167947 -0.0126325 0.0408458 -0.0280276 0.0158804 -0.000635439
internal_weight=133843 94127.2 79675.2 39716 14452 57773.3 22458 35315.3 21901.8 21313.7 19452.4 20530.1 14785.2 12905 13299.9 11182.8 11963.9 9928.85 17889.3 8601.92 6547.49 20263.5 13186.7 12459.6 10130.9 6690.62 4854.19 9318.33 7432.11 11845.5
internal_count=6083582 5907998 3354975 175584 2553023 2875856 1613598 1262258 479119 1599968 113585 858104 404154 84719 345813 1028752 80902 47967 694134 133306 28866 61999 541229 365003 571216 390227 15086 764609 107165 246160
is_linear=0
shrinkage=0.05


Tree=22
num_leaves=31
num_cat=0
split_feature=81 79 76 15 60 38 4 79 89 4 38 76 16 80 76 6 28 89 76 98 0 6 33 38 38 1 8 65 57 38
split_gain=30630.1 6127.6 2104.97 1967.36 1598.91 806.679 660.914 519.981 448.941 362.334 351.139 278.096 269.83 234.82 233.345 216.706 215.747 210.91 193.487 176.349 169.594 156.169 227.18 153.169 152.367 143.128 141.647 138.529 138.162 132.727
threshold=0.14642857760190967 0.057302962988615043 0.7261514961719514 0.55000001192092907 -1.0000000180025095e-35 2.5674719810485844 4.5000000000000009 0.79532036185264599 124.50000000000001 4.5000000000000009 0.57142606377601635 0.079089190810918822 0.043531715869903571 0.97393029928207409 0.32711657881736761 0.0067359721288084992 0.99950486421585094 72.500000000000014 0.39565728604793554 2.3275107145309453 0.007111666491255165 0.03228555619716645 0.037708749994635589 1.0000000180025095e-35 58.801012039184577 0.17519181966781619 2.5000000000000004 0.017278162762522701 35.500000000000007 27.046804428100589
decision_type=2 2 2 2 2 2 2 2 2 2 2 2 2 2 2 2 2 2 2 2 2 2 2 2 2 2 2 2 2 2
left_child=1 4 5 10 28 6 7 -3 9 12 16 23 -7 17 27 -6 21 -8 19 -14 -4 22 25 -9 -16 -2 -12 -10 -1 -21
right_child=3 2 20 -5 15 8 13 11 14 -11 26 -13 18 -15 24 -17 -18 -19 -20 29 -22 -23 -24 -25 -26 -27 -28 -29 -30 -31
leaf_value=-0.034883476128316195 0.01208269077208441 -0.0156260045299383 0.014829934922771624 0.049076946261831109 0.019920844976321787 -0.039914792965855705 -0.0033091244273314863 -0.033012669304418485 -0.038652012542300801 0.010678843299415883 0.040351834780950037 -0.024507269410503126 -0.0030908465839641509 0.014358685733399705 -0.018303474536077221 -0.014864532234910303 0.04555552029908904 -0.02453807210379225 0.0020324948321120274 -0.019704380343491149 0.0020194228119097654 0.006941754828914755 0.033490425668467085 -0.050575763970392297 -0.0015365684557071069 0.028907172036871143 0.02283493529151227 -0.018123105009470841 -0.051781280206037672 -0.0073931395964650995
leaf_weight=1342.0162700184155 4506.5386077990988 8049.465904437413 7257.5794658276718 19405.340295990638 760.18230365053751 606.83316423685756 3302.2101426026202 2716.4573168210918 900.58991092332872 3321.7532395317685 4613.238547996385 5176.1254728752247 7214.1067533520982 1129.5663216643734 2096.2465589374769 1089.3171639757929 853.51353441900574 1811.9736057590926 5447.5281176150311 4449.9400851572864 4011.596347427927 2034.9127153389854 3023.8146415954689 2286.1319122529821 3831.6158610112034 1756.9283977292944 1539.1014655304607 9388.8512757160934 12266.852387588675 4309.3005050668726
leaf_count=165876 24307 358982 102633 61999 5627 40396 182473 226627 63965 60244 14591 379301 178378 10899 64852 48206 3459 156106 113164 213803 81348 27687 12697 316232 89466 9477 12154 410269 2506939 141425
internal_value=1.13088e-10 -0.0154492 -0.00970292 0.0379814 -0.0441868 -0.0131111 -0.0203133 -0.0251223 -0.00887099 -0.00471479 0.0262338 -0.0326321 -0.00703613 -0.00627358 -0.0153676 -0.000567027 0.0213142 -0.0108306 -0.00610471 -0.00887981 0.0102697 0.0194868 0.0222355 -0.0410388 -0.00746578 0.016802 0.0359697 -0.0199199 -0.0501149 -0.0136476
internal_weight=130500 92766.2 77307.9 37733.4 15458.4 66038.7 24471.9 18228.2 41566.8 25349.5 18328 10178.7 22027.7 6243.75 16217.3 1849.5 12175.7 5114.18 21420.9 15973.3 11269.2 11322.2 9287.28 5002.59 5927.86 6263.47 6152.34 10289.4 13608.9 8759.24
internal_count=6083582 5917211 3190563 166371 2726648 3006582 1630620 1281142 1375962 747410 104372 922160 687166 349478 628552 53833 77627 338579 646770 533606 183981 74168 46481 542859 154318 33784 26745 474234 2672815 355228
is_linear=0
shrinkage=0.05


Tree=23
num_leaves=31
num_cat=0
split_feature=81 79 15 76 60 4 38 76 79 8 79 38 94 65 80 4 38 65 1 17 4 94 21 6 38 57 89 89 28 88
split_gain=28378.4 6003.88 2262.94 1987.87 968.061 674.861 712.607 461.469 378.485 375.568 358.434 344.027 298.243 247.632 216.092 206.43 206.364 197.339 192.037 180.507 172.936 171.227 162.482 160.91 140.557 137.541 133.382 124.808 116.99 116.924
threshold=0.10263158008456232 0.057302962988615043 0.55000001192092907 0.45163711905479437 -1.0000000180025095e-35 6.5000000000000009 1.567687511444092 0.84793198108673107 0.84306937456130993 2.5000000000000004 1.5701317787170412 0.56604239344596874 10.599959850311281 0.048131559044122703 1.0000001192092898 1.5000000000000002 1.0000000180025095e-35 0.0053057952318340549 0.23606811463832858 40.500000000000007 1.5000000000000002 0.99903011322021495 0.038949999958276756 0.014738055877387525 0.99913999438285839 35.500000000000007 29.500000000000004 120.50000000000001 0.99821749329566967 0.02050668187439442
decision_type=2 2 2 2 2 2 2 2 2 2 2 2 2 2 2 2 2 2 2 2 2 2 2 2 2 2 2 2 2 2
left_child=1 4 9 5 25 6 8 21 20 11 15 14 26 17 22 -8 -10 -14 -11 -19 -3 -5 28 -6 -9 -1 -12 -7 -2 -26
right_child=2 3 -4 7 23 27 10 24 16 18 12 -13 13 -15 -16 -17 -18 19 -20 -21 -22 -23 -24 -25 29 -27 -28 -29 -30 -31
leaf_value=-0.034030218294343544 0.013515612708362332 -0.025724052845467943 0.048385071908262245 -0.020231758118910342 0.018938849673924701 0.005794229852761657 -0.0090016768055353972 -0.013053584181534348 -0.027886365203131338 -0.0012129282848970515 -0.016772814133477539 0.038954005745271747 -0.044835711729639231 -0.0023029279196102362 0.036199659047424199 0.0083090218160420098 -0.04500053334889742 -0.010759367582844405 0.02011380144977952 -0.02290484318258491 -0.0081154775489853028 -0.00087007454057825846 0.030421249929545698 -0.018456677734396246 -0.0081997880118366874 -0.051217121718412008 -0.031529345202417146 -0.010768624362330802 0.049952798963377953 0.015768333149509723
leaf_weight=1294.1080606651958 5940.380045213853 2500.2270285995037 18597.38499051769 1269.3137896111584 515.79175231605768 4150.848065018421 5688.4833785467199 509.09015391091816 6713.4934486803832 1828.7910270155407 2659.1461106283532 4759.2883208033163 563.76017257967032 4404.258253400214 2362.5824847060721 2469.99883032043 2387.9421736278164 9513.6941198267741 2496.4616463388084 4509.1162928773556 3152.5168246469111 11375.043176389707 2306.7442115873564 650.39485162042547 547.63196936098393 11584.351279502327 3610.5344302650192 1566.7013874716358 228.77548626204953 7181.6834602603922
leaf_count=165876 32131 142773 61999 86975 4639 144526 161971 26435 540852 32990 136289 15829 45091 131724 8671 50195 355506 351937 27641 201392 130647 245373 12242 37794 10816 2506939 231332 88624 784 93589
internal_value=2.38697e-10 -0.0155446 0.0358418 -0.00991056 -0.0455399 -0.0149855 -0.0169131 0.00318587 -0.0260654 0.024133 -0.0128724 0.0277481 -0.0158152 -0.0126936 0.0228274 -0.00376082 -0.0323766 -0.0158309 0.0110965 -0.0146648 -0.0159038 -0.00281371 0.0191 -0.00191704 0.0123941 -0.0494901 -0.0252707 0.00125574 0.0148668 0.0140702
internal_weight=127339 88818.1 38520.4 74773.5 14044.6 53890.7 48173.2 20882.8 14754.2 19923 33419 15597.8 25260.5 18990.8 10838.5 8158.48 9101.44 14586.6 4325.25 14022.8 5652.74 12644.4 8475.9 1166.19 8238.41 12878.5 6269.68 5717.55 6169.16 7729.32
internal_count=6083582 5891295 192287 3176047 2715248 2712859 2479709 463188 1169778 130288 1309931 69657 1097765 730144 53828 212166 896358 598420 60631 553329 273420 332348 45157 42433 130840 2672815 367621 233150 32915 104405
is_linear=0
shrinkage=0.05


Tree=24
num_leaves=31
num_cat=0
split_feature=15 76 15 76 38 8 65 38 75 89 21 99 4 89 80 4 76 21 76 98 76 4 4 8 94 84 65 60 1 80
split_gain=26192.3 5935.97 2388.69 1954.73 802.083 457.641 382.356 363.61 323.757 305.024 273.626 232.921 220.761 210.098 207.716 174.262 166.378 160.663 158.948 166.171 154.936 143.397 137.816 128.216 124.224 219.155 136.915 119.268 117.863 112.415
threshold=1.0000000180025095e-35 0.0019172019092366102 0.55000001192092907 0.57781264185905468 1.280537545681 2.5000000000000004 0.052992964163422591 0.56604239344596874 0.72983124852180492 56.500000000000007 0.0035106943687424068 0.0021857949905097489 2.5000000000000004 108.50000000000001 1.0000001192092898 3.5000000000000004 0.99999400973320018 0.038949999958276756 0.18272026628255847 0.39830960333347326 0.34254431724548345 4.5000000000000009 3.5000000000000004 2.5000000000000004 37.386798858642585 326.50000000000006 0.011956957168877127 0.11805277690291406 0.18834459781646731 0.34486812353134161
decision_type=2 2 2 2 2 2 2 2 2 2 2 2 2 2 2 2 2 2 2 2 2 2 2 2 2 2 2 2 2 2
left_child=1 8 5 4 12 7 9 14 -1 15 16 -11 18 28 17 -6 -5 -2 19 -3 21 -13 -7 -4 25 -12 -26 -9 -14 -19
right_child=2 3 23 10 6 22 -8 27 -10 11 24 20 13 -15 -16 -17 -18 29 -20 -21 -22 -23 -24 -25 26 -27 -28 -29 -30 -31
leaf_value=-0.050155130920965567 0.01422362511915036 -0.021662208069154146 0.048074810624325538 0.0056898485392318605 -0.0097974284774396368 0.021522889672898119 -0.0006279344550827868 0.039655945022549856 -0.0084496932007392406 -0.047963328903846615 0.01046985565324369 -0.020845778191623962 -0.0051614739006356266 -0.028707628577195062 0.034321952133556467 0.0050464813239075946 0.01932078298618544 -0.023039567680434175 -0.020016812498550349 -0.039772171403841233 -0.008080791158182981 -0.0038743695891284707 0.0011171991150761347 -0.0027683940208782717 -0.052257307056781277 -0.018259597559460657 0.0070696957011124779 0.0086050800298011626 -0.0185499255393279 0.031733719546174238
leaf_weight=11232.544034137914 6908.463634630898 1923.9834575919085 17681.429833478091 5606.7043140846654 12029.834893502877 1189.0448095526081 8162.8223664754478 4675.5778478358407 485.45508183015045 593.56373388104839 956.95530831639189 11119.128642226919 2951.2170067827101 2917.9293722553411 2489.5713803987019 2366.0507256400306 3726.581285449909 97.795116932364181 3500.0276852477982 3707.5229369805602 4446.1479741032235 1401.5224516654853 2720.8590605484787 124.87391949817538 100.81150747090578 2166.8485881186789 2752.0366690992378 331.15943258744664 3710.6515501968097 2224.0290073659853
leaf_count=2516500 39993 105040 61419 111649 433629 11630 242496 16361 28203 49351 23154 542832 216202 299481 9746 51897 46387 1293 212265 440929 127941 50862 43281 580 3168 76368 43673 1076 264864 11312
internal_value=-8.72235e-10 -0.015358 0.0343007 -0.0101314 -0.014273 0.0227233 -0.0102859 0.0263232 -0.0484274 -0.0127529 0.00578337 -0.0171759 -0.0228217 -0.0175193 0.0215049 -0.00735774 0.0111324 0.0180479 -0.0283844 -0.033585 -0.0160988 -0.0189461 0.00732279 0.0477183 -0.00256978 -0.00945853 0.00497325 0.0376022 -0.0126188 0.0294267
internal_weight=124301 85858.3 38442.8 74140.3 58830.4 20636.5 40119.1 16726.6 11718 31956.2 15309.9 17560.4 18711.3 9579.8 11719.9 14395.9 9333.29 9230.29 9131.53 5631.51 16966.8 12520.7 3909.9 17806.3 5976.65 3123.8 2852.85 5006.74 6661.87 2321.82
internal_count=6083582 5886891 196691 3342188 3037789 134692 1499008 79781 2544703 1256512 304399 770986 1538781 780547 62344 485526 158036 52598 758234 545969 721635 593694 54911 61999 146363 99522 46841 17437 481066 12605
is_linear=0
shrinkage=0.05


Tree=25
num_leaves=31
num_cat=0
split_feature=81 76 15 76 75 94 15 96 96 76 38 4 28 0 68 4 8 8 1 79 21 89 38 76 46 96 79 69 4 65
split_gain=24276 5071.67 1955.71 1734.02 1044.13 717.368 467.936 441.664 381.974 499.394 325.42 224.95 206.903 200.135 166.219 156.826 154.22 145.245 166.485 140.706 139.383 137.969 143.05 137.259 127.577 124.77 124.383 123.434 117.462 103.275
threshold=0.13809524476528171 0.0010111324954777958 0.55000001192092907 0.6363399624824525 0.99804311990737926 2.5666652917861943 1.0000000180025095e-35 0.49152387678623205 2.2863661050796513 0.25386710464954382 0.56604239344596874 1.5000000000000002 0.9993378520011903 0.02374847233295441 0.065240476280450835 5.5000000000000009 2.5000000000000004 2.5000000000000004 0.17752101272344592 0.099854715168476119 0.038217917084693916 706.50000000000011 22.739876747131351 0.99999400973320018 1.1934968233108523 5.7947702407836923 1.4043832421302798 0.0094934161752462404 2.5000000000000004 0.039268851280212409
decision_type=2 2 2 2 2 2 2 2 2 2 2 2 2 2 2 2 2 2 2 2 2 2 2 2 2 2 2 2 2 2
left_child=1 4 10 5 -1 6 7 19 15 14 12 -9 17 23 -10 29 -12 18 20 -3 -2 22 -16 -5 -11 -24 28 -13 -21 -7
right_child=2 3 -4 13 -6 8 -8 11 9 24 16 27 -14 -15 21 -17 -18 -19 -20 26 -22 -23 25 -25 -26 -27 -28 -29 -30 -31
leaf_value=-0.049856061124540323 0.010861277091958757 -0.023090026614636008 0.047160885170447545 0.0053779640038968289 0.0061278590779810247 -0.0089675808997542027 0.0094889814535314438 -0.043717193423001163 -0.042050145373951249 -0.0074294362936385312 0.03801826549003684 -0.016206656922243205 0.042757905200504175 -0.002824308085415925 -0.021777690603405522 0.010199384479898189 0.019970991280235533 0.0046802114666131293 0.029975612109001123 -0.013810083299736634 0.027009971150720687 -0.029498785986375915 0.0018178678402627061 0.017522387110597074 0.0057427654131184036 -0.014366962015358581 -0.026630591505245362 -0.03004073988069958 0.00032289046789407656 0.00091722040956382768
leaf_weight=10462.533336791617 4771.1019363906235 3812.0921447831206 17030.557335980935 5216.2845236557187 904.87957762437873 5802.5533260679222 1246.3898557256907 2247.9575712800433 725.57664415077306 9934.6007087320322 4365.3555993044283 2355.7171274975408 845.17352314339951 3780.5810137739754 5029.94649176026 2199.1531457804376 1624.1695816768333 1945.8821054506116 2772.6745519986143 3936.4073694289254 1856.0097541790456 2039.2552902527386 1549.8963590101339 4199.9517432093853 2255.5679623666219 5139.4167187901912 1118.2286793248495 5110.0538846756099 2346.5970441789832 4851.8814666692051
leaf_count=2495974 24827 291138 61999 103025 17947 177777 14727 333131 64451 302251 15086 187522 3776 93488 291148 37372 13780 32962 12661 174034 10493 114131 50303 55632 53393 217539 98502 520437 99352 114724
internal_value=-6.63891e-10 -0.0142801 0.0349859 -0.0095571 -0.0453996 -0.0130755 -0.0202738 -0.0220465 -0.0090376 -0.0124495 0.0235808 -0.0298508 0.0188919 0.00689323 -0.0187259 -0.00195701 0.0331244 0.0171141 0.0196881 -0.0152858 0.0153839 -0.0174958 -0.0154072 0.0107948 -0.00499216 -0.010617 -0.0112662 -0.0256756 -0.00853165 -0.00446618
internal_weight=121476 86265.5 35210.9 74898.1 11367.4 61701.3 22173.4 20927.1 39527.8 26674.3 18180.4 9713.73 12190.8 13196.8 14484.1 12853.6 5989.53 11345.7 9399.79 11213.3 6627.11 13758.5 11719.3 9416.24 12190.2 6689.31 7401.23 7465.77 6283 10654.4
internal_count=6083582 5907998 175584 3394077 2513921 3141932 1718843 1704116 1423089 1093216 113585 1041090 84719 252145 737572 329873 28866 80943 47981 663026 35320 673121 558990 158657 355644 267842 371888 707959 273386 292501
is_linear=0
shrinkage=0.05


Tree=26
num_leaves=31
num_cat=0
split_feature=81 76 15 76 75 38 80 89 99 38 6 4 76 96 96 79 28 38 38 8 8 76 80 33 38 88 22 38 1 16
split_gain=22309 4587.42 1813.41 1568.92 1187.27 675.223 515.892 362.094 325.926 300.143 231.564 227.389 213.615 212.141 194.542 190.162 189.372 187.632 149.675 144.154 137.038 136.647 135.378 183.364 134.998 134.959 188.56 129.937 122.508 116.704
threshold=0.14642857760190967 0.0012904803152196111 0.55000001192092907 0.7261514961719514 0.74317798018455516 1.7011877298355105 0.93825596570968639 35.500000000000007 0.0021857949905097489 0.57142606377601635 0.0011751388665288689 2.5000000000000004 0.31262128055095678 0.70017820596694957 2.9748699665069585 3.051092386245728 0.9993378520011903 33.185117721557624 0.99913999438285839 2.5000000000000004 2.5000000000000004 0.36777678132057195 0.96693566441535961 0.058396244421601302 7.9633007049560556 0.017417268827557567 369.50000000000006 54.085279464721687 0.17519181966781619 0.098223660141229643
decision_type=2 2 2 2 2 2 2 2 2 2 2 2 2 2 2 2 2 2 2 2 2 2 2 2 2 2 2 2 2 2
left_child=1 4 9 5 -1 6 13 11 -9 16 12 21 14 29 24 -15 22 -16 -5 -6 -11 -7 -2 28 -10 26 -20 -14 -24 -3
right_child=2 3 -4 18 19 7 -8 8 10 20 -12 -13 27 15 17 -17 -18 -19 25 -21 -22 -23 23 -25 -26 -27 -28 -29 -30 -31
leaf_value=-0.049520636588252037 0.0018573655467704247 -0.025981519042574411 0.046508365261296869 -0.013083572344505193 0.015083923347085105 -0.0093495908143122509 0.0085460857385268822 -0.044462623215041998 -0.014743804849159265 0.037325731692076682 0.016333545821594866 0.0078119171770761444 -0.012063222629466274 -0.036200076536594246 -0.027209021404654088 -0.021455316204701886 0.042076612708412932 -0.013873902168523156 0.0079840713854257544 -0.01868884439271257 0.019631863672703739 0.0024629878690190449 0.010353833982676346 0.030677795593017372 0.0024654321683427898 0.011776207924560715 -0.05125847009528707 -9.6324340035819768e-05 0.024632648446197943 -0.013602253070148515
leaf_weight=9810.7250646581233 1316.3640300859697 2523.4333026963286 16293.388830047159 734.94513630773872 770.13251797156408 8522.546129041235 1531.4780097713228 753.34957267937716 2462.2723963155877 4169.2035320107825 747.06097889784724 4002.7206609714776 4347.3587118014693 3532.3682476680842 4294.554525963089 5740.0574972340837 801.18628736853134 6838.0336529283086 380.62758029461838 535.77224332664628 1483.7392135232221 3434.9481118286494 4793.1286159631563 2470.8998690096778 2121.3923710287781 9286.3339581432519 207.55497401487082 4743.2974529670319 2187.856748558057 7754.1673707562441
leaf_count=2491911 19891 178551 61999 41213 7174 312804 22181 61177 102679 14591 9368 82895 132034 526068 266247 441358 3660 295163 6910 31004 12154 79847 27333 11529 60734 133458 6142 114791 15214 513502
internal_value=2.55965e-10 -0.0136115 0.034551 -0.00911017 -0.043559 -0.0120904 -0.0193997 -0.0084448 -0.0120494 0.0232387 -0.0110938 -0.0025033 -0.0119198 -0.0215889 -0.0154486 -0.0270724 0.0186248 -0.0190181 0.0086849 0.001228 0.0326816 -0.00595627 0.0168799 0.0189721 -0.0067791 0.0103051 -0.0129211 -0.00581917 0.0148288 -0.0166417
internal_weight=118591 85075.1 33515.8 73958.5 11116.6 63349 21081.5 42267.5 26307.3 17222.4 25554 15960.2 24806.9 19550 15716.3 9272.43 11569.4 11132.6 10609.5 1305.9 5652.94 11957.5 10768.2 9451.89 4583.66 9874.52 588.183 9090.66 6980.99 10277.6
internal_count=6083582 5917211 166371 3387122 2530089 3199399 1681660 1517739 1042193 104372 981016 475546 971648 1659479 724823 967426 77627 561410 187723 38178 26745 392651 73967 54076 163413 146510 13052 246825 42547 692053
is_linear=0
shrinkage=0.05


Tree=27
num_leaves=31
num_cat=0
split_feature=81 76 81 76 75 65 76 15 75 94 55 98 16 76 94 0 77 89 80 1 4 69 76 0 6 60 76 38 4 77
split_gain=20524.6 4402.3 1896.61 1485.52 926.223 492.882 367.395 292.212 278.782 266.327 250.272 218.605 198.47 178.841 174.585 174.444 213.174 172.543 157.83 157.607 147.351 142.068 141.508 135.667 133.002 128.548 127.958 127.528 123.755 120.831
threshold=0.13809524476528171 0.00073791161412373196 0.51315790414810192 0.42063635587692266 0.99804311990737926 0.032867807894945152 0.80887517333030712 0.36666667461395269 0.99898126721382152 1.0013056993484499 0.099195081740617766 1.0588814020156863 0.25097608566284185 0.025687024928629402 0.99903011322021495 0.034806109964847572 1.0000000180025095e-35 20.500000000000004 0.48339319229125982 0.46720430254936224 2.5000000000000004 0.0081243268214166182 0.15161629766225818 0.003870694432407618 0.020392500795423988 0.079764999449253096 0.111283827573061 0.96750131249427807 2.5000000000000004 1.0000000180025095e-35
decision_type=2 2 2 2 2 2 2 2 2 2 2 2 2 2 2 2 2 2 2 2 2 2 2 2 2 2 2 2 2 2
left_child=1 4 7 5 -1 8 14 20 9 21 12 -11 19 15 -5 16 17 -9 26 28 -2 -3 -13 -8 -17 29 -12 -22 -7 -15
right_child=2 3 -4 6 -6 10 23 13 -10 11 18 22 -14 25 -16 24 -18 -19 -20 -21 27 -23 -24 -25 -26 -27 -28 -29 -30 -31
leaf_value=-0.048938206131602636 0.037833951774929708 -0.019243593492745334 0.046338119422214052 -0.019709348364501642 0.0050361866001179048 -0.0098766063962366542 0.014912092876372022 0.037799920080395455 0.009237751256939054 -0.0065496363526292584 -0.024910351814015151 -0.026637786553321469 0.0059784457421291209 0.041882041311836399 -0.0012466967755249488 0.038203826741209861 -0.0076178273297103213 -0.00091138739789079187 0.012997773217068987 -0.021770921124342799 0.0089871776629695359 -0.033819763890055331 -0.015046793126226017 0.0017866672462206225 0.010251187386783054 0.0065795369428297435 -0.011881340372915409 0.0225889206337118 -0.00052098201483375913 0.02593379178842628
leaf_weight=9229.2624366562522 678.97644975932781 2705.3169088528084 14974.667410407681 1440.5323857581243 869.74446844309568 10356.989133806783 5359.8745322450995 808.07323425915092 830.20406660379376 4044.3698730363394 3826.7335605099797 4742.2855822215206 2802.190555729554 3330.2129254231695 11521.741606867465 1572.9895489288028 925.61913578573149 447.11682742740959 420.02112468343694 1945.1239565346041 5147.3677828301443 4375.1232828345674 5920.6575306837331 3111.6922994782217 583.37924546934664 394.34210977121256 3712.7879020266118 2590.5747837044764 5366.1798812642228 1845.9952694736421
leaf_count=2482856 4834 205740 59356 110668 17635 444876 80626 2295 12643 125547 344987 318588 101826 11442 274783 6549 4210 2128 9215 96129 51836 506380 269162 66870 5189 1805 194744 17257 244723 8683
internal_value=-2.76063e-10 -0.0133623 0.0331379 -0.00905312 -0.0442898 -0.0136914 0.0019936 0.0223509 -0.0191996 -0.0202832 -0.0093092 -0.0164476 -0.00638392 0.0281705 -0.0032985 0.0205574 0.0105862 0.0240104 -0.0168325 -0.00834459 0.0155006 -0.0282505 -0.0202018 0.010091 0.0306416 0.034098 -0.0184943 0.0135409 -0.00668361 0.0361944
internal_weight=115880 82580.8 33299.3 72481.8 10099 51048 21433.8 18324.6 22618 21787.8 28430 14707.3 20470.5 9907.73 12962.3 4337.18 2180.81 1255.19 7959.54 17668.3 8416.92 7080.44 10662.9 8471.57 2156.37 5570.55 7539.52 7737.94 15723.2 5176.21
internal_count=6083582 5907998 175584 3407507 2500491 2874560 532947 116228 1438060 1425417 1436500 713297 887554 42301 385451 20371 8633 4423 548946 785728 73927 712120 587750 147496 11738 21930 539731 69093 689599 20125
is_linear=0
shrinkage=0.05


Tree=28
num_leaves=31
num_cat=0
split_feature=81 76 80 15 76 60 94 65 8 16 89 69 75 1 8 38 75 4 76 96 38 76 22 4 79 65 22 28 65 94
split_gain=19440.2 3753.22 1400.85 1394.39 1310.58 642.399 733.13 347.689 342.729 250.645 266.342 242.173 208.013 202.283 182.594 173.981 154.658 148.425 176.364 145.374 144.225 139.632 137.81 127.53 120.027 113.907 167.374 113.142 111.261 107.591
threshold=0.17914438992738727 0.0026654039975255732 3.9972332388504844e-10 0.63333335518836986 0.7261514961719514 -1.0000000180025095e-35 1.0013056993484499 0.048131559044122703 2.5000000000000004 0.037980273365974433 133.50000000000003 0.0100823394022882 1.9978590011596682 0.16472868621349337 2.5000000000000004 0.57411429286003124 0.99997240304946911 2.5000000000000004 0.26720143854618078 0.41891068220138555 0.99913999438285839 0.15347614884376529 109.50000000000001 1.5000000000000002 2.1151895523071294 0.014087707735598089 383.50000000000006 0.65177723765373241 0.11866921558976175 0.69383972883224498
decision_type=2 2 2 2 2 2 2 2 2 2 2 2 2 2 2 2 2 2 2 2 2 2 2 2 2 2 2 2 2 2
left_child=1 2 29 8 5 6 11 9 12 22 17 23 15 -10 -7 -2 -4 18 -11 -13 -6 -12 -8 -3 -21 26 -22 -16 -9 -1
right_child=3 4 16 -5 20 14 7 28 13 10 21 19 -14 -15 27 -17 -18 -19 -20 24 25 -23 -24 -25 -26 -27 -28 -29 -30 -31
leaf_value=-0.048460987537887745 0.019866709681441486 -0.027006400553790579 -0.014676873029116211 0.045995716710870549 -0.013229819350814229 0.019547741616496115 -0.01408100024616322 -0.0033196807852116819 -0.010154536077614689 -0.014551718087161767 -0.024358916710174691 -0.019480688341990057 0.038860248994411449 0.017978229570471512 -0.0069892122582198742 0.034227605923837175 0.015542051029946477 0.000611567262003553 -0.003354717078671578 -0.043871065046213631 0.0089188960465155127 -0.012965637277963552 -0.050411028547241825 -0.010496276616470422 -0.027559888080223388 0.011368307215559634 -0.039300208630605724 0.026442010091676751 0.012689054274513965 -0.018472485917296038
leaf_weight=8926.5698162696208 6888.5411457385635 1564.0799387194857 775.03529401286505 13976.42546112019 734.67256468138658 1911.8190146095585 442.64843087719055 9980.7975884360494 941.00461568683386 8237.0916100487229 4052.3964837258682 3266.1366673191951 3236.3216137331328 1990.662720581633 1710.5210555514786 3039.63051281753 933.22390232898761 4525.8686286804732 6136.8974321986316 1693.2282715145266 495.79893773293588 7994.4061140640406 636.19514032400912 4637.9164357255795 3377.6580853478517 8841.6632575277472 282.51321644149721 297.02673882618546 1217.7766942358576 309.46213264868129
leaf_count=2518049 38550 142728 34554 58134 41355 12322 25272 323733 13459 376542 257879 259579 11421 18679 50429 11986 10802 131278 174280 296251 8990 304943 59172 321596 379603 129978 7940 5408 32633 26037
internal_value=-4.37871e-10 -0.0124817 -0.039763 0.0344415 -0.00833691 -0.0111001 -0.0124293 -0.00916232 0.0244089 -0.0118141 -0.0109882 -0.0221417 0.0278519 0.00894819 0.00848875 0.0242635 0.00183176 -0.0072849 -0.00977122 -0.0277075 0.00812334 -0.0167982 -0.0355049 -0.01466 -0.0330064 0.00975407 -0.00858377 -0.0020429 -0.00157883 -0.0474562
internal_weight=113054 82981.4 10944.3 30072.6 72037.1 61682.5 57763.1 43224.1 16096.2 32025.5 30946.7 14539 13164.5 2931.67 3919.37 9928.17 1708.26 18899.9 14374 8337.02 10354.6 12046.8 1078.84 6202 5070.89 9619.98 778.312 2007.55 11198.6 9236.03
internal_count=6083582 5931353 2589442 152229 3341911 3153648 3085489 1685732 94095 1329366 1244922 1399757 61957 32138 68159 50536 45356 682100 550822 935433 188263 562822 84444 464324 675854 146908 16930 55837 356366 2544086
is_linear=0
shrinkage=0.05


Tree=29
num_leaves=31
num_cat=0
split_feature=80 79 15 76 75 94 79 8 96 76 38 33 4 4 1 76 75 28 99 33 89 94 22 76 65 96 94 15 84 65
split_gain=18038.4 4074.45 1776.53 1303.35 620.961 541.998 487.238 485.415 317.355 305.195 292.453 243.256 233.063 209.901 158.483 157.875 153.938 143.058 134.908 132.251 129.5 126.858 189.334 121.033 118.066 109.636 126.162 107.601 106.325 102.712
threshold=0.92627662420272838 0.057302962988615043 0.55000001192092907 0.54052275419235241 0.79883921146392833 2.5666652917861943 0.79532036185264599 2.5000000000000004 1.6687960624694826 0.2087487876415253 0.56604239344596874 0.0038164583966135983 3.5000000000000004 2.5000000000000004 0.37965516746044164 0.054615627974271781 0.68381702899932872 0.99942120909690868 0.016926378943026069 0.037708749994635589 30.500000000000004 37.386798858642585 2388.5000000000005 0.99999400973320018 0.011956957168877127 0.26257683336734777 4.9787364006042489 0.36666667461395269 1389.5000000000002 0.014087707735598089
decision_type=2 2 2 2 2 2 2 2 2 2 2 2 2 2 2 2 2 2 2 2 2 2 2 2 2 2 2 2 2 2
left_child=1 4 7 5 20 6 13 10 25 16 17 23 15 -3 -9 -8 18 19 -10 27 -1 22 -13 -5 -23 -7 -27 -2 -11 -30
right_child=2 3 -4 11 -6 8 12 14 9 28 -12 21 -14 -15 -16 -17 -18 -19 -20 -21 -22 24 -24 -25 -26 26 -28 -29 29 -31
leaf_value=-0.025488253818202623 0.0073140889911247151 -0.015984137411508011 0.044745508836906672 0.005086521009353074 -0.0058819659351415244 0.012121319143956179 -0.042442399806419832 -0.003423956233208918 -0.023830931101686381 -0.00012760644186049529 0.036540936135754716 -0.0036033033070039405 -0.01719290765805042 0.0012419710509168522 0.01863855498496805 -0.025976364612906047 0.02141138241678717 0.042000946127559877 -0.013228214979976137 0.026741594547173897 -0.047828903120132021 -0.048747082775751682 -0.032286730194991918 0.0169956336549307 0.0060025109830697202 -0.012038449358396527 0.0011734450432733449 0.020672492167500094 -0.03540634720620911 -0.0083812553984547785
leaf_weight=701.15613933413988 2763.3174185622483 5221.2448540984187 14199.360390364061 5797.2487126323394 1066.0176879779901 1382.394444357371 2551.5831717326364 2270.1563815536792 5430.250175553083 4656.9941844209679 4052.5162662614603 2556.1660014152294 3800.274885483901 2674.1010662051849 1268.981631876668 3389.4119746202778 253.28400232852437 732.54099312081235 6704.0556931563769 3554.9179675300838 8664.2081792993122 101.92891432344913 742.41016955662053 3375.8051688657724 2901.4927387604257 2668.2845111592906 5597.3809284122544 3316.9831402435666 368.38376537634758 7708.1652594009647
leaf_count=92973 20218 275949 61692 128610 50382 24356 386816 42100 354628 144298 16064 73266 350817 113745 17399 347331 2735 3243 330334 19158 2570206 3611 34024 46156 49008 86250 134111 16075 26261 261766
internal_value=8.47185e-10 -0.0129473 0.031529 -0.00847649 -0.0420406 -0.0122414 -0.0193809 0.0210795 -0.00861988 -0.0115802 0.0251518 0.00427324 -0.0268628 -0.0101498 0.0044867 -0.0330483 -0.0171678 0.0207 -0.0179731 0.0190806 -0.0461563 -0.00328993 -0.0100591 0.00946923 0.00414444 -0.000911825 -0.00309156 0.0146015 -0.00614452 -0.00961391
internal_weight=110471 78312.2 32158.8 67880.9 10431.4 52405.8 17636.6 17959.4 34769.2 25121.1 14420.3 15475.1 9741.27 7895.35 3539.14 5941 12387.6 10367.8 12134.3 9635.22 9365.36 6302 3298.58 9173.05 3003.42 9648.06 8265.67 6080.3 12733.5 8076.55
internal_count=6083582 5887633 195949 3174072 2713561 2839397 1474658 134257 1364739 1120022 74758 334675 1084964 389694 59499 734147 687697 58694 684962 55451 2663179 159909 107290 174766 52619 244717 220361 36293 432325 288027
is_linear=0
shrinkage=0.05


Tree=30
num_leaves=31
num_cat=0
split_feature=81 76 75 15 76 15 94 96 94 88 15 89 69 21 4 1 8 16 76 38 79 79 8 76 71 38 65 22 60 0
split_gain=16753 3215.27 1315.71 1269.33 1145.63 566.585 606.681 292.82 373.204 237.741 228.127 214.197 212.147 186.406 173.288 145.887 139.835 138.318 137.988 126.669 122.694 144.546 122.479 114.978 114.715 109.998 99.321 99.232 99.0807 120.736
threshold=0.17914438992738727 0.0010111324954777958 0.74317798018455516 0.63333335518836986 0.60254564881324779 1.0000000180025095e-35 1.2808381319046023 1.0321766734123232 9.773473262786867 0.0095328972674906271 0.36666667461395269 195.50000000000003 0.0220212871208787 0.002908333321101964 1.5000000000000002 0.28452381491661077 2.5000000000000004 0.15385325253009799 0.096234820783138289 0.57142606377601635 0.79532036185264599 1.7205024361610415 2.5000000000000004 0.28057834506034857 1.195752799510956 0.57142606377601635 0.013357928954064848 383.50000000000006 0.021854861639440063 0.037463610991835601
decision_type=2 2 2 2 2 2 2 2 2 2 2 2 2 2 2 2 2 2 2 2 2 2 2 2 2 2 2 2 2 2
left_child=1 2 -1 10 5 6 12 14 18 -10 15 24 17 26 -8 25 -4 -3 -9 28 -14 -22 -7 -13 -11 -2 27 -6 29 -12
right_child=3 4 16 -5 13 22 7 8 9 11 19 23 20 -15 -16 -17 -18 -19 -20 -21 21 -23 -24 -25 -26 -27 -28 -29 -30 -31
leaf_value=-0.047730802883081014 0.0065233658761561474 -0.021225966943575616 0.015511912258468642 0.044804949193201993 0.0039715633532184024 0.018128300539748683 -0.0080260465862616679 -0.032189038174142308 -0.039705255057537955 -0.0062528426838483562 0.01944626077513063 -0.018733577521727898 -0.018727803439976848 -0.001917837448664915 0.0051869423097305779 0.029294362735528809 -0.015121293872488529 -0.0084892709639944625 -0.016671068177657407 0.037380839116038025 -0.050695751325652683 -0.028009799433613283 -0.0040167881352494187 -0.0072269902612159976 0.005056894171644094 0.022698599284270222 0.01188991738292864 -0.036622581088175996 0.0091768476646490633 0.034420858242711842
leaf_weight=7755.5277091295284 3196.9692192848306 5064.2949602661247 904.45756477350369 12744.750601746957 548.0636176734115 1872.2739497716539 5109.9646559415269 2312.1047623906052 601.00846823328175 11031.214219244604 2608.5048349491553 5161.0900294491439 2268.8381130077178 5552.8069844919955 4824.0636408737628 1599.3890945971943 633.45282908133231 3680.9321660362766 3765.8477702112286 2816.8063447256573 918.35829465868301 2982.4976624937553 936.77921888534911 3747.3068827108946 2814.0644391220994 1565.8556443580892 7090.9643023452954 207.55724960775115 891.2501061395742 2781.3088557971641
leaf_count=2479778 28651 436778 8672 58134 15367 12423 168923 206722 56340 396607 13428 278389 215115 137848 112367 13109 33454 286302 196760 9992 164386 379830 17068 119466 81853 10287 120526 6379 7147 11481
internal_value=1.18695e-10 -0.0117094 -0.0393532 0.0331224 -0.00806478 -0.0111529 -0.012286 -0.00903232 -0.0115376 -0.00866536 0.0234918 -0.00784548 -0.0208737 0.00509254 -0.00160969 0.0162288 0.00289434 -0.015865 -0.0225742 0.0285709 -0.0279732 -0.0333506 0.0107432 -0.0138933 -0.00395413 0.0118412 0.0100536 -0.00717901 0.02462 0.0271736
internal_weight=107988 79783.5 9293.44 28204.8 70490 57090.6 54281.6 39366.7 29432.6 23354.7 15460.1 22753.7 14914.9 13399.4 9934.03 6362.21 1537.91 8745.23 6077.95 9097.87 6169.69 3900.86 2809.05 8908.4 13845.3 4762.82 7846.59 755.621 6281.06 5389.81
internal_count=6083582 5931353 2521904 152229 3409449 3129329 3099838 1617427 1336137 932655 94095 876315 1482411 280120 281290 52047 42126 723080 403482 42048 759331 544216 29491 397855 478460 38938 142272 21746 32056 24909
is_linear=0
shrinkage=0.05


Tree=31
num_leaves=31
num_cat=0
split_feature=81 79 15 60 76 4 38 79 15 76 79 76 8 89 85 101 38 94 4 38 38 0 94 98 38 4 76 60 28 22
split_gain=15346.3 3191.68 1417.98 1055.48 1040.42 602.015 391.025 317.084 302.03 285.611 265.88 183.512 145.149 141.47 133.092 130.598 129.375 122.422 122.166 122.058 119.79 111.894 102.176 99.5468 98.5507 98.1769 97.3598 89.3563 87.2709 83.6512
threshold=0.14642857760190967 0.057302962988615043 0.63333335518836986 -1.0000000180025095e-35 0.40149191021919256 4.5000000000000009 1.9983271956443789 0.79532036185264599 0.36666667461395269 0.80887517333030712 3.0670367479324345 0.18026914447546008 2.5000000000000004 150.50000000000003 0.38874730467796331 11.500000000000002 1.0000000180025095e-35 0.997320055961609 2.5000000000000004 0.57142606377601635 0.9989132583141328 0.003870694432407618 11.113151550292971 5.9274122714996347 0.69364807009696972 1.5000000000000002 0.10054302588105203 0.083378612995147719 0.36573067307472235 2652.5000000000005
decision_type=2 2 2 2 2 2 2 2 2 2 2 2 2 2 2 2 2 2 2 2 2 2 2 2 2 2 2 2 2 2
left_child=1 3 8 15 5 6 7 25 18 17 -8 22 -5 24 -15 -1 -9 -6 -2 -10 -20 -11 -12 -24 -7 -3 -18 -21 -14 -19
right_child=2 4 -4 12 9 13 10 16 19 21 11 -13 28 14 -16 -17 26 29 20 27 -22 -23 23 -25 -26 -27 -28 -29 -30 -31
leaf_value=-0.033312954537285673 0.03554588075693154 -0.019528567875093723 0.044200617267912141 0.013922265364997563 -0.017946679649171678 -0.0031257493015049128 -0.0038928193048428671 -0.024338026406899613 0.023908312266192312 0.013507871070886274 -0.030285375746503702 -0.0094843487602587276 -0.023884120488697889 -0.01864154743022723 0.011209399986377367 -0.048263879563997331 -0.045781214293221878 0.0013335935503920656 0.0075659262798777318 0.039639211292821254 0.021834791544702605 0.0013095930405484315 -0.0071429343768580874 -0.021020417624411925 0.0089222181971693789 -0.005808170818376996 -0.023361264265042921 0.011560971767838971 0.018271263963504102 -0.0076235640459018823
leaf_weight=1877.7290593454381 610.48874913185136 2662.5898183863028 12167.503330803636 817.36021313909441 1247.8263963456266 3216.6362063080305 8364.7878344613127 4617.6083817767212 6324.9840582448523 4990.8663304764777 1897.6383539530798 8029.7612722000922 654.85718907171395 1595.9790695983102 487.44411964074243 6575.6633591096906 1578.131943248125 8252.7489991812618 4543.9024220134597 2485.7807257340755 2174.9289864154998 3016.0748673335183 1808.4168419076595 4527.4364460646175 3593.649357910268 2554.8938008708647 698.57802813692251 319.80590518075041 151.10189897881355 3809.9261733924504
leaf_count=381049 4790 167369 58134 7670 96756 190781 266410 434156 33074 80592 164674 321306 42084 129916 9118 2291766 321704 210001 45304 8956 14871 64602 80323 264797 89544 110139 85737 1242 4079 102638
internal_value=3.21306e-10 -0.011617 0.0312579 -0.0378516 -0.00766846 -0.0119286 -0.0147541 -0.0221097 0.0216903 0.00145102 -0.0111368 -0.0148626 -0.000924254 -0.000256208 -0.0116575 -0.0449429 -0.0291475 -0.00303773 0.0141307 0.0277585 0.0121848 0.00891299 -0.0201077 -0.0170594 0.00323172 -0.01281 -0.038902 0.0364386 -0.0159808 -0.00149547
internal_weight=105655 77027.7 28627.4 10076.7 66951 45633.6 36739.8 12111.8 16459.9 21317.4 24628 16263.3 1623.32 8893.71 2083.42 8453.39 6894.32 13310.5 7329.32 9130.57 6718.83 8006.94 8233.49 6335.85 6810.29 5217.48 2276.71 2805.59 805.959 12062.7
internal_count=6083582 5917211 166371 2726648 3190563 2635974 2216615 1119105 108237 554589 1097510 831100 53833 419359 139034 2672815 841597 409395 64965 43272 60175 145194 509794 345120 280325 277508 407441 10198 46163 312639
is_linear=0
shrinkage=0.05


Tree=32
num_leaves=31
num_cat=0
split_feature=81 76 15 75 76 15 94 65 8 68 89 75 89 4 38 4 76 76 94 22 38 6 8 55 1 65 22 4 1 1
split_gain=14010.7 2752.57 1257.99 1219.79 992.538 494.666 603.997 302.8 237.366 215.482 226.932 212.402 198.078 175.989 171.752 147.47 151.738 136.069 131.424 131.418 128.5 120.152 118.177 113.886 111.224 103.333 168.639 102.254 99.6894 95.6989
threshold=0.17914438992738727 0.00073791161412373196 0.63333335518836986 0.74317798018455516 0.7261514961719514 1.0000000180025095e-35 1.0013056993484499 0.056480996310710914 2.5000000000000004 0.019861149601638321 129.50000000000003 1.5885339975357058 108.50000000000001 1.5000000000000002 0.57142606377601635 2.5000000000000004 0.33735580742359167 0.070896491408348097 139.13469696044925 24.500000000000004 0.99913999438285839 0.0073718056082725534 2.5000000000000004 0.13974477350711825 0.23606811463832858 0.0089815566316247004 650.50000000000011 2.5000000000000004 0.30860807001590734 0.24407060444355014
decision_type=2 2 2 2 2 2 2 2 2 2 2 2 2 2 2 2 2 2 2 2 2 2 2 2 2 2 2 2 2 2
left_child=1 3 8 -1 5 6 12 9 11 19 15 14 13 17 27 16 -11 -3 -12 -8 -6 -5 -7 28 -10 26 -22 -2 -15 -17
right_child=2 4 -4 21 20 22 7 -9 24 10 18 -13 -14 23 -16 29 -18 -19 -20 -21 25 -23 -24 -25 -26 -27 -28 -29 -30 -31
leaf_value=-0.046951765225786368 0.021493543032192839 -0.04801321712344666 0.043567447141244033 0.01795877265321353 -0.013362490891847531 0.017698232829558978 -0.0013029304430751476 0.0013517013422039729 -0.003491540455950814 -0.012025618570635548 -0.017849717272120404 0.035564894688309638 -0.030108860959289125 -0.0060526150950439639 0.031404053212622726 0.0072974247516221814 -0.0014334717187632169 -0.021415475254434563 -0.0067342954296444428 -0.050593499870163317 0.0045546608645482649 -0.010582367759366364 -0.0038820017618320375 -0.024853024976967265 0.016880280986514201 0.010130985465565604 -0.059532509137059181 0.0086329356696733459 -0.019673061118427343 -0.0062558115731439802
leaf_weight=6828.3360938778787 3805.9941665286387 625.18807687817025 11611.458815968705 711.18584604118951 704.10204682033509 1870.3121980042197 184.05264191923197 7188.3557540476904 1146.1383379411418 10419.135206538194 9067.472969558381 3269.8502154538 3551.4474381898472 4699.562562993844 2650.3328904095106 2854.5883112887386 5005.5571006565588 2082.7309937883692 3762.8120306894416 509.76524209056515 377.9634215926053 765.82131463941187 960.03452328511048 1591.0322034819401 1612.8210301629151 8529.6557358923601 140.92191474128049 2602.4464502360206 1881.1400142821949 2395.3755147036863
leaf_count=2466980 21376 143648 58134 6496 41355 12745 10157 230684 17241 486849 492129 12704 474641 349116 11683 79412 136939 189976 137896 53105 7894 34934 17734 188621 14897 134215 4799 16194 157634 73394
internal_value=-5.30901e-10 -0.0108582 0.0311958 -0.0380399 -0.00755782 -0.0100139 -0.0110479 -0.00797668 0.0216746 -0.00993744 -0.0093663 0.0246414 -0.019856 -0.0165092 0.0206984 -0.00612468 -0.0085883 -0.0275562 -0.0145898 -0.0375179 0.00721213 0.00316032 0.0103784 -0.0128485 0.00841733 0.00881312 -0.0128505 0.0162709 -0.00994612 0.00111356
internal_weight=103406 76706.5 26699 8305.34 68401.2 58648.6 55818.2 41387.1 15087.6 34198.8 33504.9 12328.6 14431.1 10879.7 9058.77 20674.7 15424.7 2707.92 12830.3 693.818 9752.64 1477.01 2830.35 8171.73 2758.96 9048.54 518.885 6408.44 6580.7 5249.96
internal_count=6083582 5931353 152229 2508410 3422943 3234680 3204201 1700565 94095 1469881 1406619 61957 1503636 1028995 49253 776594 623788 333624 630025 63262 188263 41430 30479 695371 32138 146908 12693 37570 506750 152806
is_linear=0
shrinkage=0.05


Tree=33
num_leaves=31
num_cat=0
split_feature=80 79 81 76 80 8 94 79 96 76 38 33 4 100 4 69 33 1 50 4 38 94 84 68 65 6 98 85 4 68
split_gain=12953.4 3079.21 1547.83 965.542 506.066 458.227 402.526 391.958 259.681 297.674 253.18 205.719 186.964 163.334 162.542 145.156 139.583 139.259 125.809 119.425 114.175 112.944 170.297 103.037 101.143 96.3143 95.3658 94.6334 101.435 93.2032
threshold=0.92627662420272838 0.057302962988615043 0.51315790414810192 0.54052275419235241 4.6795081915310132e-13 2.5000000000000004 2.5666652917861943 0.84306937456130993 3.0123931169509892 0.18953978270292285 0.56604239344596874 0.0038164583966135983 1.5000000000000002 1.0000000180025095e-35 2.5000000000000004 0.0100823394022882 0.037708749994635589 0.37965516746044164 14.500000000000002 5.5000000000000009 33.185117721557624 37.386798858642585 1139.5000000000002 0.071040708571672453 0.011956957168877127 0.094881802797317519 8.9489555358886737 1.9901129603385928 2.5000000000000004 0.22893594205379489
decision_type=2 2 2 2 2 2 2 2 2 2 2 2 2 2 2 2 2 2 2 2 2 2 2 2 2 2 2 2 2 2
left_child=1 4 5 6 18 10 7 14 19 20 13 23 -9 16 -3 -14 27 -7 -1 29 -10 22 -13 -5 -23 -17 -22 28 -2 -8
right_child=2 3 -4 11 -6 17 8 12 9 -11 -12 21 15 -15 -16 25 -18 -19 -20 -21 26 24 -24 -25 -26 -27 -28 -29 -30 -31
leaf_value=-0.030864232864439057 0.016464687043906214 -0.014285557265009758 0.042746970866912738 -0.011918231084786108 -0.0069151023807081189 -0.0047811407295186049 -0.0059430754627189022 -0.039850662510223733 -0.02390888970101103 -0.0059331184766992073 0.034188112390900242 0.00030516858215574199 -0.011143315956973477 0.038374438193037964 0.0011401721494063626 -0.027632953970148616 0.024991585985986355 0.016142610596302519 -0.047111199469878656 0.0094147046808887563 0.00045836080832639117 -0.046724102442709609 -0.023154195380270422 0.010207128858848447 0.0056248699201378828 0.0072176045262463129 -0.016787197299056176 0.026831739294951102 0.0021282008604920884 0.0075985390460238285
leaf_weight=1483.3686132907023 2541.9063747572945 4865.1037100601243 11338.905966706472 563.12284662533784 1053.2689356985502 2217.8219997836859 9550.0442403375055 1606.4078216253547 4383.4031470832415 11382.381782197976 3738.0020982974675 1790.7804015770671 2463.9884350859793 982.67743126119603 2631.3370378790423 4527.8880032356246 3406.1537017105729 1239.7313318793895 6056.4582387235714 1905.7608863320784 1076.4635119187878 95.446000625845045 1361.9399766112329 8026.2618558245304 2772.5762334718602 207.32669918064494 3139.9345966998953 937.77096200594679 2397.4847310355399 1465.6741237933165
leaf_count=312070 13946 279050 59082 18620 52946 42199 327971 330069 323576 416431 16319 49959 203785 5057 116082 539167 19359 17513 2348545 39934 45115 3611 57331 156146 49008 6505 174929 4221 18253 36783
internal_value=2.71944e-10 -0.0112812 0.0283627 -0.00749759 -0.0393797 0.0190221 -0.0108489 -0.0172737 -0.00766571 -0.0112376 0.0230467 0.00378924 -0.0244271 0.01899 -0.00887095 -0.0209856 0.016938 0.00272123 -0.0439148 -0.00214197 -0.0182585 -0.00329733 -0.00982901 0.00875658 0.00388273 -0.0261071 -0.0123843 0.0122706 0.00950603 -0.00414132
internal_weight=101209 72408.9 28800.5 63815.8 8593.1 17461.5 49205.7 16302.1 32903.7 19982.2 14004 14610.1 8805.61 10266 7496.44 7199.2 9283.32 3457.55 7539.83 12921.5 8599.8 6020.74 3152.72 8589.38 2868.02 4735.21 4216.4 5877.16 4939.39 11015.7
internal_count=6083582 5887633 195949 3174072 2713561 136867 2839397 1474658 1364739 960051 77155 334675 1079526 60836 395132 749457 55779 59712 2660615 404688 543620 159909 107290 174766 52619 545672 220044 36420 32199 364754
is_linear=0
shrinkage=0.05


Tree=34
num_leaves=31
num_cat=0
split_feature=15 101 76 15 76 75 94 89 65 38 94 89 65 4 1 88 38 76 88 22 99 60 30 47 8 1 75 76 88 96
split_gain=11992.4 2266.01 977.904 961.262 783.814 706.049 610.199 220.479 218.497 170.367 158.594 154.597 192.07 152.916 152.123 149.259 137.696 123.645 116.372 126.19 109.481 107.848 107.793 102.746 102.657 102.53 99.059 97.4097 95.2369 94.6235
threshold=0.22500000149011615 18.500000000000004 0.14981138706207278 0.70833334326744091 0.60254564881324779 0.99963402748107921 1.0013056993484499 104.50000000000001 0.032867807894945152 0.57142606377601635 589.77084350585949 15.500000000000002 0.0036731910659000282 1.5000000000000002 0.11814556270837785 0.17863279581069949 0.99902945756912243 0.070896491408348097 0.026597250252962116 650.50000000000011 0.0021857949905097489 0.016495833173394207 2.5000000000000004 0.00040666665881872183 2.5000000000000004 0.61075034737586986 0.72983124852180492 0.014618246816098692 0.050709027796983726 1.092373311519623
decision_type=2 2 2 2 2 2 2 2 2 2 2 2 2 2 2 2 2 2 2 2 2 2 2 2 2 2 2 2 2 2
left_child=1 4 26 9 5 6 7 13 11 14 28 -8 -13 17 22 25 -6 -1 19 -18 -21 -16 -2 -7 -11 29 -3 -15 -4 -10
right_child=3 2 10 -5 16 23 8 -9 15 24 -12 12 -14 27 21 -17 18 -19 -20 20 -22 -23 -24 -25 -26 -27 -28 -29 -30 -31
leaf_value=-0.046232649879472246 0.018709387869102177 -0.045290466020027981 -0.02805078782390218 0.042969003326188304 -0.012552089031643471 -0.13310277269242207 -0.0035388817142828241 -0.029915260791126448 0.0014065379069465539 0.034797994405991947 0.019200845841205905 -0.04192968828328443 -0.013347166281363843 -0.021294499885854669 0.030386751485878563 0.017903460467251352 0.0061208905383174916 -0.020398535635597317 0.0084758801273738058 -0.066176117807434501 -0.013402539233625655 0.0095421150667570689 0.0041428483784372609 0.010558163292375244 0.014352746923324633 -0.026932011363469274 0.007997401212135857 -0.0093446300004345739 -0.0024818790640351793 -0.0063860619327408335
leaf_weight=612.29461576318135 3520.3797707226986 6049.9652822990611 608.21974672737997 9968.8134711328821 1030.7018426381401 12.481780107831581 4052.7309896164807 3732.1003184332221 5330.2945448132232 3338.0535187639762 522.56869088450912 622.28120134799974 10594.599915835483 2359.0680245765834 3176.5041000243509 746.56430842279224 750.14471258799313 1901.5346308290609 9616.8161380397505 126.2216895991005 443.86419542005751 771.17949107394088 1986.8353698865976 4337.7181915886467 752.33952578459866 512.87433317478281 88.487761516706087 6154.2068793181679 907.66997438808903 14473.211552792316
leaf_count=157909 19959 2257993 37397 54578 65790 507 158865 665300 146550 13913 8588 66493 532645 246495 16317 19895 16453 180704 165358 5259 10551 7569 16543 52112 6036 28243 2205 489912 31547 601896
internal_value=-1.91895e-10 -0.00970123 -0.034558 0.0311848 -0.00668606 -0.00919103 -0.0108375 -0.0194108 -0.00735479 0.0225121 -0.00455246 -0.0119088 -0.0149328 -0.0158555 0.0188239 -0.00405338 0.00491849 -0.026691 0.00656491 -0.00735494 -0.025087 0.0263148 0.0134542 0.010146 0.0310375 -0.00486023 -0.0445223 -0.012656 -0.0127409 -0.00428861
internal_weight=99100.7 75586.6 8176.91 23514.1 67409.7 55442 51091.8 14759.2 36332.6 13545.3 2038.46 15269.6 11216.9 11027.1 9454.9 21062.9 11967.7 2513.83 10937 1320.23 570.086 3947.68 5507.22 4350.2 4090.39 20316.4 6138.45 8513.27 1515.89 19803.5
internal_count=6083582 5948667 2337730 134915 3610937 3347526 3294907 1740320 1554587 80337 77532 758003 599138 1075020 60388 796584 263411 338613 197621 32263 15810 23886 36502 52619 19949 776689 2260198 736407 68944 748446
is_linear=0
shrinkage=0.05


Tree=35
num_leaves=31
num_cat=0
split_feature=81 76 15 76 80 65 15 94 55 75 94 96 76 76 1 38 52 69 8 8 77 45 6 0 24 4 60 30 22 94
split_gain=11002.3 2484.25 1290.88 836.243 655.474 347.467 293.982 258.717 243.641 238.154 269.403 230.415 191.309 145.661 119.724 111.403 107.056 103.571 98.6031 94.3486 110.813 87.6224 87.2524 120.236 85.5834 84.4227 78.3946 78.0633 89.4084 111.781
threshold=0.13809524476528171 0.00073791161412373196 0.70833334326744091 0.40149191021919256 2.0487224858755339e-14 0.053233496844768531 0.36666667461395269 0.99903011322021495 0.029805811122059826 0.99876889586448681 1.0013056993484499 0.95361220836639415 0.84793198108673107 0.054615627974271781 0.23606811463832858 0.57142606377601635 0.13365660607814792 0.037754146382212646 2.5000000000000004 2.5000000000000004 1.0000000180025095e-35 1.3169001340866091 0.029138333164155487 0.036091944202780731 0.054811494424939163 1.5000000000000002 0.083378612995147719 1.5000000000000002 2939.5000000000005 151.16741180419925
decision_type=2 2 2 2 2 2 2 2 2 2 2 2 2 2 2 2 2 2 2 2 2 2 2 2 2 2 2 2 2 2
left_child=1 4 6 5 -1 8 14 -5 -3 10 16 -12 27 25 19 22 -10 21 -6 20 -2 -7 23 -8 -22 -13 -17 -9 -29 -30
right_child=2 3 -4 7 18 17 15 12 9 -11 11 13 -14 -15 -16 26 -18 -19 -20 -21 24 -23 -24 -25 -26 -27 -28 28 29 -31
leaf_value=-0.045513818159348234 0.020418136461839282 -0.0054016846506635277 0.042362584451569596 -0.016447867173331111 0.013630760293610537 -0.0029323133487169834 0.016328865326379571 0.0029368392342439625 -0.020758527724223989 0.0071079877154779508 -0.0027867354551605193 -0.037589430927817621 0.009960317696390851 -0.014273946413337646 0.020239759164132152 0.037113981339914143 -0.033959000171901906 -0.012284696449932417 -0.019239242085046297 -0.0038035236936843119 -0.010247163880340866 0.0096638409792523666 0.0050254176831791252 0.030795043239259242 0.012514290500385692 -0.016937912474011232 0.010527736803604618 -0.00070965220124903021 -0.02671854479645569 -0.001429412959089827
leaf_weight=5762.6463380756904 1769.7414330344109 7471.1112715980853 9509.2155049486682 1880.4539939468959 536.45468059834093 5470.6675693523721 2770.8286796024768 6507.7065840692376 5258.2488367765327 1107.6146798599511 4040.7905757999979 1154.8271222002222 6446.310954386543 12533.338110175479 2824.4895187864895 2346.4643564069411 2169.7064311257564 2128.4907559045823 397.00157098833006 1373.869011597475 738.79243325022981 1846.6855334430002 691.1102038861718 2982.4675655980827 936.45132876420394 865.96357166033704 314.43165380693972 3599.9936383324675 903.48306110710837 846.22038294747472
leaf_count=2465916 10982 339158 54578 153563 6101 259247 15227 169774 608980 18942 133676 121601 105314 697591 27071 9492 352189 170812 28474 25145 5027 75972 6737 14231 5755 58390 1339 89526 31619 21153
internal_value=3.97409e-10 -0.010236 0.0276496 -0.00721473 -0.0392177 -0.0110767 0.0192962 0.00121312 -0.013397 -0.0155987 -0.0165651 -0.0133498 0.00302754 -0.0162825 0.012066 0.0253654 -0.0246144 -0.00257717 -0.000348944 0.00727513 0.0116933 0.000246587 0.0218116 0.023828 0.00247635 -0.0287397 0.0339723 -0.000741478 -0.00521601 -0.0144878
internal_weight=97185.6 70927.7 26257.9 64231.6 6696.1 44047.4 16748.6 20184.2 34601.6 27130.5 26022.9 18594.9 18303.7 14554.1 7643.34 9105.3 7427.96 9445.84 933.456 4818.85 3444.99 7317.35 6444.41 5753.3 1675.24 2020.79 2660.9 11857.4 5349.7 1749.7
internal_count=6083582 5907998 175584 3407507 2500491 2836558 121006 570949 2330527 1991369 1972427 1011258 417386 877582 73980 47026 961169 506031 34575 46909 21764 335219 36195 29458 10782 179991 10831 312072 142298 52772
is_linear=0
shrinkage=0.05


Tree=36
num_leaves=31
num_cat=0
split_feature=81 76 15 75 76 65 80 16 8 57 75 98 94 94 96 75 89 76 8 22 88 0 4 38 38 96 1 22 21 65
split_gain=10265.5 2047.11 1024.53 948.201 714.425 360.765 231.167 210.494 206.383 192.107 175.404 175.392 172.242 170.756 163.406 146.385 143.38 134.85 129.5 118.245 124.078 102.841 101.933 96.81 96.3719 107.088 91.3864 91.3387 77.9129 77.0467
threshold=0.17914438992738727 0.0052249212749302396 0.70833334326744091 0.83576673269271862 0.7261514961719514 0.032867807894945152 3.9706208553980111e-05 0.062527246773242964 2.5000000000000004 9.5000000000000018 1.5885339975357058 0.0023812357103452091 4.9787364006042489 4.4711627960205087 0.95361220836639415 0.83576673269271862 35.500000000000007 0.10482333227992059 2.5000000000000004 115.50000000000001 0.0049196169711649427 0.003870694432407618 5.5000000000000009 1.6979475021362307 58.801012039184577 2.9880174398422246 0.23606811463832858 6916.0000000000009 0.036258889362216003 0.0089815566316247004
decision_type=2 2 2 2 2 2 2 2 2 2 2 2 2 2 2 2 2 2 2 2 2 2 2 2 2 2 2 2 2 2
left_child=1 3 8 11 5 6 7 19 10 22 17 -1 14 -11 -7 -16 -14 28 -5 -3 -21 29 23 -9 25 -18 -10 -15 -2 -6
right_child=2 4 -4 18 21 12 -8 9 26 13 -12 -13 16 27 15 -17 24 -19 -20 20 -22 -23 -24 -25 -26 -27 -28 -29 -30 -31
leaf_value=-0.045255526008094779 0.0098801427844091051 -0.016911901519796196 0.04172774561571637 0.013211087245673629 -0.010419762077767045 -0.0049792859165130156 0.0059387913270228911 -0.016716980200731618 -0.0035004375554356596 -0.026124072813848792 0.032419036350013482 -0.02513843091993935 0.0047827497036381549 -0.0099785230846946987 -0.020058561321725652 0.0063560294637682903 0.00013372749227161501 0.026987904366067184 -0.015226690561320417 -0.054524190624291494 -0.025157305847546847 0.00011701913829361313 0.010064658891777141 -0.0038010372058169583 0.00049063851909168993 -0.012497479240837345 0.015478434272909115 -0.02272411767318204 0.023228874628542711 0.012514912091798206
leaf_weight=5310.2565233946079 3495.5166492185162 1502.6941077952506 9077.6454532395801 952.12923637731001 394.70747498271521 7547.7641256286879 1468.5960649772314 2240.9612656781974 1084.2825985634699 3334.12619607948 3558.524494816782 1361.2069677795516 5545.1057836828404 6513.8460188892786 4212.876783765445 599.09046091791242 2485.2401478738757 3338.3196141070221 690.77307809365448 593.8176373221213 912.23807771649444 3763.6836883334909 851.72671512712259 4114.5946907742182 5076.3993037653854 5166.0779437108431 1528.299168448546 1792.436418288562 1590.5112040771055 5068.8332274680142
leaf_count=2435576 20581 127957 54578 9598 12054 420953 29845 205364 17241 395772 16211 187257 149972 308841 473402 13515 75768 17944 39066 78367 79702 89916 43227 154849 167156 245811 14897 101092 10777 86293
internal_value=3.43232e-10 -0.00944892 0.0285383 -0.0327718 -0.00637991 -0.00857854 -0.0132638 -0.0145541 0.0203351 -0.0125936 0.0231113 -0.0411509 -0.00501094 -0.0165657 -0.0095697 -0.0167699 -0.0019274 0.0191797 0.00125417 -0.0268352 -0.0367363 0.00647688 -0.0061784 -0.00835518 -0.00485083 -0.00839471 0.00760176 -0.0127289 0.0140546 0.010858
internal_weight=95172.3 71499.2 23673.1 8314.37 63184.8 53957.6 23325 21856.4 14595.5 18847.7 11982.9 6671.46 30632.6 11640.4 12359.7 4811.97 18272.8 8424.35 1642.9 3008.75 1506.06 9227.22 7207.28 6355.56 12727.7 7651.32 2612.58 8306.28 5086.03 5463.54
internal_count=6083582 5931353 152229 2671497 3259856 3071593 1525016 1495171 97651 1209145 65513 2622833 1546577 805705 907870 486917 638707 49302 48664 286026 158069 188263 403440 360213 488735 321579 32138 409933 31358 98347
is_linear=0
shrinkage=0.05


Tree=37
num_leaves=31
num_cat=0
split_feature=15 101 76 15 76 75 94 4 89 68 4 94 38 65 38 75 89 22 99 76 96 38 28 76 79 38 94 22 44 76
split_gain=9475.38 1803.99 869.114 683.776 625.98 687.976 473.868 236.516 209.857 167.251 146.53 139.86 134.201 158.544 134.069 125.966 119.447 109.236 109.051 106.296 106.045 120.075 98.4393 92.3576 98.2784 133.966 90.9415 87.8625 87.0243 82.1005
threshold=0.29166667163372045 18.500000000000004 0.14981138706207278 0.70833334326744091 0.54052275419235241 0.999870926141739 1.0013056993484499 3.5000000000000004 66.500000000000014 0.11958536878228189 1.5000000000000002 331.98503112792974 4.8543777465820321 0.0081013902090489882 0.57142606377601635 0.72983124852180492 16.500000000000004 369.50000000000006 0.059067955240607269 0.070896491408348097 0.50152441859245311 11.196631431579592 0.9995555877685548 0.36777678132057195 1.8294456005096438 10.380022048950197 53.427766799926765 143.50000000000003 0.037521751597523696 0.11632374301552774
decision_type=2 2 2 2 2 2 2 2 2 2 2 2 2 2 2 2 2 2 2 2 2 2 2 2 2 2 2 2 2 2
left_child=1 4 15 14 5 6 8 9 10 29 19 -4 27 17 22 -3 -15 -14 23 -1 -9 -22 -2 24 -11 -26 -18 -6 -12 -8
right_child=3 2 11 -5 12 -7 7 20 -10 18 28 -13 13 16 -16 -17 26 -19 -20 -21 21 -23 -24 -25 25 -27 -28 -29 -30 -31
leaf_value=-0.04575711551462891 0.017163233338448176 -0.043652994681739804 -0.013830495316278025 0.041092328059468337 0.0038219678431302261 0.011477664468040768 -0.022961665824635519 0.012623072892551419 -0.026345755737318333 -0.0024760305022733737 -0.0075257626047895224 0.013664965283374079 0.0025550882268007263 0.019604417605442109 0.030887446400415044 0.0088890555653706165 -0.00090674106332019324 -0.050286117004355237 0.0094317409233921207 -0.018953196893007125 -0.011888638050540778 0.0044549899986942171 0.03636384625517293 3.7892361893444081e-05 -0.020778803511611581 -0.0080676603965328803 0.0096509233738728759 -0.013440425373523216 -0.020583423134675066 -0.011592442933516666
leaf_weight=480.39219570119167 7266.509350556873 5183.2590772496187 1263.1799413524568 8667.4006977661993 1364.8476985285524 4105.5178971163114 2232.8766554073372 1720.9030858495971 4530.0926040385093 4359.3669724749634 6208.2285649949918 729.65157414716668 189.73990189749748 1754.6396285959054 3313.2368732409086 116.63920980109833 3491.8244032656075 201.85331177338958 1055.4152575043845 1607.840369090758 1833.0943092314992 2904.4786994956667 735.06896243657684 3663.3435768643394 2801.5328521772753 7969.2669272982748 4904.724757920485 1602.7226291209809 1606.1051834023674 5497.271137655247
leaf_count=137854 46356 2258009 63493 54578 51403 46849 174152 30003 790394 144178 454923 14311 4071 25664 16164 2478 73991 8438 34317 163035 78290 93277 4118 108012 220216 357749 83448 81582 184638 277591
internal_value=3.08929e-10 -0.00831232 -0.0319123 0.0305245 -0.00570801 -0.00817482 -0.00983943 -0.00662017 -0.0174316 -0.00863713 -0.0133537 -0.00376336 0.00389162 0.00653547 0.0224294 -0.0424967 0.00773975 -0.0246828 -0.00620722 -0.0251194 0.00199265 -0.0018688 0.0189271 -0.00708548 -0.0088102 -0.0113739 0.00526037 -0.00550109 -0.0102095 -0.0148765
internal_weight=93361 73378.8 7292.73 19982.2 66086.1 52575.7 48470.2 34037.5 14432.7 27579.1 9902.57 1992.83 13510.4 10542.8 11314.8 5299.9 10151.2 391.593 19848.9 2088.23 6458.48 4737.57 8001.58 18793.5 15130.2 10770.8 8396.55 2967.57 7814.33 7730.15
internal_count=6083582 5962366 2338291 121216 3624075 3295478 3248629 1517785 1730844 1316215 940450 77804 328597 195612 66638 2260487 183103 12509 864472 300889 201570 171567 50474 830155 722143 577965 157439 132985 639561 451743
is_linear=0
shrinkage=0.05


Tree=38
num_leaves=31
num_cat=0
split_feature=81 76 15 80 76 15 94 96 89 99 8 98 75 88 8 76 57 79 38 79 65 8 4 76 79 98 68 22 99 1
split_gain=8687.23 1763.01 939.26 851.423 619.759 317.447 352.204 349.181 240.442 188.518 186.147 167.931 163.457 139.265 113.542 111.872 108.407 106.839 104.407 102.128 89.7841 87.8511 83.1924 100.849 95.1589 82.622 80.0076 77.5321 136.52 74.5453
threshold=0.17914438992738727 0.0052249212749302396 0.70833334326744091 2.0487224858755339e-14 0.70560550689697277 1.0000000180025095e-35 3.9736869335174565 0.70017820596694957 24.500000000000004 0.0021857949905097489 2.5000000000000004 0.0063637264538556346 1.5885339975357058 0.081087339669466033 2.5000000000000004 0.10482333227992059 334.50000000000006 1.7252119779586794 0.99913999438285839 0.099854715168476119 0.020809781737625602 2.5000000000000004 8.5000000000000018 0.28404836356639868 2.5476746559143071 0.057091625407338149 0.037058057263493545 383.50000000000006 0.0021857949905097489 0.23606811463832858
decision_type=2 2 2 2 2 2 2 2 2 2 2 2 2 2 2 2 2 2 2 2 2 2 2 2 2 2 2 2 2 2
left_child=1 3 10 11 5 6 7 19 26 -10 12 -1 15 16 -5 -2 22 -9 -6 -3 27 -7 23 24 -11 -13 -8 -20 -29 -12
right_child=2 4 -4 14 18 21 8 17 9 13 29 25 -14 -15 -16 -17 -18 -19 20 -21 -22 -23 -24 -25 -26 -27 -28 28 -30 -31
leaf_value=-0.044289409342185559 0.013371514861328393 -0.016873932142821051 0.040424273824864486 0.012167551895672247 -0.01256922244871808 0.016232990680484765 -0.032168967918487744 -0.036793065593912516 -0.035702001063078546 -0.00043196485479464453 -0.0032436076425580679 -0.00031737274940359664 0.031106405020452761 0.0029015685990897051 -0.014546633878688981 0.025319361499668642 -0.01914357394316105 -0.02006112049012352 0.0084976542679837605 -0.0058431780808314267 0.0095202338579083376 -0.0035434137836417197 0.0085178006825482183 -0.0038441627299399387 -0.013968559216507465 -0.030735404565442923 0.0027472163901904752 -0.067147662484155407 -0.0064937412145177039 0.014128670526276142
leaf_weight=4773.8575980814639 4970.5341599148305 2810.272479174484 8270.8318482240065 932.68112378125079 710.01383869367419 1620.2659656088799 167.71215726586524 1113.6819034021755 607.19429833756294 1554.4312492597383 1048.471339763375 287.67342269461369 3409.4778645388433 2829.6920704349177 693.50423983548535 3233.8961440608837 2307.6925381480251 6656.7996182465868 606.29475429363083 8282.8778849513037 7375.7220324350637 859.41260660765693 764.63125994615257 7085.2131096924422 7878.718250222737 996.70697309111711 7545.6868573470274 109.64677676232532 602.80645462882239 1502.3411990862805
leaf_count=2437459 31358 262287 54578 9745 46070 11762 14099 235377 64474 50755 17241 26326 16211 93175 41062 17944 130792 783775 12660 453557 124991 16388 22564 225892 465614 156905 227786 4547 13291 14897
internal_value=-2.54861e-11 -0.00876883 0.027036 -0.0313487 -0.00594696 -0.00808 -0.00895274 -0.0143311 -0.00565239 -0.00821166 0.0192186 -0.0399715 0.0219048 -0.00746716 0.000775 0.0180809 -0.00896482 -0.0224592 0.00586628 -0.00863764 0.00737178 0.00937884 -0.00760572 -0.00835207 -0.0117379 -0.0239224 0.00198804 -0.00464449 -0.0158284 0.00698807
internal_weight=91608.7 69173.2 22435.6 7684.42 61488.8 52084.3 49604.6 18863.6 30741 23027.6 14164.7 6058.24 11613.9 22420.4 1626.19 8204.43 19590.7 7770.48 9404.48 11093.2 8694.47 2479.68 17283 16518.4 9433.15 1284.38 7713.4 1318.75 712.453 2550.81
internal_count=6083582 5931353 152229 2671497 3259856 3058297 3030147 1734996 1295151 1053266 97651 2620690 65513 988792 50807 49302 895617 1019152 201559 715844 155489 28150 764825 742261 516369 183231 241885 30498 17838 32138
is_linear=0
shrinkage=0.05


Tree=39
num_leaves=31
num_cat=0
split_feature=81 98 15 76 75 65 8 94 52 4 80 30 38 24 94 76 62 1 15 46 77 84 94 94 79 76 98 55 38 84
split_gain=7997.39 1856.34 1033.04 628.237 586.256 278.413 235.034 209.385 203.278 183.612 173.322 150.97 146.914 119.276 128.919 113.074 103.274 100.07 121.021 98.236 97.13 95.8442 195.136 95.3149 92.4718 91.4346 83.1108 79.745 72.4769 89.8041
threshold=0.13809524476528171 0.0063637264538556346 0.70833334326744091 0.40149191021919256 0.99979558587074291 0.053233496844768531 2.5000000000000004 0.997320055961609 0.13657936453819278 3.5000000000000004 1.0000001192092898 1.5000000000000002 1.9964082241058352 0.14788714051246646 1.2808381319046023 0.10482333227992059 0.09183200448751451 0.28452381491661077 1.0000000180025095e-35 1.7663996219635012 1.0000000180025095e-35 4306.0000000000009 193.01270294189456 0.56636747717857372 2.3168587684631352 0.80887517333030712 0.48970341682434088 0.32139426469802862 38.759859085083015 400.50000000000006
decision_type=2 2 2 2 2 2 2 2 2 2 2 2 2 2 2 2 2 2 2 2 2 2 2 2 2 2 2 2 2 2
left_child=1 4 6 5 16 8 10 -5 9 12 15 25 26 14 -10 -2 -1 -11 -19 27 -12 28 -23 -8 -14 -9 -3 -7 29 -13
right_child=2 3 -4 7 -6 19 23 11 13 17 20 21 24 -15 -16 -17 -18 18 -20 -21 -22 22 -24 -25 -26 -27 -28 -29 -30 -31
leaf_value=-0.030933929728136224 0.012602547656722838 -0.013791512368254683 0.039776548581047677 -0.016581647567158225 0.009341927623385881 -0.002677159933101515 -0.0024304630324878691 0.0027208172422834459 -0.032904471285939797 0.0014618140681252135 0.037745639727325538 0.0068576171601592018 -0.0040475011887380766 0.010287986080676839 -0.016343239202671483 0.02412798217083291 -0.046437208008113184 -0.014793381706738738 0.013348110106777028 0.016527811886826869 0.020696418879288442 -0.023596169801534689 0.003971300628954638 0.014540126079404775 -0.012697284472008805 0.012372992399842684 -0.026266945360090773 -0.033813506107863114 0.010140624931598443 -0.0097523799377020465
leaf_weight=1540.4726175298274 5438.22432604606 2790.6068875815836 7897.820173267588 1528.7787133568199 631.23842642351519 8129.0570235263149 1711.9464022357133 5965.8049919409677 1921.1744855338766 4316.9526599653182 1931.537091513339 1401.8920566063607 4432.4617019839934 288.70024874201044 3025.9050092607504 3496.239027325646 3548.8671368778741 2497.3020112905651 451.03746820683591 663.29423728512484 1472.0228810963454 1349.7205241342308 1224.1047148584621 1601.2836224021157 10200.855172696174 4167.6090639684699 2559.4438048486481 210.97735470952466 1605.9740335278912 1939.7126367324963
leaf_count=616793 35527 190282 54578 136558 10738 450049 32421 171618 345950 260225 9153 33172 155402 7862 225644 20039 1879907 181242 4615 27100 7784 43659 26731 16082 588199 72792 367791 26872 31560 53237
internal_value=1.14151e-10 -0.00887962 0.0250343 -0.00631237 -0.0361074 -0.00977212 0.0175952 0.00116993 -0.0119285 -0.0101947 0.0207704 0.00270709 -0.0126695 -0.0209516 -0.0227747 0.0171127 -0.0417446 -0.00338768 -0.0104883 -0.00199192 0.0303719 -0.00265968 -0.0104852 0.00577142 -0.0100772 0.00669051 -0.0197597 -0.00346481 0.00141128 -0.00278404
internal_weight=89941 66391.9 23549.1 60671.4 5720.58 41487.8 15651.3 19183.6 32484.4 27248.7 12338 17654.8 19983.4 5235.78 4947.08 8934.46 5089.34 7265.29 2948.34 9003.33 3403.56 7521.4 2573.83 3313.23 14633.3 10133.4 5350.05 8340.03 4947.58 3341.6
internal_count=6083582 5907998 175584 3400560 2507438 2831233 121006 569327 2327212 1747756 72503 432769 1301674 579456 571594 55566 2496700 446082 185857 504021 16937 188359 70390 48503 743601 244410 558073 476921 117969 86409
is_linear=0
shrinkage=0.05


end of trees

feature_importances:
intent_time_clicks=188
query_unique=100
graph_time_clicks_n1_uniform_sum=93
repeat_all_n5_share=70
graph_time_all_n1_uniform_sum=64
graph_cart_all_n50_six_hours_mean=60
graph_cart_all_n5_uniform_max=58
repeat_all_n50_last_position=55
query_repeat_share=44
hist_all_h12_share=43
repeat_all_n20_share=41
repeat_all_h72_decay=38
hist_carts_all=35
repeat_all_h1_decay=28
hist_all_h24_share=27
query_duration_hours=25
hist_all_h336=18
repeat_carts_h24_decay=18
repeat_all_n20_age_hours=17
hist_all_h72_share=16
query_gap_median=14
graph_cart_all_n20_six_hours_mean=14
hist_clicks_h72_share=13
hist_carts_h72=11
hist_clicks_h6_share=11
repeat_all_n50_age_hours=10
query_gap_mean=10
hist_carts_per_click_all=10
hist_carts_h168=8
hist_orders_per_click_all=8
query_events=6
hist_all_all=6
query_clicks_count=5
repeat_clicks_n1_count=5
intent_repeat_carts=4
hist_carts_per_click_h336=4
intent_time_carts=4
hist_orders_h24=3
hist_all_trend_h168_h336=2
hist_clicks_trend_h168_h336=2
repeat_all_n5_count=2
repeat_clicks_h24_decay=2
repeat_all_n50_count=1
hist_carts_h12_share=1
hist_orders_per_click_h336=1
hist_clicks_trend_h72_h168=1
query_gap_std=1
hist_orders_h72=1
hist_carts_per_click_h72=1
repeat_carts_n5_first_position=1

parameters:
[boosting: gbdt]
[objective: lambdarank]
[metric: custom]
[tree_learner: serial]
[device_type: cpu]
[data_sample_strategy: bagging]
[data: ]
[valid: ]
[num_iterations: 400]
[learning_rate: 0.05]
[num_leaves: 31]
[num_threads: 32]
[seed: 20260908]
[deterministic: 1]
[force_col_wise: 1]
[force_row_wise: 0]
[histogram_pool_size: -1]
[max_depth: -1]
[min_data_in_leaf: 100]
[min_sum_hessian_in_leaf: 0.001]
[bagging_fraction: 1]
[pos_bagging_fraction: 1]
[neg_bagging_fraction: 1]
[bagging_freq: 0]
[bagging_seed: 22695]
[bagging_by_query: 0]
[feature_fraction: 1]
[feature_fraction_bynode: 1]
[feature_fraction_seed: 1976]
[extra_trees: 0]
[extra_seed: 26140]
[early_stopping_round: 0]
[early_stopping_min_delta: 0]
[first_metric_only: 0]
[max_delta_step: 0]
[lambda_l1: 0]
[lambda_l2: 0]
[linear_lambda: 0]
[min_gain_to_split: 0]
[drop_rate: 0.1]
[max_drop: 50]
[skip_drop: 0.5]
[xgboost_dart_mode: 0]
[uniform_drop: 0]
[drop_seed: 5026]
[top_rate: 0.2]
[other_rate: 0.1]
[min_data_per_group: 100]
[max_cat_threshold: 32]
[cat_l2: 10]
[cat_smooth: 10]
[max_cat_to_onehot: 4]
[top_k: 20]
[monotone_constraints: ]
[monotone_constraints_method: basic]
[monotone_penalty: 0]
[feature_contri: ]
[forcedsplits_filename: ]
[refit_decay_rate: 0.9]
[cegb_tradeoff: 1]
[cegb_penalty_split: 0]
[cegb_penalty_feature_lazy: ]
[cegb_penalty_feature_coupled: ]
[path_smooth: 0]
[interaction_constraints: ]
[verbosity: -1]
[saved_feature_importance_type: 0]
[use_quantized_grad: 0]
[num_grad_quant_bins: 4]
[quant_train_renew_leaf: 0]
[stochastic_rounding: 1]
[linear_tree: 0]
[max_bin: 255]
[max_bin_by_feature: ]
[min_data_in_bin: 3]
[bin_construct_sample_cnt: 200000]
[data_random_seed: 5046]
[is_enable_sparse: 1]
[enable_bundle: 1]
[use_missing: 1]
[zero_as_missing: 0]
[feature_pre_filter: 0]
[pre_partition: 0]
[two_round: 0]
[header: 0]
[label_column: ]
[weight_column: ]
[group_column: ]
[ignore_column: ]
[categorical_feature: ]
[forcedbins_filename: ]
[precise_float_parser: 0]
[parser_config_file: ]
[objective_seed: 13587]
[num_class: 1]
[is_unbalance: 0]
[scale_pos_weight: 1]
[sigmoid: 1]
[boost_from_average: 1]
[reg_sqrt: 0]
[alpha: 0.9]
[fair_c: 1]
[poisson_max_delta_step: 0.7]
[tweedie_variance_power: 1.5]
[lambdarank_truncation_level: 25]
[lambdarank_norm: 1]
[label_gain: ]
[lambdarank_position_bias_regularization: 0]
[eval_at: ]
[multi_error_top_k: 1]
[auc_mu_weights: ]
[num_machines: 1]
[local_listen_port: 12400]
[time_out: 120]
[machine_list_filename: ]
[machines: ]
[gpu_platform_id: -1]
[gpu_device_id: -1]
[gpu_device_id_list: ]
[gpu_use_dp: 0]
[num_gpu: 1]

end of parameters

pandas_categorical:null
