tree
version=v4
num_class=1
num_tree_per_iteration=1
label_index=0
max_feature_idx=101
objective=lambdarank
feature_names=query_duration_hours query_repeat_share query_events query_carts_share query_unique repeat_orders_n50_count repeat_all_n50_age_hours query_orders_share repeat_all_n50_last_position repeat_all_n50_count repeat_carts_n50_count repeat_clicks_n50_count query_hour_sin query_weekday_cos query_hour_cos repeat_all_n5_share hist_clicks_h72_share hist_carts_h72 query_clicks_last_age_hours query_weekday_sin query_gap_max query_gap_median hist_all_h336 history_last_age_hours intent_repeat_carts hist_carts_h12_share hist_all_h336_share hist_orders_h6_share repeat_carts_h24_decay hist_clicks_h168_share query_clicks_count hist_carts_h6_share query_carts_last_age_hours query_gap_mean hist_orders_h24_share history_lifetime_hours hist_orders_trend_h72_h168 intent_repeat_orders graph_time_clicks_n1_uniform_sum hist_carts_h1_share hist_orders_per_click_h72 query_clicks_share query_carts_count hist_clicks_h6 hist_orders_per_click_h336 hist_clicks_trend_h72_h168 hist_all_trend_h168_h336 query_gap_std hist_orders_h336_share hist_all_trend_h24_h72 hist_orders_h72 hist_carts_h72_share hist_carts_per_click_h336 hist_carts_trend_h24_h72 hist_all_h168_share hist_carts_per_click_all hist_orders_per_click_h24 hist_carts_h168 intent_time_carts hist_clicks_trend_h24_h72 repeat_all_n20_age_hours hist_clicks_h336_share hist_carts_per_click_h72 hist_all_h1 hist_all_trend_h6_h24 hist_all_h12_share hist_clicks_trend_h6_h24 repeat_all_n1_count hist_all_h72_share hist_orders_per_click_all hist_orders_h168_share hist_clicks_trend_h168_h336 hist_all_trend_h1_h6 hist_clicks_h168 hist_orders_per_click_h12 repeat_all_h72_decay intent_time_clicks repeat_clicks_n1_count hist_carts_h336_share graph_cart_all_n5_uniform_max repeat_all_h1_decay repeat_all_n20_share repeat_all_n5_count hist_all_h1_share hist_all_all repeat_clicks_h24_decay hist_carts_trend_h72_h168 hist_all_trend_h72_h168 hist_all_h24_share hist_carts_all hist_orders_trend_h168_h336 hist_orders_trend_h24_h72 hist_carts_trend_h6_h24 hist_carts_trend_h168_h336 graph_time_all_n1_uniform_sum hist_orders_h12_share graph_cart_all_n50_six_hours_mean hist_carts_per_click_h168 graph_cart_all_n20_six_hours_mean hist_clicks_h6_share repeat_carts_n5_first_position hist_orders_h24
feature_infos=[0:71.031211853027344] [0:0.98863637447357178] [1:324] [0:1] [1:172] [0:2] [-1:69.667274475097656] [0:1] [-1:50] [0:26] [0:6] [0:20] [-1:1] [-0.1486658900976181:1] [-1:1] [0:1] [0:0.99789029359817505] [0:3103] [-1:53.02947998046875] [-0.82623690366744995:1] [0:71.029296875] [0:66.683616638183594] [0:62958] [0.0047272220253944397:521.9346923828125] [0:21] [0:0.91666668653488159] [0:0.99996048212051392] [0:0.69999998807907104] [0:5.8793725967407227] [0:0.99914604425430298] [0:295] [0:0.8571428656578064] [-1:68.768730163574219] [0:66.683616638183594] [0:0.92857140302658081] [0:479.99966430664062] [0:2.3153843879699707] [0:9] [0:6504.916015625] [0:0.66666668653488159] [0:5] [0:1] [0:97] [0:1975] [0:36] [0:2.3308641910552979] [0:1.9986640214920044] [0:35.513690948486328] [0:0.99676376581192017] [0:2.993288516998291] [0:377] [0:0.99230766296386719] [0:4] [0:2.9681057929992676] [0:0.9993320107460022] [0:4] [0:3] [0:3356] [0:1] [0:2.9932734966278076] [-1:68.041061401367188] [0:0.99996036291122437] [0:8] [0:275] [0:3.95979905128479] [0:0.95652174949645996] [0:3.9591836929321289] [0:1] [0:0.99831932783126831] [0:49] [0:0.98947370052337646] [0:1.998292088508606] [0:5.4545454978942871] [0:40671] [0:3] [0:22.196693420410156] [0:1] [0:1] [0:0.99898684024810791] [0:4528.05419921875] [0:11.124294281005859] [0:1] [0:5] [0:0.66666668653488159] [0:88912] [0:14.899674415588379] [0:2.3290441036224365] [0:2.3308744430541992] [0:0.99553573131561279] [0:9821] [0:1.9885057210922241] [0:2.9158878326416016] [0:3.9183673858642578] [0:1.9964028596878052] [0:6504.916015625] [0:0.92857140302658081] [0:4528.05419921875] [0:6] [0:4528.05419921875] [0:0.95098036527633667] [-1:5] [0:125]
tree_sizes=3601 3575 3599 3610 3596 3595 3590 3592 3600 3601 3596 3601 3586 3582 3594 3602 3598 3600 3599 3589 3578 3616 3608 3598 3574 3596 3593 3588 3597 3585 3601 3601 3600 3594 3607 3592 3615 3604 3614 3604 3609 3602 3622 3611 3618 3588 3610 3617 3611 3621 3615 3599 3616 3622 3610 3618 3612 3606 3618 3611 3615 3609 3608 3616 3636 3600 3560 3595 3607 3624 3628 3624 3650 3613 3606 3629 3583 3614 3622 3604 3599 3610 3578 3600 3634 3623 3583 3560 3622 3523 3632 3612 3589 3548 3611

Tree=0
num_leaves=31
num_cat=0
split_feature=75 38 81 76 28 80 81 28 76 1 3 24 5 96 3 55 5 77 3 76 3 69 28 29 58 97 96 84 79 28
split_gain=51276.2 1407.4 1258.84 722.875 718.785 228.091 156.901 236.225 151.168 139.809 116.936 109.676 102.73 101.608 108.489 73.038 71.8763 69.2262 69.6857 69.1776 57.6684 52.8178 51.0605 43.4008 42.7806 41.791 39.3447 39.388 45.8389 37.8286
threshold=0.95976471900939953 1.0017150044441225 0.095454547554254546 0.45163711905479437 0.40576072037220007 0.99903294444084179 0.20526316016912463 0.27726890146732336 0.98554348945617687 0.31643131375312811 0.018019480630755428 0.081563144922256484 1.0000000180025095e-35 0.0055618609767407188 0.030776515603065494 0.13184330612421039 1.0000000180025095e-35 1.0000000180025095e-35 0.10072463750839235 0.1297523304820061 0.062996033579111113 0.0023548305034637456 0.99917739629745495 0.35211811959743505 0.28223288059234625 0.11850096285343172 76.535903930664077 1428.5000000000002 38.487079620361335 0.72695183753967296
decision_type=2 2 2 2 2 2 2 2 2 2 2 2 2 2 2 2 2 2 2 2 2 2 2 2 2 2 2 2 2 2
left_child=1 11 4 9 5 10 7 17 21 15 -2 13 -9 -1 -15 23 -6 18 -4 -17 -21 -5 -14 -3 -16 -23 27 28 -11 -8
right_child=2 3 6 8 16 -7 29 12 -10 26 -12 -13 22 14 24 19 -18 -19 -20 20 -22 25 -24 -25 -26 -27 -28 -29 -30 -31
leaf_value=-0.097783912016510377 0.022299656048455668 -0.076483673513813633 0.055126076681868634 -0.083479293075372871 0.090376672927926185 0.033215782428609494 0.090377620057883967 0.094576409085158103 0.050538250716889638 -0.071720351686594769 -0.053282158605665236 0.0024999513557222835 -0.041503676217990608 -0.070277352089900408 -0.090967580682894664 -0.0519130099556857 -0.019335757939524158 0.070480949212716498 0.0065798720932933943 0.0077260098725762897 -0.071660280801802603 -0.01775697694155411 0.081097837309198506 -0.047319322187963996 -0.057396365084610983 0.020064208318279039 -0.020765028484205209 -0.090626282106652939 0.0019536060192690465 0.098209829025200868
leaf_weight=3163.857799585443 64.515403636498377 199.74688832688844 201.25608591781929 22.655611102090916 299.49799573322525 178.49693737667985 2552.7880311604822 1101.3839494439308 149.51873341167811 358.83616381837055 247.47200174158206 31.504192344189505 21.067454948555678 876.19653623110207 3308.5904353708029 154.53777472933871 15.711565950419752 310.57688117586076 116.83616046659881 138.2862704686122 27.410881239484297 208.13510919123655 14.227801396977155 353.01098232885124 97.699312874116004 112.52609471022151 30.75230461335741 349.35833794798236 22.432705781655386 3892.2902271256316
leaf_count=2451241 25546 370061 34730 56977 4467 5978 120054 8911 72168 108986 31052 5944 581 1162869 451307 134288 383 8914 10544 91134 3615 164003 95 567171 13421 36162 7865 117386 3266 14463
internal_value=-2.63569e-09 -0.0803867 0.0856376 -0.0445018 0.0259969 -0.0118623 0.0914902 0.0782834 0.00857697 -0.0605074 -0.0376527 -0.0905948 0.0918856 -0.0909887 -0.0859685 -0.0468503 0.0849081 0.0536896 0.0372949 -0.0278495 -0.00540667 -0.00969768 0.00791798 -0.0578583 -0.0900047 -0.00448481 -0.0761666 -0.0784984 -0.0673856 0.0951076
internal_weight=18621.2 9605.06 9016.12 2127.21 805.694 490.484 8210.43 1765.35 492.836 1634.37 311.987 7477.85 1136.68 7446.34 4282.49 872.993 315.21 628.669 318.092 320.235 165.697 343.317 35.2953 552.758 3406.29 320.661 761.38 730.627 381.269 6445.08
internal_count=6083582 5817864 265718 1733082 67426 62576 198292 63775 329310 1403772 56598 4084782 9587 4078838 1627597 1166269 4850 54188 45274 229037 94749 257142 676 937232 464728 200165 237503 229638 112252 134517
is_linear=0
shrinkage=0.05


Tree=1
num_leaves=31
num_cat=0
split_feature=75 38 15 28 28 77 79 3 76 15 5 5 81 84 42 69 3 28 89 37 98 89 37 96 28 58 37 1 1 28
split_gain=54312.6 2185.39 1723.11 1345.65 1321.12 633.313 467.064 431.829 425.752 302.917 387.648 294.019 281.635 247.556 237.807 285.821 219.818 171.983 169.556 164.794 159.637 158.71 170.654 158.084 139.516 138.86 129.619 118.292 111.564 111.378
threshold=0.99708747863769542 1.0017150044441225 0.36666667461395269 0.77553281188011181 1.0000000180025095e-35 1.0000000180025095e-35 0.052509827539324767 0.020620748400688175 0.7261514961719514 0.63333335518836986 1.0000000180025095e-35 1.0000000180025095e-35 0.069047622382640853 1343.5000000000002 3.5000000000000004 0.0050772160757333049 0.077254641801118865 0.1301790848374367 6.5000000000000009 0.0095313801430165785 206.92740631103518 12.500000000000002 0.00063271174440160405 11.108557224273683 0.99984624981880199 0.16359419375658038 0.0089844400063157099 0.28730159997940069 0.054804805666208274 0.99995371699333202
decision_type=2 2 2 2 2 2 2 2 2 2 2 2 2 2 2 2 2 2 2 2 2 2 2 2 2 2 2 2 2 2
left_child=1 4 3 5 6 7 12 26 13 10 19 14 -1 23 -5 18 -8 -9 -16 21 27 -4 -23 -3 -13 -18 -2 -15 -10 -12
right_child=2 8 9 11 -6 -7 16 17 28 -11 29 24 -14 20 15 -17 25 -19 -20 -21 -22 22 -24 -25 -26 -27 -28 -29 -30 -31
leaf_value=-0.084572058332459732 -0.011982058851162707 -0.031513616628978613 0.062715357605130556 0.08251844311636311 0.067131296279900096 0.052828204890979516 -0.048867758830677226 -0.034182996148285197 0.025323465919837054 0.089362236915530316 -0.042971398874291293 -0.059388277452613381 -0.0039624739460088756 -0.041783387088284864 0.028759626687170914 0.063779892653038489 -0.07294924074448117 0.035835021289104672 -0.073517192779962243 0.07791716765026846 0.030960219774220733 -0.074671853685599462 0.047049658084581503 0.0048859869006335271 0.055438269014349333 -0.045742417380638972 0.03785375449068603 -0.06746992988400291 -0.020258418499230896 0.049785804671590168
leaf_weight=6172.4841813833336 168.0558197722421 1710.6790679279948 457.49347714916803 1719.2614079345949 169.17938223015517 851.131753499154 1759.0192760653445 724.05798973247875 369.37504416925367 5074.9311465582578 90.821230787783861 65.819702760316432 110.29203025705647 1045.2325712363236 139.20759440865368 1277.6645309058949 3954.1278208215954 99.788157391827554 57.162362228147686 3921.8477119472809 58.712577152065933 48.195054630748928 71.536174767417833 361.28336782194674 44.229271075222641 532.09912148409057 583.45178495068103 784.7085020665545 210.87536762631498 50.278349209576845
leaf_count=2668538 29548 674063 9094 4792 1024 21735 1089991 30382 114737 58132 625 900 11251 678200 940 6169 307622 1358 713 26019 11526 2509 5411 84069 171 35767 33911 146617 27654 114
internal_value=4.11773e-10 -0.061011 0.0680943 0.0463479 -0.0716574 0.0180761 -0.0735317 -0.000699763 -0.0312413 0.08092 0.0716867 0.0671151 -0.083157 -0.0371014 0.0698843 0.0551483 -0.0638485 -0.0257021 -0.00101267 0.074246 -0.0501944 0.0493028 -0.00194654 -0.0251667 -0.0132389 -0.0697223 0.0267092 -0.0527982 0.00875804 -0.009919
internal_weight=32683 17238.1 15444.9 5729.83 12697.2 2426.49 12528 1575.35 4540.87 9715.1 4640.17 3303.34 6282.78 3960.62 3193.3 1474.03 6245.25 823.846 196.37 4499.07 1888.65 577.225 119.731 2071.96 110.049 4486.23 751.508 1829.94 580.25 141.1
internal_count=6083582 5851059 232523 130619 4114193 116934 4113169 95199 1736866 101904 43772 13685 2679789 1594475 12614 7822 1433380 31740 1653 43033 836343 17014 7920 758132 1071 343389 63459 824817 142391 739
is_linear=0
shrinkage=0.05


Tree=2
num_leaves=31
num_cat=0
split_feature=75 38 81 28 28 76 15 79 28 77 77 3 84 81 62 55 76 42 94 3 42 3 70 79 1 28 1 69 37 93
split_gain=46182.9 1792.81 1554.78 981.176 613.714 444.509 394.868 393.444 310.493 289.113 259.513 240.241 201.355 182.141 153.701 134.873 132.146 122.978 118.526 135.711 103.573 97.3063 89.222 85.0133 83.9605 82.9506 77.1853 77.0885 59.8332 59.7665
threshold=0.99378675222396862 1.0017150044441225 0.14642857760190967 0.1301790848374367 1.0000000180025095e-35 0.45163711905479437 0.55000001192092907 1.0000000180025095e-35 0.90690883994102489 1.0000000180025095e-35 1.0000000180025095e-35 0.016261236742138866 1255.5000000000002 0.087121214717626586 0.14532813429832461 0.14120314270257953 0.99999400973320018 6.5000000000000009 11.423341274261476 0.080540537834167494 2.5000000000000004 0.10990338027477266 0.2599212527275086 28.279684066772464 0.29289318621158605 0.1599434241652489 0.16904762387275699 0.0045851848553866157 0.019321600906550888 1.5535441637039187
decision_type=2 2 2 2 2 2 2 2 2 2 2 2 2 2 2 2 2 2 2 2 2 2 2 2 2 2 2 2 2 2
left_child=1 4 3 10 7 12 8 13 9 21 11 -2 15 28 24 -3 27 -5 19 -16 -10 -4 -14 -13 -9 -23 -24 -7 -1 -17
right_child=2 5 6 17 -6 16 -8 14 20 -11 -12 23 22 -15 18 29 -18 -19 -20 -21 -22 25 26 -25 -26 -27 -28 -29 -30 -31
leaf_value=-0.080584996528839811 0.018691097225611571 -0.039899637149062951 0.039394242486709558 0.065428572651247019 0.05412980083475101 -0.063491585419532245 0.082565670111423531 -0.057364057733599962 0.079498852879980139 0.066619568543724667 0.038536201656365988 -0.043221597217533332 -0.076561938781895836 0.01832319525780042 -0.033571068099254829 -0.016131958911910337 0.027829333884366508 0.037834438688547682 -0.019127406390566929 -0.063036936371112143 0.062227434780729229 -0.012035518145867077 -0.033550191853254134 0.016523290209053822 -0.07243953502522131 0.049317284895054603 -0.05895747901340307 -0.0076830621097884987 -0.039799382687303764 0.034746389780606748
leaf_weight=5463.6752502273303 307.77986964862794 1015.8536340970313 785.37841061875224 1143.8991261408664 101.20927132619545 68.091112696100026 5632.6707351149525 1502.5907277553342 2285.4460602370091 1148.5050523472019 277.99151844158769 501.99457024713047 318.07499080279376 47.588465972803533 551.5539404344745 667.43652336485684 273.92866862821393 624.04413430287968 271.63310382585041 1340.4509177573491 1399.5851950065698 199.85289307509083 574.46218263544142 67.555072523187846 2396.7610491903033 76.059050961397588 623.21064774179831 678.00047449453268 91.427150167291984 63.185002970974892
leaf_count=2642634 37577 506033 50617 4790 658 76888 61997 775327 5768 29767 8184 30116 218399 6280 263578 142031 68955 4890 12459 95984 5322 6054 411298 2269 296313 749 119351 184012 7284 7998
internal_value=-4.34131e-11 -0.0583823 0.0648398 0.0322717 -0.0684636 -0.0306805 0.0730988 -0.0695272 0.0640529 0.0492344 -0.00356204 -0.0169013 -0.0396884 -0.0790793 -0.0607002 -0.0281159 -0.00187161 0.0556885 -0.0500129 -0.0544471 0.0729391 0.0304206 -0.0530225 -0.0361352 -0.0666303 0.00487725 -0.0467709 -0.0127764 -0.0799137 -0.0117319
internal_weight=30499.9 16049.1 14450.8 2923.26 11766.9 4282.24 11527.5 11665.7 5894.83 2209.8 1155.32 877.33 3262.22 5602.69 6062.99 1746.48 1020.02 1767.94 2163.64 1892 3685.03 1061.29 1515.75 569.55 3899.35 275.912 1197.67 746.092 5555.1 730.622
internal_count=6083582 5835482 248100 87826 4100517 1734965 160274 4099859 98277 87187 78146 69962 1405110 2656198 1443661 656062 329855 9680 372021 359562 11090 57420 749048 32385 1071640 6803 530649 260900 2649918 150029
is_linear=0
shrinkage=0.05


Tree=3
num_leaves=31
num_cat=0
split_feature=75 38 81 28 28 76 79 77 81 42 52 81 100 76 62 42 83 24 1 98 40 69 80 3 84 5 1 97 96 94
split_gain=39501 1494.82 1447.64 887.514 560.03 371.812 305.676 258.553 229.664 194.952 156.881 143.415 136.447 134.034 128.838 107.144 106.559 85.9597 85.4629 85.3262 84.726 77.6662 76.671 75.1738 72.9428 66.542 63.6309 62.9394 62.6049 60.6646
threshold=0.99378675222396862 1.0017150044441225 0.17156863212585452 0.36573067307472235 1.0000000180025095e-35 0.3891237229108811 1.0000000180025095e-35 1.0000000180025095e-35 0.5634920895099641 1.5000000000000002 0.13516663014888766 0.069047622382640853 1.0000000180025095e-35 0.98554348945617687 0.14532813429832461 2.5000000000000004 0.0082474239170551317 0.10990089550614358 0.30860807001590734 64.557643890380874 0.0037896740250289444 0.001781737548299134 0.99903294444084179 0.080540537834167494 1175.5000000000002 1.0000000180025095e-35 0.29459981620311743 0.10299716144800188 206.56623840332034 2.6934126615524296
decision_type=2 2 2 2 2 2 2 2 2 2 2 2 2 2 2 2 2 2 2 2 2 2 2 2 2 2 2 2 2 2
left_child=1 4 3 7 6 10 11 9 12 17 16 -1 22 21 26 -5 18 -2 -3 23 -17 -7 -4 -16 -12 -24 -8 -23 -26 -25
right_child=2 5 8 15 -6 13 14 -9 -10 -11 24 -13 -14 -15 19 20 -18 -19 -20 -21 -22 27 25 29 28 -27 -28 -29 -30 -31
leaf_value=-0.075744543403613029 -0.014846531762734847 -0.040895983058947344 0.039641492075929791 0.074137461093532947 0.04994495040518588 -0.076594371521523555 -0.055528445661314853 0.037848558549249789 0.078800771442675249 -0.038398510108100109 -0.014148928151439658 0.0037132501007663184 0.071820453314047225 0.024856065151844384 -0.034432617173291408 0.029116957886434553 -0.0019101622211812521 0.025447294704234891 -0.062675037709052223 0.0037401765604874733 0.053415472115029811 -0.023566951170077875 0.061665056605812209 -0.062338695959345991 -0.0474356120127939 0.010276609667166058 -0.069064455051278811 0.0041150128045544651 0.049252674385867903 -0.039111303308257572
leaf_weight=5218.9348541266518 241.65263402508572 1009.775741053978 563.04481761506759 454.31503083882853 104.78299607522786 48.792817894835025 1414.8895958414068 343.32804347563069 4680.7533151470125 416.84408863657154 690.94569400860928 57.413237437140197 2714.8339365497231 271.87119913031347 547.55543814168777 486.24383633490652 119.69401158974506 292.65757180016953 813.19347565429052 76.093959671445191 1368.2850891143316 479.0891819188837 2241.9857991407625 1061.8248960722703 322.89774651569314 64.815985486842692 2247.0852165108081 359.35940287029371 17.657230362296104 382.32653467589989
leaf_count=2648284 39292 850179 40421 1479 658 68193 775935 10120 59143 24763 149947 7914 7188 72245 260528 3689 46894 14445 174368 6906 6825 205223 40133 83628 100674 602 295705 64123 3119 20959
internal_value=-2.6476e-10 -0.0555517 0.061061 0.0337952 -0.0651013 -0.0298809 -0.0661966 0.000655026 0.0706318 -0.0127703 -0.0392428 -0.0748799 0.063785 -0.00585923 -0.0582005 0.0523757 -0.0476106 0.00722359 -0.0506112 -0.0482228 0.0470446 -0.0152711 0.0561836 -0.0502081 -0.0234836 0.0602212 -0.0638345 -0.0117025 -0.0424225 -0.0561894
internal_weight=29112.9 15244.2 13868.8 3603.33 11110.9 4133.28 11006.1 1294.48 10265.4 951.154 2974.16 5276.35 5584.68 1159.11 5729.78 2308.84 1942.66 534.31 1822.97 2067.8 1854.53 887.241 2869.85 1991.71 1031.5 2306.8 3661.97 838.449 340.555 1444.15
internal_count=6083582 5835482 248100 100613 4100517 1734965 4099859 88620 147487 78500 1325181 2656198 88344 409784 1443661 11993 1071441 53737 1024547 372021 10514 337539 81156 365115 253740 40735 1071640 269346 103793 104587
is_linear=0
shrinkage=0.05


Tree=4
num_leaves=31
num_cat=0
split_feature=75 38 81 28 37 76 79 81 28 80 3 1 28 62 77 3 42 44 76 96 84 22 42 1 79 7 32 15 3 1
split_gain=34523 1248.29 1222.8 727.501 498.417 317.257 287.476 272.798 208.696 190.008 146.861 137.774 134.308 106.713 103.469 101.743 96.325 94.7893 79.8684 76.4134 84.4464 74.7856 69.629 69.0538 64.6405 59.248 59.6283 54.6685 51.9831 50.6699
threshold=0.99378675222396862 1.0017150044441225 0.15192308276891711 0.27726890146732336 0.015121431089937689 0.66986098885536205 1.0000000180025095e-35 0.43650794029235845 0.72695183753967296 0.99903294444084179 0.016261236742138866 0.31643131375312811 1.0000000180025095e-35 0.14532813429832461 1.0000000180025095e-35 1.0000000180025095e-35 6.5000000000000009 0.024404348805546764 0.65350866317749035 76.535903930664077 1428.5000000000002 1260.5000000000002 1.5000000000000002 0.085144929587841048 25.766667366027836 0.31414473056793218 0.0022045833757147197 1.0000000180025095e-35 0.065591398626565947 0.29459981620311743
decision_type=2 2 2 2 2 2 2 2 2 2 2 2 2 2 2 2 2 2 2 2 2 2 2 2 2 2 2 2 2 2
left_child=1 4 3 9 6 11 -1 8 14 10 -2 17 15 29 28 -6 -5 -3 25 20 -13 -19 -10 -7 -12 26 -15 -11 -4 -8
right_child=2 5 7 16 12 23 13 -9 22 27 24 19 -14 18 -16 -17 -18 21 -20 -21 -22 -23 -24 -25 -26 -27 -28 -29 -30 -31
leaf_value=-0.072305358827912489 0.014808514628019446 -0.038993989277853205 0.035048335972255922 0.05683913124034147 0.046081453519494886 0.020168675423914147 -0.05338209205696566 0.072990555108189595 0.076454641977229357 -0.013490270562864793 -0.041652538365479663 -0.038651676986371848 0.056961483142286939 -0.043020907382263357 0.053798526342396139 -0.045769017598756262 0.033463847215104772 -0.0077704331437492627 0.01534717870444835 -0.0016920067828797279 -0.06400784248594886 -0.034256158293663033 0.059316617838654967 -0.016896976468916525 0.014416570820824072 -0.00030542847973062768 -0.06146144390376327 0.032828156431121629 0.0042118613891954796 -0.065732467280651158
leaf_weight=4938.3674865837675 223.14733699499629 852.66085767536424 461.61506437440403 1239.5271916328929 41.911446633283049 340.91070334240794 1352.4942469884409 5986.1522302478552 798.91025562025607 78.339229793520644 405.5722082008142 761.7325169936521 91.400664770510048 1210.0774093114305 675.68533995957114 107.43277528672479 683.88152454304509 758.82183038280345 50.854096284834668 88.820717030670494 577.16260931908619 410.81379297096282 2295.7266870667227 199.00909710675478 58.864822676638141 62.712369443383068 687.39849622128531 341.00484831165522 194.15224727755412 2151.7047999805072
leaf_count=2645766 34807 858777 36557 5534 5691 133666 774752 88369 2071 4632 27203 122559 503 303656 16521 7865 5466 252032 8027 10732 130131 194689 7749 32379 2202 2729 56836 10430 6559 294692
internal_value=9.12082e-10 -0.0530003 0.057896 0.0299428 -0.0619048 -0.0291334 -0.0635428 0.0660314 0.0566194 -0.00235088 -0.0185286 -0.034711 0.00922373 -0.0556969 0.0400671 -0.0199924 0.0485279 -0.0263156 -0.0465161 -0.0466027 -0.0495821 -0.0170731 0.063741 0.00650664 -0.0345461 -0.048121 -0.0497014 0.0241752 0.0259186 -0.0609657
internal_weight=28126.9 14684.3 13442.6 3030.34 10694.4 3989.93 10453.6 10412.2 4426.09 1106.93 687.584 3450.01 240.745 5515.24 1331.45 149.344 1923.41 2022.3 2011.04 1427.72 1338.9 1169.64 3094.64 539.92 464.437 1960.19 1897.48 419.344 655.767 3504.2
internal_count=6083582 5835482 248100 90274 4100517 1734965 4086458 157826 69457 79274 64212 1568920 14059 1440692 59637 13556 11000 1305498 371248 263422 252690 446721 9820 166045 29405 363221 360492 15062 43116 1069444
is_linear=0
shrinkage=0.05


Tree=5
num_leaves=31
num_cat=0
split_feature=75 81 38 28 81 76 79 28 42 77 52 76 62 42 83 5 5 75 90 3 94 97 94 3 44 77 1 84 24 28
split_gain=30156.4 1377.58 1166 746.509 362.005 294.404 250.506 189.137 132.038 119.179 115.94 111.944 98.7604 93.6262 87.6411 86.768 81.1522 79.5514 74.9791 74.1006 65.4913 60.8309 58.6743 63.8667 57.1415 54.7314 53.4291 52.3692 51.8934 51.7963
threshold=0.95498135685920726 0.11437908560037614 1.0017150044441225 1.0000000180025095e-35 0.37980769574642187 0.3891237229108811 1.0000000180025095e-35 0.77553281188011181 3.5000000000000004 1.0000000180025095e-35 0.13516663014888766 0.98554348945617687 0.14532813429832461 1.5000000000000002 0.0082474239170551317 1.0000000180025095e-35 1.0000000180025095e-35 0.51473578810691845 0.66537967324256908 0.10990338027477266 0.70432153344154369 0.10299716144800188 11.423341274261476 0.091372914612293257 0.0053900284692645082 1.0000000180025095e-35 0.30860807001590734 1175.5000000000002 0.12992049753665927 0.99984624981880199
decision_type=2 2 2 2 2 2 2 2 2 2 2 2 2 2 2 2 2 2 2 2 2 2 2 2 2 2 2 2 2 2
left_child=2 3 6 8 7 10 17 9 18 19 14 21 -8 -9 26 -5 24 -1 -2 -3 -6 -7 23 -14 -15 -10 -4 -12 -20 -18
right_child=1 4 5 15 20 11 12 13 25 -11 27 -13 22 16 -16 -17 29 -19 28 -21 -22 -23 -24 -25 -26 -27 -28 -29 -30 -31
leaf_value=-0.069742548858428344 -0.027988077254564592 0.032452702578442259 -0.039223779530199294 0.044036549053105528 0.070163154270296124 -0.026421878148791836 -0.05829945664238724 0.073567150523796407 -0.053978447887879116 0.050917627559655898 -0.015066846387411646 0.023012314458844826 -0.033285079816223341 0.03442010714905424 -0.0016150041062027954 -0.052951686031779743 -0.038500362071299116 -0.015711736487929333 -0.0089975264150159925 -0.00064115581443333221 0.052743073107898719 0.0010324171882773734 -0.021413560564142224 -0.054028553189082097 0.057413115005848198 0.0092707851257444254 -0.057032712998881518 -0.039766532152082409 0.024139105109030921 0.038970227831988474
leaf_weight=4626.9855318311602 215.87664902443066 574.06851573463064 949.60859584261198 1333.0052201701328 5831.9456457686611 484.76279085455462 3381.9831844485598 684.87187026673928 232.65350257849786 692.81739580142312 668.27865394577384 252.68842964759097 542.24347248207778 310.71963839279488 112.79438293701969 23.466060412814841 37.985607364680618 69.142791459569708 236.19928545271978 239.80644389754161 594.54330480331555 345.6112201672513 246.91590038244613 1175.4409326277673 2072.5269788550213 40.098073208937421 756.79776414786465 316.11438073043246 236.40235599176958 49.943506768904626
leaf_count=2632744 27002 48078 849601 8076 82727 267849 1068834 1786 16668 18324 149860 72165 265149 2014 46825 629 672 11030 24105 9979 9751 69123 12439 93973 6527 867 173853 103730 9054 148
internal_value=-1.16206e-09 0.0535293 -0.0515216 0.0184714 0.0608565 -0.028268 -0.060521 0.0502507 -0.015238 0.0356761 -0.036821 -0.00612761 -0.0531201 0.0572086 -0.0443006 0.0423587 0.052675 -0.068947 -0.00357403 0.0227017 0.0685515 -0.0149951 -0.0442041 -0.0474802 0.0544154 -0.04468 -0.0471221 -0.0229986 0.00757791 0.00550273
internal_weight=27336.3 13406.9 13929.4 2317.7 11089.2 3886.66 10042.7 4662.74 961.23 1506.69 2803.59 1083.06 5346.58 3156.05 1819.2 1356.47 2471.18 4696.13 688.478 813.875 6426.49 830.374 1964.6 1717.68 2383.25 272.752 1706.41 984.393 472.602 87.9291
internal_count=6083582 266407 5817175 86401 180006 1733006 4084169 87528 77696 76381 1323869 409137 1440395 11147 1070279 8705 9361 2643774 60161 58057 92478 336972 371561 359122 8541 17535 1023454 253590 33159 820
is_linear=0
shrinkage=0.05


Tree=6
num_leaves=31
num_cat=0
split_feature=75 81 38 28 76 79 75 15 42 100 84 62 42 98 96 28 77 28 42 3 90 93 1 90 76 3 32 8 1 76
split_gain=27019.5 1251.58 1015.7 773.334 256.337 229.798 222.444 209.16 138.896 114.248 105.823 89.6644 86.3412 85.3894 82.8633 78.5255 74.1787 83.367 59.5781 58.7429 58.0216 57.2077 55.549 55.4924 55.2368 53.748 50.7646 50.4316 47.0754 45.9588
threshold=0.95498135685920726 0.17156863212585452 1.0017150044441225 0.75724896788597118 0.66986098885536205 1.0000000180025095e-35 0.99993136525154125 0.63333335518836986 1.5000000000000002 1.0000000180025095e-35 1343.5000000000002 0.1030595786869526 6.5000000000000009 86.063041687011733 11.108557224273683 1.0000000180025095e-35 1.0000000180025095e-35 0.93015676736831676 1.5000000000000002 0.10990338027477266 0.39753086864948278 1.6824715733528139 0.085144929587841048 0.78456193208694469 0.6363399624824525 1.0000000180025095e-35 0.0022045833757147197 21.500000000000004 0.28730159997940069 0.097735777497291579
decision_type=2 2 2 2 2 2 2 2 2 2 2 2 2 2 2 2 2 2 2 2 2 2 2 2 2 2 2 2 2 2
left_child=2 3 5 6 10 15 8 9 20 16 14 -7 -5 23 21 -1 17 19 -11 -3 -2 -4 -6 -12 26 -18 -13 -8 -25 -16
right_child=1 7 4 12 22 11 27 -9 -10 18 13 24 -14 -15 29 -17 25 -19 -20 -21 -22 -23 -24 28 -26 -27 -28 -29 -30 -31
leaf_value=-0.066743429745385704 -0.035850286699983719 0.035849531329915536 -0.031219166836578566 0.051594307953209198 0.01790396179994751 -0.057700372970635239 0.023693365227892494 0.06919319519598903 -0.042032852592517843 0.070396242788316604 -0.066509727223099377 -0.040625876588574084 0.030032875347314209 -0.0042442207695333701 -0.033563944199277461 0.051019792516921618 0.063771213342964914 0.052100395885916355 0.055229204093844443 0.0027021203856172488 0.0096339510827009103 0.022893346204918695 -0.016179601142153662 -0.032538354176007325 -0.0010817813716847773 0.039856011161788767 -0.055182403152074094 -0.03576992678752404 -0.053503187020264222 0.010852887456111744
leaf_weight=4485.5005832461175 89.546188324224204 670.48844115575776 1429.6941996782552 1466.016165995039 322.68926346930675 2537.9127879324369 562.9614974980941 4129.6139656445011 383.48724865086842 1120.6699767755345 270.10854255990125 1692.0856443501543 679.51490908139385 133.03765655518509 78.649698645574972 14.200513421557842 808.64327120734379 761.65440745279193 1533.4330125828274 166.93638946302235 323.10543540155049 50.570278082042933 189.89065968617797 646.26340919244103 70.996007695095614 331.14853531890549 927.10939525288995 38.068205616087653 457.1873059051577 224.41432276647538
leaf_count=2643534 20578 46287 652373 6458 133613 887882 22225 58133 26574 2920 225073 454073 5233 48064 26669 240 26713 3164 4542 5111 33295 12030 32141 447546 14452 2624 83988 2550 99598 55899
internal_value=-5.00693e-10 0.0512859 -0.0495233 0.0259142 -0.0276118 -0.0580882 -0.00303455 0.060725 -0.020369 0.0542406 -0.0327361 -0.0509588 0.0447655 -0.0424923 -0.0244937 -0.0663718 0.0470766 0.0401295 0.0616333 0.0292418 -0.000236215 -0.0293705 0.00527735 -0.0461969 -0.0445988 0.056823 -0.0457784 0.0199271 -0.0412246 -0.000673952
internal_weight=26595.6 13065.3 13530.3 3542.7 3802.51 9727.8 1397.17 9522.59 796.139 5392.97 3289.93 5228.1 2145.53 1506.6 1783.33 4499.7 2738.87 1599.08 2654.1 837.425 412.652 1480.26 512.58 1373.56 2690.19 1139.79 2619.2 601.03 1103.45 303.064
internal_count=6083582 266407 5817175 116913 1733006 4084169 105222 149494 80447 91361 1567252 1440395 11691 820281 746971 2643774 83899 54562 7462 51398 53873 664403 165754 772217 552513 29337 538061 24775 547144 82568
is_linear=0
shrinkage=0.05


Tree=7
num_leaves=31
num_cat=0
split_feature=75 81 38 28 76 79 15 77 3 28 52 42 76 62 24 83 5 69 5 77 81 97 42 94 3 1 58 84 96 4
split_gain=24303.7 1183.35 909.772 681.621 226.694 206.268 199.235 198.308 168.425 104.19 92.4624 91.23 89.8016 87.1419 77.514 72.0389 67.3037 68.2879 63.7853 59.2305 53.7867 50.4057 47.655 45.6973 44.81 41.6881 41.583 40.3644 42.5483 40.037
threshold=0.95498135685920726 0.17156863212585452 1.0017150044441225 0.27726890146732336 0.3891237229108811 1.0000000180025095e-35 0.45000000298023229 1.0000000180025095e-35 0.016261236742138866 0.96581956744194042 0.13516663014888766 2.5000000000000004 0.99999400973320018 0.14532813429832461 0.082197584211826338 0.0082474239170551317 1.0000000180025095e-35 0.050617672502994544 1.0000000180025095e-35 1.0000000180025095e-35 0.069047622382640853 0.10299716144800188 1.5000000000000002 11.423341274261476 0.16784037649631503 0.30860807001590734 0.28223288059234625 1175.5000000000002 206.56623840332034 6.5000000000000009
decision_type=2 2 2 2 2 2 2 2 2 2 2 2 2 2 2 2 2 2 2 2 2 2 2 2 2 2 2 2 2 2
left_child=2 3 5 7 10 14 9 8 -2 19 15 -5 21 26 -1 25 17 -13 22 -3 -10 -6 -11 24 -15 -4 -7 -12 -29 -14
right_child=1 6 4 11 12 13 -8 -9 20 18 27 16 29 23 -16 -17 -18 -19 -20 -21 -22 -23 -24 -25 -26 -27 -28 28 -30 -31
leaf_value=-0.064819654400439866 0.013578141211817638 0.027282275118301266 -0.036997400668282353 0.062069553528493082 -0.025525289618839667 -0.055504470458298538 0.064205554841047688 0.031112163874524441 -0.042869306469377984 0.068442533911019801 -0.015030024510815036 0.02574586404073367 0.023759918550036063 -0.03433863004260395 0.0004897506186319734 -0.0023062458543495084 -0.027877832604393662 0.04612185086159757 0.0061503999277003757 0.049450304670553634 -0.014282433783083602 -0.00026179265624176753 0.052192324633699431 -0.020710472729821617 -0.050893287302387263 -0.053123936027660836 -0.025558136762901071 -0.04178829682963716 0.040362155237196239 -0.10023959532995658
leaf_weight=4270.0745561282383 341.53608922590502 668.83499424369074 909.48974550003186 430.53217108780518 473.99376024154481 3033.5766429337673 5763.7899135714397 304.77251577493735 355.9171926251729 629.42343545146286 648.82149183296133 690.95404615614098 226.52811486599967 715.03340275236405 45.921326351468451 110.06918928422965 39.830138420686126 1015.570629657479 63.962175233755261 548.37574224011041 306.01934153749608 338.39463264239021 1592.9884284322616 245.78708493872546 954.33123109885491 716.42243441659957 120.52846031589434 283.08991645066999 16.690983423963189 6.7023161919787517
leaf_count=2639273 50412 38077 849601 1546 270370 1058926 89482 10118 27365 1704 149860 5608 67175 282195 4501 46825 831 4506 534 14400 16527 69887 5297 12439 76927 173853 9908 100615 3115 1705
internal_value=2.1773e-11 0.0491495 -0.0477894 0.0243126 -0.0269011 -0.0560915 0.0584898 -0.00421104 -0.0149393 0.0490866 -0.0345937 0.0414545 -0.00715076 -0.0492518 -0.0641248 -0.0414531 0.0363722 0.0378718 0.0553779 0.0372694 -0.0296533 -0.015002 0.0567947 -0.0408389 -0.0438025 -0.0441032 -0.0543601 -0.0220408 -0.0372144 0.0201966
internal_weight=25868 12752.5 13115.5 3485.13 3730.2 9385.25 9267.37 1308.25 1003.47 3503.58 2684.58 2176.89 1045.62 5069.26 4316 1735.98 1746.35 1706.52 2286.37 1217.21 661.937 812.388 2222.41 1915.15 1669.36 1625.91 3154.11 948.602 299.781 233.23
internal_count=6083582 266407 5817175 116913 1733006 4084169 149494 104422 94304 60012 1323869 12491 409137 1440395 2643774 1070279 10945 10114 7535 52477 43892 340257 7001 371561 359122 1023454 1068834 253590 103730 68880
is_linear=0
shrinkage=0.05


Tree=8
num_leaves=31
num_cat=0
split_feature=75 81 38 28 81 76 79 85 28 69 81 62 77 76 58 42 28 42 83 15 5 69 5 97 8 1 69 71 69 51
split_gain=21942.8 1085.58 818.769 579.117 259.236 205.753 197.824 149.697 126.839 99.2824 92.3644 81.0272 79.9626 69.3682 72.5832 68.3943 68.3284 62.363 58.3744 51.4291 71.6534 49.2605 54.6888 51.9597 46.9298 45.6883 48.9437 47.3495 44.477 43.0986
threshold=0.95498135685920726 0.14642857760190967 1.0017150044441225 0.1301790848374367 0.37980769574642187 0.98554348945617687 1.0000000180025095e-35 0.99980881810188305 0.40576072037220007 0.030332273803651336 0.064583335071802153 0.14532813429832461 1.0000000180025095e-35 0.1297523304820061 0.01757798902690411 2.5000000000000004 1.0000000180025095e-35 5.5000000000000009 0.0088801789097487944 0.63333335518836986 1.0000000180025095e-35 0.0033094643149524931 1.0000000180025095e-35 0.021983775310218338 10.500000000000002 0.35067567229270941 0.0045851848553866157 0.98916545510292064 0.0064960615709424028 0.28606103360652929
decision_type=2 2 2 2 2 2 2 2 2 2 2 2 2 2 2 2 2 2 2 2 2 2 2 2 2 2 2 2 2 2
left_child=2 3 6 7 8 9 16 10 12 18 -2 -8 -3 29 -15 -10 -1 -5 25 20 -6 23 -23 -17 -9 26 -4 -28 -19 -11
right_child=1 4 5 17 19 -7 11 24 15 13 -12 -13 -14 14 -16 21 -18 28 -20 -21 -22 22 -24 -25 -26 -27 27 -29 -30 -31
leaf_value=-0.062616311236139574 -0.039571087767737587 0.019019836598088379 -0.055731793498097329 0.048010791996273505 0.056799501423316356 0.018845833382244905 -0.052462012954782214 0.023727000517017056 0.059388599423112934 -0.037304040528690088 -0.0041010813647335571 -0.039298377050945299 0.045074298497618008 -0.0023190121357094186 -0.030570466650562268 0.036225472744351242 0.04667989323821653 -0.016005371788462175 0.00051418353041286129 0.065082784425183893 -0.0025340995063513434 0.048494380395865802 0.00034422857710430924 -0.0348343476717091 -0.024681213663059809 -0.051286959601575699 -0.046208224075644871 -0.02102784276198142 0.031542625025544856 0.004363723271162954
leaf_weight=4120.1701351489173 357.6839115585899 624.7164369369857 206.00286311656237 855.72267846623436 2031.14700983488 237.58158115763217 3050.6625283302274 341.65434631414246 1267.2911111353897 600.61190736724529 376.9674184594769 1895.2841179355746 557.09128434350714 649.76575614511967 349.71248875732999 74.969192950986326 14.349630853161214 53.116917330306023 95.059341298649088 3811.6137764960295 52.190785566344857 1204.9210893674754 62.006351228803396 39.164060189854354 58.663583350367844 566.97479832684621 268.00433116895147 615.35815646627452 664.00583359366283 69.209938299842179
leaf_count=2643534 39147 44286 362722 4054 34099 72165 1068834 13606 4115 199518 35955 371561 15840 228723 22165 544 240 1219 46801 57935 444 4251 683 577 4885 139501 229381 416560 4767 15470
internal_value=1.0008e-09 0.0472538 -0.0461194 0.0192542 0.0550499 -0.0261482 -0.0541652 -0.00796618 0.0449224 -0.0292733 -0.0213706 -0.0474177 0.0313016 -0.0205481 -0.0122041 0.0510006 -0.062237 0.0388965 -0.0375894 0.0616301 0.0553131 0.0433035 0.0461378 0.0118418 0.0166331 -0.0397762 -0.0337853 -0.0286673 0.0280208 -0.0329987
internal_weight=25171.7 12432.9 12738.7 2707.81 9725.11 3658.28 9080.47 1134.97 3830.16 3420.7 734.651 4945.95 1181.81 1669.3 999.478 2648.35 4134.52 1572.85 1751.4 5894.95 2083.34 1381.06 1266.93 114.133 400.318 1656.34 1089.37 883.362 717.123 669.822
internal_count=6083582 266407 5817175 103633 162774 1733006 4084169 93593 70296 1660841 75102 1440395 60126 465876 250888 10170 2643774 10040 1194965 92478 34543 6055 4934 1121 18491 1148164 1008663 645941 5986 214988
is_linear=0
shrinkage=0.05


Tree=9
num_leaves=31
num_cat=0
split_feature=75 81 38 28 28 15 76 79 77 28 77 52 81 42 3 62 42 1 32 83 48 5 76 81 24 57 70 94 31 1
split_gain=19916.9 866.92 701.204 481.692 331.141 188.587 183.184 179.744 139.446 96.655 127.697 92.8592 87.4464 83.9185 81.5868 76.1587 64.512 62.9901 58.4033 57.7124 50.3982 49.5336 48.8655 48.4285 44.7474 43.7691 40.5335 39.5155 40.3037 38.4417
threshold=0.99378675222396862 0.17156863212585452 1.0017150044441225 0.77553281188011181 1.0000000180025095e-35 0.63333335518836986 0.45163711905479437 1.0000000180025095e-35 1.0000000180025095e-35 0.9651446044445039 1.0000000180025095e-35 0.13516663014888766 0.087121214717626586 1.5000000000000002 0.018019480630755428 0.14532813429832461 6.5000000000000009 0.085144929587841048 0.00096263887826353322 0.0025711662601679568 0.33114035427570349 1.0000000180025095e-35 0.98554348945617687 0.095454547554254546 0.062366727739572532 7.5000000000000009 0.31099019944667822 11.423341274261476 0.077032968401908888 0.23606811463832858
decision_type=2 2 2 2 2 2 2 2 2 2 2 2 2 2 2 2 2 2 2 2 2 2 2 2 2 2 2 2 2 2
left_child=2 3 4 8 7 9 11 12 14 10 26 19 -1 -11 24 -9 -5 22 -12 -4 25 -22 -8 -16 -2 -15 -3 28 29 -17
right_child=1 5 6 16 -6 -7 17 15 -10 13 18 -13 -14 20 23 27 -18 -19 -20 -21 21 -23 -24 -25 -26 -27 -28 -29 -30 -31
leaf_value=-0.060683571009285203 -0.027581827878394718 0.011701706801797976 -0.044970252204669242 0.045525802940415652 0.040848003190614032 0.063027644924569956 -0.0055707860598730183 -0.050674149693573284 0.028603602679501329 0.064525126664730245 0.058080855826468325 -0.018999475585426653 0.013212216370634257 0.033194852085499771 -0.033608834184498886 -0.032132859481348655 0.02583160504519116 -0.020287829086620662 0.029659478550401477 -0.026073947815679989 0.052096641178802132 0.00989479697341295 0.02708557148150012 -0.0045992118511853711 0.019686663299271802 -0.038134467849169192 0.033997873903845996 -0.019109376765235827 -0.01217905897434244 -0.048713080619218835
leaf_weight=4020.8618370683398 62.841396155534312 350.33918923255987 1136.5265374535229 1330.6551554265898 96.688425594009459 3757.3673605888616 298.92158172954805 2978.4191571222618 300.0318399410462 1114.024043133948 748.54007327649742 971.24192724109162 40.437881163787097 225.09757853974588 347.57733379828278 543.79127097898163 604.81955407513306 377.96824106969871 238.29604072356597 626.97874650440644 1720.3474735356867 72.45935075217858 185.72787780174986 245.46663747983985 246.33058199496008 23.77848956710659 487.47669995366596 245.21906259818934 115.68525387207046 978.91993391455617
leaf_count=2649918 22357 26514 752777 6243 658 58132 201396 1071640 10138 3187 26725 263354 6280 1148 24436 219454 5025 68251 2370 388979 5155 569 60208 10866 21548 332 23355 12459 26816 113292
internal_value=-1.16995e-09 0.0464752 -0.0437423 0.0239314 -0.0511861 0.0545707 -0.0250777 -0.0521834 -0.000925337 0.0481904 0.0390301 -0.0314145 -0.0599478 0.0534869 -0.0107452 -0.0456976 0.0393715 -0.00498812 0.0512178 -0.0382521 0.0474641 0.050391 0.00694382 -0.0216015 0.010079 0.0263798 0.0246746 -0.0378287 -0.0406304 -0.0427919
internal_weight=24492.8 11875.4 12617.4 3137.72 9020.02 8737.73 3597.36 8923.33 1202.25 4980.36 1824.65 2734.75 4061.3 3155.71 902.216 4862.03 1935.47 862.618 986.836 1763.51 2041.68 1792.81 484.649 593.044 309.172 248.876 837.816 1883.62 1638.4 1522.71
internal_count=6083582 248100 5835482 100613 4100517 147487 1734965 4099859 89345 89355 78964 1405110 2656198 10391 79207 1443661 11268 329855 29095 1141756 7204 5724 261604 35302 43905 1480 49869 372021 359562 332746
is_linear=0
shrinkage=0.05


Tree=10
num_leaves=31
num_cat=0
split_feature=75 81 38 28 79 15 76 8 3 28 62 84 76 42 28 5 77 97 42 69 46 79 98 79 58 31 88 52 94 98
split_gain=18294.8 988.999 691.823 547.787 175.789 168.289 166.969 149.525 102.087 94.8004 76.9319 75.3512 72.3003 71.5394 66.4574 64.8345 57.7967 54.1767 51.0123 47.5439 45.2992 44.7309 43.8023 41.1588 40.104 42.4485 39.4058 37.6162 33.8418 33.4225
threshold=0.95976471900939953 0.17156863212585452 1.0017150044441225 0.27726890146732336 1.0000000180025095e-35 0.45000000298023229 0.3337771892547608 2.5000000000000004 0.016261236742138866 0.94658690690994274 0.1030595786869526 1518.5000000000002 0.99999400973320018 2.5000000000000004 1.0000000180025095e-35 1.0000000180025095e-35 1.0000000180025095e-35 0.11850096285343172 1.5000000000000002 0.02660225331783295 1.3571378588676455 29.216587066650394 64.557643890380874 28.279684066772464 0.30043971538543707 0.079169031232595458 0.27718676626682287 0.14048204571008685 0.70432153344154369 97.104263305664077
decision_type=2 2 2 2 2 2 2 2 2 2 2 2 2 2 2 2 2 2 2 2 2 2 2 2 2 2 2 2 2 2
left_child=2 3 4 7 14 9 11 -2 -9 16 26 20 17 -5 -1 19 -3 -8 -11 -15 21 27 24 -10 25 -12 -6 -4 -7 -13
right_child=1 5 6 13 10 28 12 8 23 18 22 29 -14 15 -16 -17 -18 -19 -20 -21 -22 -23 -24 -25 -26 -27 -28 -29 -30 -31
leaf_value=-0.05954964577000265 0.019864429783390258 0.022247624559871396 -0.039009031610582397 0.0559544798063649 -0.052014828292403406 0.060031702888417117 -0.024140306783203391 0.0083713145736242379 -0.033463026802922624 0.063300939562020236 -0.042611271862387237 -0.045275508505534585 0.016521940100232915 0.017315479015492252 0.036688673638036511 -0.032224960961888427 0.045061987438075692 0.0010048136277608832 0.045858184133440352 0.038391911913643745 -0.0007321246068666752 0.00045981253242672503 -0.004350105586256427 0.0094538189164154879 0.0005746606623906425 -0.014130471257657505 0.020023944055345449 -0.020165162513163401 0.045103662036695108 -0.0027199629637033756
leaf_weight=3784.7765077146469 411.27250863506924 612.12852767121512 662.12884256662801 401.66073273075745 2203.9352035647025 4822.3475985080004 606.52396189491265 272.02737129223533 513.42688924283721 574.15551693877205 2193.8917840751819 914.56780539313331 221.15528580336832 339.19885658763815 18.023965054191649 37.896548170363531 507.97441740031354 331.17902414116543 1552.776526239235 1267.1245824565412 169.66710196970962 121.77655740454793 90.024575224379078 62.686927356058732 59.741027125855908 139.123512772494 19.148023137822747 441.37311106815469 412.09787530614994 48.590140531770885
leaf_count=2643997 19541 37858 437397 1542 881925 80873 364466 44364 37427 1788 503573 575816 68882 3944 253 831 14388 66335 5882 6159 58396 26238 10175 2533 3283 35515 6061 114736 8588 20816
internal_value=-9.68152e-11 0.0442678 -0.0433886 0.0210671 -0.0510988 0.0533093 -0.0247351 -0.00487629 -0.0168733 0.0443669 -0.0446383 -0.0323723 -0.00919438 0.0370375 -0.0590935 0.0324163 0.0325941 -0.0152595 0.0505668 0.0339413 -0.0249455 -0.0282984 -0.0385889 -0.0287932 -0.0398771 -0.0409129 -0.0513943 -0.031472 0.0588564 -0.0431286
internal_weight=23812.4 11786.8 12025.6 3305.29 8508.66 8481.48 3516.96 1259.41 848.141 3247.03 4705.86 2358.1 1158.86 2045.88 3802.8 1644.22 1120.1 937.703 2126.93 1606.32 1394.95 1225.28 2482.78 576.114 2392.76 2333.02 2223.08 1103.5 5234.45 963.158
internal_count=6083582 265718 5817864 116341 4084782 149377 1733082 103865 84324 59916 1440532 1233399 499683 12476 2644250 10934 52246 430801 7670 10103 636767 578371 552546 39960 542371 539088 887986 552133 89461 596632
is_linear=0
shrinkage=0.05


Tree=11
num_leaves=31
num_cat=0
split_feature=75 81 38 28 28 81 79 76 42 15 84 37 98 81 62 5 55 77 5 37 89 50 98 85 28 1 76 48 90 1
split_gain=16731.9 786.83 600.251 483.88 271.453 178.26 161.352 143.361 105.743 91.9334 78.2709 75.1882 73.3889 72.0432 70.1153 61.8995 61.4267 60.6679 57.1278 51.9126 70.0263 51.8955 51.0784 48.2225 44.3919 42.9811 42.1372 41.5459 41.0456 39.4679
threshold=0.99378675222396862 0.25657895207405096 1.0017150044441225 0.77553281188011181 1.0000000180025095e-35 0.095454547554254546 1.0000000180025095e-35 0.7261514961719514 3.5000000000000004 0.63333335518836986 1343.5000000000002 0.0078477957285940664 86.063041687011733 0.087121214717626586 0.14532813429832461 1.0000000180025095e-35 0.082871392369270339 1.0000000180025095e-35 1.0000000180025095e-35 0.0049768935423344382 38.500000000000007 4.5000000000000009 6.0487449169158944 0.99995744228363048 0.99942120909690868 0.31643131375312811 0.14798315614461902 0.71165522933006298 0.78456193208694469 0.28730159997940069
decision_type=2 2 2 2 2 2 2 2 2 2 2 2 2 2 2 2 2 2 2 2 2 2 2 2 2 2 2 2 2 2
left_child=2 3 4 5 6 23 13 10 -5 15 16 -7 28 -1 -8 19 -4 -13 21 20 -3 -10 25 -2 -20 -18 -24 -14 -12 -30
right_child=1 9 7 8 -6 11 14 -9 18 -11 12 17 27 -15 -16 -17 22 -19 24 -21 -22 -23 26 -25 -26 -27 -28 -29 29 -31
leaf_value=-0.058008557400566374 -0.026412972359647888 0.036260220405420512 -0.03400098743778187 0.050500801051274385 0.035233590126015041 -0.0099746640145749604 -0.048227717469961739 0.0034801047803530807 0.024956123601256416 0.060360049341093902 -0.058860592277996074 0.014278899718089709 -0.037313184372983879 0.0097277571334077207 -0.035559234629845116 0.0036364166708089392 -0.011957253808347747 0.040817672066946802 -0.056420281317335265 0.051951408098021373 -0.072182725213265353 0.043667937218909797 -0.018462985444490477 0.0060599423547726405 0.030790736327769005 -0.037419265532391652 0.014105623529902562 0.020200558147334201 -0.027576837545534277 -0.047693844961652694
leaf_weight=3687.6943678844254 387.94965445122216 327.65060937707312 548.90667041274719 1339.9603536855429 95.470745754195377 200.40577698941343 2798.705685402907 421.17925881058909 836.35595273249783 3468.1842043618672 238.68319749785587 602.39250604331028 50.139460624661297 39.676873601973057 1791.2393894667039 74.781234761700034 431.23712772363797 335.16104667563923 32.243411372881383 2760.613517255988 15.595281078480182 665.29823273350485 170.51753784064204 162.0950467629591 26.65327079501003 269.20984581334051 237.83191999210976 84.011552557349205 596.23097508377396 412.49136692553293
leaf_count=2649918 41970 14338 429424 5204 658 26835 1071640 142166 6101 58050 228765 32558 26794 6280 372021 793 183199 7627 752 37893 4662 3247 56855 7914 156 39106 48853 23806 454745 101252
internal_value=-6.53851e-10 0.0437368 -0.0413871 0.0278115 -0.0485973 0.00652747 -0.0495595 -0.0238581 0.0401981 0.0547306 -0.0276466 0.017824 -0.0364359 -0.0572875 -0.0432838 0.0485883 -0.0203214 0.0237661 0.0313517 0.0496713 0.0313331 0.0332463 -0.0135494 -0.0168434 -0.0169536 -0.0217433 0.000505706 -0.00129543 -0.0402151 -0.0358032
internal_weight=23108.6 11235.3 11873.2 4588.52 8412.79 1688 8317.32 3460.44 2900.51 6646.82 3039.26 1137.96 1381.56 3727.37 4589.95 3178.64 1657.7 937.554 1560.55 3103.86 343.246 1501.65 1108.8 550.045 58.8967 700.447 408.349 134.151 1247.41 1008.72
internal_count=6083582 248100 5835482 132364 4100517 116904 4099859 1734965 15460 115736 1592799 67020 835362 2656198 1443661 57686 757437 40185 10256 56893 19000 9348 328013 49884 908 222305 105708 50600 784762 555997
is_linear=0
shrinkage=0.05


Tree=12
num_leaves=31
num_cat=0
split_feature=75 81 94 28 76 15 8 73 62 100 3 2 69 77 28 3 42 42 3 1 5 3 5 44 89 3 87 65 28 62
split_gain=15323.2 870.706 607.776 503.528 209.973 177.669 123.508 117.58 102.937 93.7983 89.5473 71.5117 66.8662 61.0149 68.0503 74.8922 58.6357 57.6856 54.5815 51.1775 47.5336 45.8861 43.3804 44.1367 46.8835 41.3003 36.0342 35.9979 35.7677 34.2074
threshold=0.9278351664543153 0.17156863212585452 1.0013056993484499 0.27726890146732336 0.3337771892547608 0.63333335518836986 2.5000000000000004 769.50000000000011 0.10420059412717821 1.0000000180025095e-35 0.016261236742138866 6.5000000000000009 0.020351968705654148 1.0000000180025095e-35 0.19815301150083545 0.10072463750839235 1.5000000000000002 3.5000000000000004 0.030776515603065494 0.31311275064945226 1.0000000180025095e-35 0.069366481155157103 1.0000000180025095e-35 0.0027708507841452961 11.500000000000002 1.0000000180025095e-35 0.97649055719375621 0.021556325256824497 1.0000000180025095e-35 0.2535721510648728
decision_type=2 2 2 2 2 2 2 2 2 2 2 2 2 2 2 2 2 2 2 2 2 2 2 2 2 2 2 2 2 2
left_child=2 3 7 6 8 9 -2 18 19 13 -8 12 27 14 15 -3 -11 -5 -1 -4 -16 26 23 24 -19 -15 -10 -6 -20 -12
right_child=1 5 4 17 11 -7 10 -9 21 16 29 -13 -14 25 20 -17 -18 22 28 -21 -22 -23 -24 -25 -26 -27 -28 -29 -30 -31
leaf_value=-0.034258987152850605 0.017595015118022746 0.027011443533708962 -0.032925952403265679 0.047386220717472137 -0.056994900526218965 0.059045121755723642 0.0076155999876708833 -0.057386547882868559 -0.024730444853145264 0.06102266692401085 -0.031920317250624261 -0.033664138220961939 0.0050008766726311318 0.053257500600766311 0.044679732898708316 -0.015546977422203302 0.044550007530768362 0.013640936687589325 -0.04880341609512015 -0.050587961339771871 -0.011700460226170259 -0.031877860325380585 -0.028069492924133906 0.033542448348271629 -0.080013540748941389 0.030606051751618353 -0.00083952651621815313 -0.014619280621120771 0.031415618660346679 0.0043083735306990653
leaf_weight=985.98308498342521 398.15716636914294 586.62043357733637 740.51336387370247 653.50561631517485 59.341154743451625 3358.6323806819273 270.20284155139234 3375.362887477444 374.96657252940349 914.62153739738278 504.45673967176117 262.54234836716205 671.54162956378423 690.53204906266183 658.57393116131425 125.48535750573501 1319.7259825137444 97.201571935671382 2290.0231278477004 919.33719358732924 39.633954884950072 965.61904811731074 32.264721454819664 1159.0605166220339 15.492895706323905 283.99571860849392 272.55182577809319 322.4148969464004 13.980379948392509 74.819930579280481
leaf_count=1022200 19679 46514 734082 2864 61432 58134 45720 2666152 203877 2924 38510 42545 165906 26713 3165 4691 4542 1320 286695 191770 615 74354 781 6984 576 2624 121549 243428 213 3023
internal_value=-2.44248e-10 0.0414514 -0.0411891 0.0194401 -0.0271853 0.0502946 -0.00538356 -0.0508302 -0.0339669 0.043932 -0.0161538 -0.010317 -0.00449761 0.0370355 0.0303874 0.0195119 0.051293 0.0352616 -0.0441037 -0.0427084 0.0414793 -0.0249723 0.0291854 0.030638 0.000765601 0.0466564 -0.0146743 -0.0212063 -0.0483167 -0.027241
internal_weight=22437.2 11183 11254.2 3205.16 4588.83 7977.82 1247.64 6665.35 3272.99 4619.19 849.48 1315.84 1053.3 2384.84 1410.31 712.106 2234.35 1957.53 3289.99 1659.85 698.208 1613.14 1304.02 1271.75 112.694 974.528 647.518 381.756 2304 579.277
internal_count=6083582 269379 5814203 119457 1838943 149922 106932 3975260 1325632 91788 87253 513311 470766 84322 54985 51205 7466 12525 1309108 925852 3780 399780 9661 8880 1896 29337 325426 304860 286908 41533
is_linear=0
shrinkage=0.05


Tree=13
num_leaves=31
num_cat=0
split_feature=81 28 38 81 10 79 77 76 3 42 24 84 62 98 79 5 8 32 50 28 17 80 68 90 76 90 69 88 70 3
split_gain=14106.7 858.205 555.531 450.331 262.535 150.015 139.653 129.496 105.449 90.6631 86.9334 78.0253 72.7134 69.7216 61.1532 54.5253 53.285 64.893 48.124 46.2864 43.7505 41.0786 39.8953 38.4276 38.416 37.8699 37.2405 35.3369 33.45 32.5389
threshold=0.064583335071802153 0.1301790848374367 1.0017150044441225 0.36038962006568914 1.0000000180025095e-35 1.0000000180025095e-35 1.0000000180025095e-35 0.98554348945617687 0.020620748400688175 1.5000000000000002 0.10230595245957376 1343.5000000000002 0.1030595786869526 86.063041687011733 14.665071964263918 1.0000000180025095e-35 1.5000000000000002 1.0000000180025095e-35 2.5000000000000004 0.99984624981880199 12.500000000000002 0.99807298183441173 0.53237536549568187 0.78456193208694469 0.6363399624824525 0.70638945698738109 0.0063272942788898954 0.27718676626682287 0.27888974547386175 0.26726190745830541
decision_type=2 2 2 2 2 2 2 2 2 2 2 2 2 2 2 2 2 2 2 2 2 2 2 2 2 2 2 2 2 2
left_child=1 2 5 4 6 10 8 11 25 -6 -1 14 27 23 22 18 -5 26 20 -17 -11 24 -4 -13 -14 -2 -18 -7 -15 -10
right_child=3 -3 7 16 9 12 -8 -9 29 15 -12 13 21 28 -16 19 17 -19 -20 -21 -22 -23 -24 -25 -26 -27 -28 -29 -30 -31
leaf_value=-0.056312474146204376 0.0010919297302448639 0.024746375524541762 -0.024391925361446357 0.057202467571217497 0.060328034334769104 -0.048287670652330771 0.035499598010706367 0.014396585017169153 -0.0066130342784462672 0.033334176203106698 -0.019098968292595282 -0.055906676397391192 -0.03647053577057259 -0.055040295317800358 -0.00015809232491576419 -0.041011325435504634 -0.0059028876320936681 0.054006226875838073 0.045462914019423983 0.038063499635255009 -0.022904470798930866 0.035201917338266421 0.034600245366861522 -0.033591088970007371 0.0031475864882159776 0.028166948078597889 0.035611728077278082 0.020949910420415645 0.0080985236141093483 -0.043932302060452844
leaf_weight=3398.3415236804867 188.04483892139979 539.76076119334903 1289.3912164119538 3923.1036620923551 539.29416924389079 2034.1170391418273 648.67943011946045 220.15059165796265 379.45079135207925 1135.26853606652 164.53538494883105 237.20179328380618 2260.1481247752672 25.04429321270436 373.33046274841763 39.9469965393655 63.632295187329873 726.64201745949686 1354.0743364898954 34.479453875217587 35.668769113253802 20.788193584419787 29.311320930719376 1033.2626983555965 62.890308824833483 412.36825870431494 357.59777278336696 18.596773248631507 129.16515777423047 69.035021274466999
leaf_count=2655560 32351 4755 690544 73238 1986 887444 21686 72221 19544 6519 13263 239029 540200 16875 87392 929 7100 3054 5527 160 505 402 9101 579728 14533 36777 10674 6091 41929 4465
internal_value=-9.55316e-11 -0.0368464 -0.0397894 0.0440196 0.033104 -0.0469687 0.0172635 -0.0226645 0.00598561 0.0416713 -0.0545939 -0.0252823 -0.0407894 -0.0339039 -0.018023 0.0378007 0.0544301 0.0449547 0.039044 -0.00437842 0.0316211 -0.0347718 -0.0230807 -0.0377575 -0.035398 0.0196873 0.0293404 -0.0476604 -0.0021555 -0.0123576
internal_weight=21743.3 11836 11296.3 9907.29 4836.31 7959.42 1697.58 3336.86 1048.9 3138.73 3562.88 3116.71 4396.54 1424.67 1692.03 2599.44 5070.98 1147.87 2525.01 74.4265 1170.94 2343.83 1318.7 1270.46 2323.04 600.413 421.23 2052.71 154.209 448.486
internal_count=6083582 5859067 5854312 224515 130449 4117493 114823 1736819 93137 15626 2668823 1664598 1448670 877561 787037 13640 94066 20828 12551 1089 7024 555135 699645 818757 554733 69128 17774 893535 58804 24009
is_linear=0
shrinkage=0.05


Tree=14
num_leaves=31
num_cat=0
split_feature=81 28 38 81 28 79 77 76 3 42 24 84 62 69 50 76 15 5 94 80 96 88 24 76 90 69 99 37 24 32
split_gain=13044.7 774.608 520.926 443.007 268.761 142.38 123.41 120.52 92.1433 89.1922 84.282 69.9739 68.4439 47.327 42.5906 40.9451 39.9766 44.2809 39.3486 36.7147 35.4957 33.2353 32.4939 32.4229 30.8878 30.1391 29.1447 28.6291 30.0884 28.6034
threshold=0.064583335071802153 0.1301790848374367 1.0017150044441225 0.37980769574642187 0.40576072037220007 1.0000000180025095e-35 1.0000000180025095e-35 0.45163711905479437 0.020620748400688175 2.5000000000000004 0.12992049753665927 1343.5000000000002 0.1030595786869526 0.030332273803651336 12.500000000000002 0.99999400973320018 0.63333335518836986 1.0000000180025095e-35 2.9841296672821049 0.99807298183441173 206.56623840332034 0.27718676626682287 0.55724596977233898 0.65350866317749035 0.78456193208694469 0.0020432488527148966 0.1265322491526604 0.012347585055977108 0.062366727739572532 0.0022045833757147197
decision_type=2 2 2 2 2 2 2 2 2 2 2 2 2 2 2 2 2 2 2 2 2 2 2 2 2 2 2 2 2 2
left_child=1 2 5 4 6 10 8 11 22 -6 -1 13 21 26 -11 25 17 -5 -15 23 24 -7 -2 29 -13 -9 -4 28 -8 -14
right_child=3 -3 7 16 9 12 27 15 -10 14 -12 20 19 18 -16 -17 -18 -19 -20 -21 -22 -23 -24 -25 -26 -27 -28 -29 -30 -31
leaf_value=-0.055103652147411634 0.020102204634033324 0.02420549493408827 -0.032188759258810561 0.049090904160568168 0.051335130295867226 -0.047289313631555918 0.025658928892908963 -0.057712095578865467 -0.011029026520169303 0.029760458886686228 -0.013862583241809787 -0.056987819193322443 -0.031352250321520017 -0.032068001374432296 0.047102416181631399 0.013755243741425963 0.057339784410601974 -0.0019730159147322971 -0.0059177542568865727 0.032064606559054742 0.022437656707319828 0.020625267499593709 -0.084848954268732069 0.0020931996050612416 -0.034595609556049269 -0.0092242679573145622 0.049006476355123112 0.039323122913464854 -0.03025303881615047 -0.043208169476595969
leaf_weight=3273.7685331747634 589.16035479784478 510.7212386863539 599.95404368941672 1679.8743068400072 1263.0031518361066 1958.5865393049316 119.01250886206981 33.972954362165183 457.98624140839092 1400.4692264073528 128.75622968573589 187.9150686339708 1435.6252721131314 189.03425490646623 473.83089280873537 208.41320096841082 3027.5806786122266 43.555685084778816 601.86294316709973 20.851214357186109 24.346577329095453 18.181374371983111 7.4685750212520352 58.702133087906986 853.40782761946321 565.69503232929856 11.259350200183688 498.33794234483503 30.159545010188594 787.94590551813599
leaf_count=2659223 68850 4755 458395 34904 5011 887444 8526 55235 24446 8494 9600 206754 455456 68631 2077 68928 57936 448 146842 402 7297 6091 524 13896 515021 205987 3729 10898 2401 85381
internal_value=9.49009e-11 -0.0359849 -0.0387902 0.0430336 0.032386 -0.0459089 0.016389 -0.0220957 0.00583965 0.0410651 -0.053543 -0.0275836 -0.0398397 -0.0202435 0.0341446 -0.0053361 0.0538794 0.0478004 -0.012168 -0.0339818 -0.0372411 -0.0466647 0.0187884 -0.0345852 -0.0386365 -0.0119712 -0.030693 0.0335709 0.0143547 -0.0355535
internal_weight=21059.4 11469 10958.3 9590.44 4839.43 7682.42 1702.13 3275.86 1054.62 3137.3 3402.52 2467.78 4279.89 1402.11 1874.3 808.081 4751.01 1723.43 790.897 2303.12 1065.67 1976.77 596.629 2282.27 1041.32 599.668 611.213 647.51 149.172 2223.57
internal_count=6083582 5859067 5854312 224515 131227 4117493 115645 1736819 93820 15582 2668823 1406669 1448670 677597 10571 330150 93288 35352 215473 555135 729072 893535 69374 554733 721775 261222 462124 21825 10927 540837
is_linear=0
shrinkage=0.05


Tree=15
num_leaves=31
num_cat=0
split_feature=75 81 38 28 28 84 76 15 75 81 42 42 84 1 69 3 5 1 37 89 37 84 79 94 79 50 81 79 97 55
split_gain=11970.3 561.818 448.128 370.801 299.855 140.663 102.379 90.7089 90.0602 70.3362 69.9506 65.3097 61.8144 55.2446 49.3558 49.7195 47.1695 46.9859 45.9847 62.0648 43.3243 50.3482 41.8809 40.2909 40.1273 38.0647 37.4454 37.4066 37.4137 36.8122
threshold=0.99708747863769542 0.26491229236125952 1.0017150044441225 1.0000000180025095e-35 0.97155532240867626 2879.5000000000005 0.3337771892547608 0.63333335518836986 0.99998399615287792 0.069047622382640853 1.5000000000000002 2.5000000000000004 4621.5000000000009 0.27178031206130987 0.0058335948269814262 0.028778468258678917 1.0000000180025095e-35 0.31643131375312811 0.0049768935423344382 38.500000000000007 0.0087750097736716288 33.500000000000007 111.20557022094728 0.56636747717857372 9.2109265327453631 4.5000000000000009 0.095454547554254546 23.426510810852054 0.087559491395950331 0.084224317222833647
decision_type=2 2 2 2 2 2 2 2 2 2 2 2 2 2 2 2 2 2 2 2 2 2 2 2 2 2 2 2 2 2
left_child=2 4 3 5 8 9 12 16 10 13 27 -6 17 -1 -8 -16 18 26 19 -3 21 -10 -7 -20 -15 -13 29 28 -2 -4
right_child=1 7 6 -5 11 22 14 -9 20 -11 -12 25 -14 24 15 -17 -18 -19 23 -21 -22 -23 -24 -25 -26 -27 -28 -29 -30 -31
leaf_value=-0.032051197732092855 -0.02187320304659857 0.031032172160917793 -0.031122561196833473 0.033412026690317224 0.050523123172288201 -0.053774423038005829 -0.03949463740961158 0.056358823581767963 0.021151358601294346 0.002573489800073412 -0.030904699077831162 0.025031296192406929 -0.044496497008839814 -0.04712709980085493 0.0013912339956162071 -0.025123544593009091 0.0027664003393099244 -0.033099242180013547 0.05047747722580323 -0.083811407883710734 0.023040096855641859 -0.032189181914926202 -0.023450916158357475 0.034891683964212002 -0.030362964553698957 0.040409016876147737 0.054991620180683654 0.033317412973899688 0.011942289335854402 -0.010738573369292466
leaf_weight=1473.1084980189335 140.37356880842708 288.21662059181836 332.20359090645798 154.513995452784 679.16935074049979 3107.3297187924618 115.02558121480979 2926.5778242268134 93.794779076706618 100.70589480851777 187.57781490590423 881.07329251198098 420.51514691533521 2079.0094496126403 748.33344383188523 231.49808006884996 68.423577519133687 696.72055710898712 1901.0389796115924 12.265094189904628 891.74790571199264 83.733183608099353 118.1981915878132 530.33452262345236 430.95114275626838 740.74454145715572 18.121944806538522 95.303001640830189 196.02101376419887 664.59358582342975
leaf_count=1031220 33134 14123 452426 1024 2777 2590742 166574 58045 3631 12938 14306 6570 307695 402255 316355 18235 785 156496 26025 4598 23264 9650 26470 11435 49544 3674 903 6526 13980 318182
internal_value=-6.09031e-10 0.0401684 -0.0365072 -0.0432383 0.0257634 -0.0448586 -0.0209387 0.0502034 0.00976179 -0.0386942 -0.00541159 0.037506 -0.0273205 -0.0397376 -0.00851055 -0.00487323 0.0437704 -0.0231008 0.0447974 0.0263445 0.0185495 -0.00400734 -0.0526632 0.0470779 -0.0442488 0.0320549 -0.016237 0.00566547 -0.00216852 -0.017532
internal_weight=20407.2 9716.4 10690.8 7463.82 3989.54 7309.3 3227.01 5726.86 1688.55 4083.77 619.275 2300.99 2132.15 3983.07 1094.86 979.832 2800.28 1711.64 2731.86 300.482 1069.28 177.528 3225.53 2431.37 2509.96 1621.82 1014.92 431.698 336.395 996.797
internal_count=6083582 232523 5851059 4114193 117512 4113169 1736866 115011 104491 1495957 67946 13021 1235702 1483019 501164 334590 56966 928007 56181 18721 36545 13281 2617212 37460 451799 10244 771511 53640 47114 770608
is_linear=0
shrinkage=0.05


Tree=16
num_leaves=31
num_cat=0
split_feature=75 81 94 28 76 77 15 73 42 62 42 100 2 69 5 70 77 1 40 1 42 10 3 76 1 54 83 3 98 65
split_gain=11030.9 696.501 490.108 396.378 152.477 130.47 121.655 108.72 101.545 85.6925 67.5595 65.0804 51.8441 52.9157 48.4181 46.8993 44.2508 43.7333 42.9019 41.2416 40.7463 37.8682 51.4812 37.5236 36.3697 30.4756 30.4158 29.9369 29.1275 27.6823
threshold=0.95976471900939953 0.2264957278966904 1.0013056993484499 0.40576072037220007 0.3337771892547608 1.0000000180025095e-35 0.63333335518836986 769.50000000000011 1.5000000000000002 0.10420059412717821 3.5000000000000004 1.0000000180025095e-35 6.5000000000000009 0.020351968705654148 1.0000000180025095e-35 1.0000000180025095e-35 1.0000000180025095e-35 0.27326840162277227 0.063798952847719206 0.31311275064945226 1.5000000000000002 1.0000000180025095e-35 0.083920188248157515 0.88344147801399242 0.37617924809455877 0.38674506545066839 0.0082474239170551317 1.0000000180025095e-35 111.24084091186525 0.022239129059016708
decision_type=2 2 2 2 2 2 2 2 2 2 2 2 2 2 2 2 2 2 2 2 2 2 2 2 2 2 2 2 2 2
left_child=2 3 7 5 9 8 11 17 18 19 -5 16 13 29 15 -12 21 23 -2 -4 -13 22 -3 25 26 -1 28 -18 -11 -6
right_child=1 6 4 10 12 -7 -8 -9 -10 24 14 20 -14 -15 -16 -17 27 -19 -20 -21 -22 -23 -24 -25 -26 -27 -28 -29 -30 -31
leaf_value=-0.041418445927992736 -0.0037607733139210994 0.024902367916306019 -0.029859254523025038 0.043693527754259748 -0.051460244319734109 0.025298653634921089 0.055494242878974642 -0.053819393255010541 -0.028406920376156289 -0.020349281594843491 0.0037702002940451246 0.05734670030943239 -0.030098846205931108 0.0041670033754197455 -0.026929828651331995 0.031410744524794726 0.049366007005856576 -0.045302362867669956 0.027926822637538901 -0.046685833503008457 0.041495074611519377 0.038493256533860126 -0.018528738782811551 0.03181102025903236 -0.03154074028486311 -0.025618111742571583 0.01424203456821861 0.027137624872147839 0.028423854567574892 -0.01373477929482449
leaf_weight=659.22125659044832 472.46178343525389 433.83630561467726 670.50350609142333 909.56644551409408 58.178072267444804 359.21153425209923 2805.404019622365 2790.9282517702086 425.90593265544157 782.94559218396898 176.40416820370592 721.15230209985748 245.45148139272351 638.23687548050657 41.625609677284956 1180.2394007389667 558.66105973324738 1676.4791779489024 138.02062279405072 797.0158350301208 925.88438492547721 406.06285819597542 80.965816312003881 21.977875603828579 595.53417371434625 568.25138222507667 77.99346328782849 207.81828375672922 31.8568743346259 296.18181218928657
leaf_count=497553 65775 36882 734204 4389 64815 13074 58089 2666823 32567 297124 2480 2712 42661 165925 906 7263 24397 362128 6554 191893 3524 2308 2860 16687 73637 435256 19745 1938 9340 240073
internal_value=2.43662e-10 0.0374915 -0.037236 0.0203662 -0.0242543 -0.000668854 0.0478212 -0.0467594 -0.00966917 -0.0304243 0.0330866 0.0413654 -0.00952315 -0.00443515 0.0261869 0.0278166 0.034464 -0.0400252 0.0034033 -0.0389978 0.0484357 0.0270768 0.0180717 -0.0329443 -0.0219707 -0.0341038 -0.0155871 0.0433391 -0.0184424 -0.0199285
internal_weight=19754 9843.22 9910.76 3703.44 4193.9 1395.6 6139.79 5716.86 1036.39 2955.85 2307.84 3334.38 1238.05 992.597 1398.27 1356.64 1687.34 2925.93 610.482 1467.52 1647.04 920.865 514.802 1249.45 1488.33 1227.47 892.796 766.479 814.802 354.36
internal_count=6083582 265718 5817864 133008 1839417 117970 132710 3978447 104896 1325943 15038 74621 513474 470813 10649 9743 68385 1311624 72329 926097 6236 42050 39742 949496 399846 932809 326209 26335 306464 304888
is_linear=0
shrinkage=0.05


Tree=17
num_leaves=31
num_cat=0
split_feature=75 81 94 28 15 76 73 77 52 100 42 42 24 42 37 89 2 69 5 5 1 80 3 69 83 65 65 76 2 43
split_gain=10158.3 685.322 473.687 370.97 154.415 138.514 100.58 93.008 79.039 73.7862 72.7888 53.2301 52.8523 50.9953 48.9017 52.8476 48.6852 48.0254 46.5345 44.9667 44.45 42.2435 41.6907 38.4411 34.864 33.9629 33.0109 29.6107 40.7727 26.936
threshold=0.9278351664543153 0.18465909361839297 1.0013056993484499 0.36573067307472235 0.63333335518836986 0.3337771892547608 769.50000000000011 1.0000000180025095e-35 0.14289864897727969 1.0000000180025095e-35 1.5000000000000002 1.5000000000000002 0.10990089550614358 1.5000000000000002 0.0049768935423344382 9.5000000000000018 8.5000000000000018 0.031944131478667266 1.0000000180025095e-35 1.0000000180025095e-35 0.46225070953369146 0.99903294444084179 0.030776515603065494 0.050617672502994544 0.002382519189268351 0.022239129059016708 0.055563811212778098 0.094920095056295409 4.5000000000000009 62.500000000000007
decision_type=2 2 2 2 2 2 2 2 2 2 2 2 2 2 2 2 2 2 2 2 2 2 2 2 2 2 2 2 2 2
left_child=2 3 6 7 9 8 22 10 20 14 12 -11 29 -5 15 -3 17 25 21 23 24 -16 -1 -15 -4 -7 -26 -10 -29 -2
right_child=1 4 5 13 -6 16 -8 -9 27 11 -12 -13 -14 19 18 -17 -18 -19 -20 -21 -22 -23 -24 -25 26 -27 -28 28 -30 -31
leaf_value=-0.030430212154206354 -0.028081050388378832 0.023045236218551739 -0.037028067153284057 0.059262441068077314 0.054714241140224586 -0.043191758529947999 -0.053203934688440105 0.020497104054400563 -0.027352524501743754 0.056808074444429674 -0.028341776533090876 0.039381662008998883 0.014996374614783807 0.0202028277740069 0.021854831807881336 -0.035134645190010888 -0.034768079973141984 0.0057829942233257143 -0.011857448394096148 -0.026611963493038706 -0.046173420289048556 0.040929119144648911 -0.04367446927304456 0.035716231436355848 -0.028020198729488341 -0.010112699721777373 0.0019763059703505536 -0.00027736664949120743 -0.028526835626590769 0.011848261711025114
leaf_weight=858.75771865353454 166.06432279269211 209.92054763634223 678.45939268788788 144.07143885176629 2678.7357006431557 93.139403335750103 2646.3408944080584 270.52851690060925 537.27359132142738 735.16007724264637 414.63080807263032 1084.8726722707506 269.34988045599312 667.38397054502275 368.25544181594159 47.946988106006756 165.44184369279537 493.02885027858429 50.375230604317039 36.508236649911851 681.93268783623353 1370.7000513705425 1928.6597572958563 994.16761129279621 300.38961474306416 464.96569808293134 132.03178337682039 342.2804872635752 203.76912443770561 56.643351941544097
leaf_count=1022200 38212 15792 584937 583 58134 81870 2666152 10246 134655 2893 33175 4350 16972 6402 27160 12774 27799 105662 745 865 148048 26822 286908 5045 261672 297980 80192 95165 20963 9209
internal_value=1.75324e-10 0.0363977 -0.0365461 0.0166918 0.0454872 -0.0236994 -0.0462224 -0.00523199 -0.0296818 0.0390958 -0.0129088 0.0464207 9.57944e-05 0.0307022 0.0325838 0.0122275 -0.00955619 -0.00558799 0.0355174 0.028279 -0.0361249 0.0368898 -0.0395941 0.0294851 -0.0299565 -0.0156331 -0.0188613 -0.0190189 -0.0108192 -0.0179255
internal_weight=19091.8 9565.31 9526.47 3019.35 6545.97 4092.71 5433.76 1177.22 2876.14 3867.23 906.688 1820.03 492.058 1842.13 2047.2 257.868 1216.58 1051.13 1789.33 1698.06 1792.81 1738.96 2787.42 1661.55 1110.88 558.105 432.421 1083.32 546.05 222.708
internal_count=6083582 269379 5814203 120709 148670 1838943 3975260 107814 1325632 90536 97568 7243 64393 12895 83293 28566 513311 485512 54727 12312 1074849 53982 1309108 11447 926801 379850 341864 250783 116128 47421
is_linear=0
shrinkage=0.05


Tree=18
num_leaves=31
num_cat=0
split_feature=81 28 94 81 28 76 73 77 42 52 3 37 5 24 8 28 76 1 3 97 50 28 58 83 65 76 88 90 25 1
split_gain=9344.72 600.282 422.534 396.302 215.277 128.568 103.971 95.3403 88.4685 74.0142 72.4296 53.6513 51.2298 49.9981 46.6245 60.8477 45.4649 43.1008 42.0529 41.554 40.1516 38.0828 37.3834 31.5872 30.9757 28.5674 31.7592 27.6805 27.4414 27.368
threshold=0.064583335071802153 0.1301790848374367 1.0013056993484499 0.37980769574642187 0.36573067307472235 0.3337771892547608 769.50000000000011 1.0000000180025095e-35 1.5000000000000002 0.14289864897727969 0.020620748400688175 0.011768877971917393 1.0000000180025095e-35 0.12509097158908847 1.5000000000000002 0.93583154678344738 0.99999400973320018 0.46225070953369146 0.016261236742138866 0.11850096285343172 2.5000000000000004 0.99984624981880199 0.00024541818129364407 0.002382519189268351 0.055563811212778098 0.15161629766225818 0.044448778033256538 0.7278747856616975 0.16118909418582919 0.22361110895872119
decision_type=2 2 2 2 2 2 2 2 2 2 2 2 2 2 2 2 2 2 2 2 2 2 2 2 2 2 2 2 2 2
left_child=1 2 6 4 7 9 13 10 -6 17 27 -8 20 18 -5 22 19 23 25 -7 -10 -14 -16 -4 -25 26 -1 -2 29 -11
right_child=3 -3 5 14 8 16 11 -9 12 28 -12 -13 21 -15 15 -17 -18 -19 -20 -21 -22 -23 -24 24 -26 -27 -28 -29 -30 -31
leaf_value=-0.0502868142585014 3.8148136961134696e-05 0.02196975034002499 -0.035877925404978139 0.053223856143862595 0.056809554933073859 -0.021387531823678321 -0.052671409886165102 0.029764400193661514 0.027022325035574026 -0.0098466069789870415 -0.011021830403829569 -0.0022818402415912676 -0.040536905047627553 -0.0096148498421513885 0.026530517967862682 0.048226391642772419 0.012568686062732749 -0.045267161882258142 -0.043393390589978674 -0.00051748970509644129 0.040338903694948428 0.031146266018991349 -0.031904572680923476 -0.02752993665279926 0.0014539801858969748 -0.017025875837635481 -0.026539818331751688 0.023801401983761822 0.026907560511523793 -0.026453463412707792
leaf_weight=242.06086735916324 180.24106004205532 481.35057500074618 668.9945428990759 3096.4478026253637 463.92573050037026 642.75958605250344 2508.8716120792669 588.73254962044302 1042.0538698805613 411.12200020230375 431.97529181651771 53.961136761703528 40.605193758383393 148.77702286484418 213.63892105326522 659.15969670494087 197.38193428260274 657.35279538866598 1962.28226237325 379.23144014691934 1239.2004114789888 34.078185757389292 31.391365495976061 296.17644036293495 133.83782413532026 280.28376818308607 336.55852886301 382.84548101667315 32.333093208959326 625.60939518292435
leaf_count=312495 32969 4755 586091 72994 2037 375462 2666727 21820 7045 175407 24353 4835 887 10936 16764 2913 68928 148900 300322 70549 5538 173 617 262268 80378 302142 413009 36405 5219 70644
internal_value=-2.59355e-10 -0.0325142 -0.0352525 0.0389157 0.0285669 -0.0229697 -0.0442319 0.0138157 0.036852 -0.0288259 0.0043796 -0.0516104 0.032922 -0.0378649 0.050307 0.0403182 -0.00940029 -0.0351395 -0.0393547 -0.0136433 0.034256 -0.00782772 0.0190443 -0.0290819 -0.018509 -0.0301277 -0.0364742 0.0161949 -0.0184532 -0.0198679
internal_weight=18463.2 10058.9 9577.59 8404.3 4403.66 4044.8 5532.8 1583.79 2819.86 2825.43 995.062 2562.83 2355.94 2969.96 4000.64 904.19 1219.37 1756.36 2821.19 1021.99 2281.25 74.6834 245.03 1099.01 430.014 858.903 578.619 563.087 1069.06 1036.73
internal_count=6083582 5859067 5854312 224515 131227 1843846 4010466 115547 15680 1328907 93727 2671562 13643 1338904 93288 20294 514939 1077637 1327968 446011 12583 1060 17381 928737 342646 1027646 725504 69374 251270 246051
is_linear=0
shrinkage=0.05


Tree=19
num_leaves=31
num_cat=0
split_feature=81 28 38 81 28 96 77 42 76 3 62 55 24 15 5 84 98 5 44 89 98 42 24 28 37 7 58 76 93 88
split_gain=8628.34 552.114 398.377 389.138 213.155 124.771 84.7106 81.444 80.4575 67.1031 61.7912 56.551 49.2039 44.5576 43.7307 43.6056 47.4656 41.7167 39.1657 41.3883 36.0083 33.5823 35.4669 31.99 31.984 31.5958 29.9792 27.8085 27.5578 26.6764
threshold=0.064583335071802153 0.1301790848374367 1.0017150044441225 0.37980769574642187 0.36573067307472235 0.0055618609767407188 1.0000000180025095e-35 1.5000000000000002 0.77783694863319408 0.020620748400688175 0.1030595786869526 0.084900315850973143 0.064516987651586546 0.63333335518836986 1.0000000180025095e-35 1343.5000000000002 97.104263305664077 1.0000000180025095e-35 0.0051303985528647908 25.500000000000004 6.0487449169158944 1.5000000000000002 0.18924145400524142 0.99984624981880199 0.0017080029938369992 0.079473681747913374 0.16359419375658038 0.14798315614461902 1.6824715733528139 0.27718676626682287
decision_type=2 2 2 2 2 2 2 2 2 2 2 2 2 2 2 2 2 2 2 2 2 2 2 2 2 2 2 2 2 2
left_child=1 2 5 4 6 12 9 -6 11 -2 29 -4 -1 17 18 20 -17 -5 19 -9 28 22 26 -16 -21 -20 -12 -22 -13 -7
right_child=3 -3 8 13 7 10 -8 14 -10 -11 21 15 -14 -15 23 16 -18 -19 25 24 27 -23 -24 -25 -26 -27 -28 -29 -30 -31
leaf_value=-0.053782299865204636 0.015549918393041196 0.021208974197219402 -0.031421465891220163 0.044209690117675809 0.055824335330063646 -0.043911793414628641 0.028211941072109243 0.022912304426178292 0.0040454317961873022 -0.010780557733040768 -0.028948041898111489 -0.019674564191091662 -0.017970613574351316 0.0539140908312222 -0.036951232106652125 -0.031893383149258825 0.0097578231166490243 -0.0075379533144944071 0.033626086653077127 -0.091510357670960829 -0.014200353594385141 -0.037729941256850662 0.042857588109210171 0.029891899403953204 0.0097207999515387476 0.052409441529450623 0.0010479295651911031 0.013818974714674127 0.029539424642083263 0.015986806307922177
leaf_weight=1883.4094664339209 556.22040628036484 467.61902934138197 1022.0525169605389 1406.9277892761165 441.7705670343712 1948.1483264617273 577.83450337051181 243.77299500850495 327.64429019973613 428.29160630796105 1142.3820338369114 576.65780884306878 101.06262587837409 2367.7495685253525 38.626963573275134 546.40003348642495 78.189296980155632 40.055305355228484 1686.6883743366343 14.805884162429722 147.9563839957118 1091.1485289637349 18.569971960037947 33.356743395794183 16.496198412030935 258.14936165418476 89.849320100154728 220.55831159092486 29.920974382199347 18.767088961554691
leaf_count=2455399 69374 4755 988237 34904 2037 1002936 21820 2150 122326 24353 509437 213106 10334 57936 887 275319 27602 448 9125 554 56264 125005 887 173 255 499 6964 48945 5020 6531
internal_value=-5.60845e-10 -0.0317965 -0.0344783 0.0380674 0.0277472 -0.0415845 0.0130149 0.0361669 -0.019315 0.00409539 -0.0368068 -0.0222344 -0.0519585 0.0496897 0.0323779 -0.0163647 -0.0266793 0.0427772 0.0336216 0.0159624 -0.00975782 -0.0313195 -0.0257273 -0.0059766 -0.0381615 0.0361193 -0.0267609 0.00256939 -0.017247 -0.0433403
internal_weight=17821.1 9710.34 9242.72 8110.75 4296.01 6293.34 1562.35 2733.67 2949.38 984.512 4308.87 2621.74 1984.47 3814.73 2291.9 1599.68 624.589 1446.98 2219.91 275.075 975.093 2341.95 1250.8 71.9837 31.3021 1944.84 1232.23 368.515 606.579 1966.92
internal_count=6083582 5859067 5854312 224515 131227 4117493 115547 15680 1736819 93727 1651760 1614493 2465733 93288 13643 626256 302921 35352 12583 2959 323335 642293 517288 1060 809 9624 516401 105209 218126 1009467
is_linear=0
shrinkage=0.05


Tree=20
num_leaves=31
num_cat=0
split_feature=75 81 94 28 15 76 73 75 62 100 42 42 37 42 2 69 77 89 1 97 1 69 5 83 76 35 50 69 22 98
split_gain=7927.6 595.357 402.296 312.831 122.419 108.495 96.2791 89.3637 65.2337 58.603 58.2332 55.6813 45.2213 40.8232 40.41 39.9708 37.6516 36.3172 35.823 35.41 34.8575 34.6345 31.776 30.1061 29.547 28.8688 26.3882 25.2498 25.1061 25.603
threshold=0.95976471900939953 0.2264957278966904 1.0013056993484499 0.82770204544067394 0.63333335518836986 0.3337771892547608 769.50000000000011 0.99993136525154125 0.10420059412717821 1.0000000180025095e-35 2.5000000000000004 2.5000000000000004 0.0049768935423344382 1.5000000000000002 6.5000000000000009 0.020351968705654148 1.0000000180025095e-35 12.500000000000002 0.28035087883472448 0.16416209191083911 0.31311275064945226 0.04384309612214566 1.0000000180025095e-35 0.0082474239170551317 0.88344147801399242 479.33740234375006 10.500000000000002 0.0060987607575953015 24408.000000000004 59.439325332641609
decision_type=2 2 2 2 2 2 2 2 2 2 2 2 2 2 2 2 2 2 2 2 2 2 2 2 2 2 2 2 2 2
left_child=2 3 6 7 9 8 18 11 20 12 -5 19 17 -11 15 -7 -14 -3 24 -2 -4 25 -23 -10 -1 -12 -9 -15 29 -17
right_child=1 4 5 10 -6 14 -8 26 23 13 21 -13 16 27 -16 28 -18 -19 -20 -21 -22 22 -24 -25 -26 -27 -28 -29 -30 -31
leaf_value=-0.031223830892118207 -0.012232159195703984 0.017649663167683533 -0.026820490651690145 0.045837464186620908 0.053192701915292163 -0.018555137797966827 -0.051134223015996773 0.0065461389504521926 -0.022017287220903889 0.055042698262271442 0.008980213817935831 -0.035810747507495036 0.026564511143896127 0.012560348522408919 -0.028043132063880739 -0.0016134318870472152 0.043470843378134061 -0.041916476326477659 -0.042120755886236816 0.017743893838361151 -0.043325757112907898 0.032483129853860863 -0.021545601474063591 0.0052286283776693566 0.031447844608237061 0.035423015502376913 0.029376641534432563 0.040882427153413795 -0.076826549069216044 0.022228219172039147
leaf_weight=1079.2334307380952 380.95901184098329 156.58780672342982 607.06890179426409 455.5646652712021 2281.7355706411181 327.91503026045393 2252.5732866105973 495.44001029996434 1254.9639016066212 594.87390354741365 418.77886824193411 195.86823084688513 732.70790815912187 88.216452489839867 226.31583213817794 445.5391926926095 598.18967298336793 30.587526428513229 1439.8213417748921 132.88239812012762 676.18694118864369 994.60390926466789 27.979354904964566 110.30050673126243 19.140146661549807 136.97923599276692 169.9935220957268 729.11070072115399 9.6643925514072162 150.69061414012685
leaf_count=934341 61140 13953 734204 2365 58089 304888 2666823 26693 375971 2712 4548 18836 27828 731 42661 131428 16995 9609 360593 7624 191893 5315 588 23875 16690 1292 4607 2793 6058 28439
internal_value=8.03722e-10 0.0338823 -0.0339676 0.0176356 0.0445088 -0.0218385 -0.0436101 -0.000784813 -0.0274238 0.0377469 0.0300898 -0.0131269 0.030927 0.0450781 -0.00908769 -0.00449369 0.0341633 0.00791558 -0.0369326 -0.00448018 -0.0355176 0.0255445 0.0310048 -0.0198161 -0.0301317 0.0154976 0.0123785 0.0378255 0.00311648 0.00441229
internal_weight=17220.5 8621.06 8599.41 3409.05 5212.01 3808.65 4790.77 1375.14 2648.52 2930.27 2033.91 709.71 1518.07 1412.2 1160.13 933.809 1330.9 187.175 2538.19 513.841 1283.26 1578.34 1022.58 1365.26 1098.37 555.758 665.434 817.327 605.894 596.23
internal_count=6083582 265718 5817864 133008 132710 1839417 3978447 118900 1325943 74621 14108 87600 68385 6236 513474 470813 44823 23562 1311624 68764 926097 11743 5903 399846 951031 5840 31300 3524 165925 159867
is_linear=0
shrinkage=0.05


Tree=21
num_leaves=31
num_cat=0
split_feature=81 28 15 94 10 76 63 77 42 44 3 24 1 5 3 81 69 2 37 7 28 38 16 5 84 65 79 76 88 35
split_gain=7305.08 476.53 364.193 360.56 212.972 98.8305 96.4444 93.1796 84.867 61.7537 60.2642 52.8977 46.835 42.0193 38.2766 37.441 35.8181 35.7804 33.7422 31.7811 31.4026 30.1392 30.2084 29.3677 25.6433 25.6131 24.5058 24.2215 27.1531 23.1932
threshold=0.064583335071802153 0.1301790848374367 0.45000000298023229 1.0013056993484499 1.0000000180025095e-35 0.3337771892547608 7.5000000000000009 1.0000000180025095e-35 1.5000000000000002 0.023537497967481617 0.020620748400688175 0.12992049753665927 0.23606811463832858 1.0000000180025095e-35 0.016261236742138866 0.63392856717109691 0.020351968705654148 5.5000000000000009 0.0054756032768636951 0.079473681747913374 0.99900168180465709 2.6366847753524785 0.13712210953235629 1.0000000180025095e-35 4500.5000000000009 0.022239129059016708 2.2320719957351689 0.15161629766225818 0.048578053712844856 479.66056823730474
decision_type=2 2 2 2 2 2 2 2 2 2 2 2 2 2 2 2 2 2 2 2 2 2 2 2 2 2 2 2 2 2
left_child=1 3 4 6 7 9 11 10 -6 21 -2 14 24 19 27 23 25 -18 -8 -10 -15 -5 -23 -4 -11 -7 -24 28 -1 -27
right_child=2 -3 15 5 8 16 18 -9 13 12 -12 -13 -14 20 -16 -17 17 -19 -20 -21 -22 22 26 -25 -26 29 -28 -29 -30 -31
leaf_value=-0.045705535820453898 0.01322687494722718 0.020153795572384638 0.043418231361763454 -0.048436091916526383 0.054521745240059122 -0.050245628377191515 -0.051046610742474401 0.028114705237996442 0.029873822800963776 -0.0061790189972421652 -0.011729306039102744 -0.0064098526094314564 -0.027706821103096871 -0.042988738705443313 -0.04136663013206273 0.052811777097561435 0.0036221808171292102 -0.021667489056938757 -0.0071558137492628822 0.047424243614097882 0.025056825570778762 -0.042619639877470861 0.0053722396900581885 0.0052305076520624202 -0.032786344550921026 -0.0056457307909483466 -0.027131045979915239 -0.01624886314172477 -0.023274408795263029 -0.032810653023356964
leaf_weight=270.37683829443995 572.25338989519514 446.14369126432575 1151.1958327302709 345.71894918812905 466.9061582016293 63.449756965972483 2001.1626520389691 565.32123579760082 1867.8701140530175 559.55946076288819 419.04277714964701 144.93630313954782 966.01548570615705 32.638813581317663 1866.5981290214113 2096.3171024438925 567.87401996820699 185.56467672926374 44.768710027914494 299.27881068177521 35.285683167632669 270.86882808117662 72.99180971190799 52.648233751766384 108.0389729978051 213.88964796997607 282.15560287307017 273.55049266689457 269.28105894825421 124.20184025040362
leaf_count=421538 70916 4755 32279 155668 2525 69348 2579285 22184 12301 275729 24216 10705 143517 922 321017 57830 161581 22732 5317 677 215 315402 67216 450 93095 153141 278280 323257 349347 108137
internal_value=-2.45668e-11 -0.030235 0.0363085 -0.0328396 0.026647 -0.0212088 -0.041819 0.0119155 0.0351339 -0.0266059 0.00267735 -0.0358312 -0.0206689 0.0310838 -0.0374224 0.0487759 -0.00903441 -0.00260642 -0.0500862 0.0322975 -0.00764016 -0.0365868 -0.030043 0.0417482 -0.0104849 -0.0210957 -0.0204508 -0.0283691 -0.0345127 -0.0156251
internal_weight=16635.9 9077.15 7558.76 8631 4258.6 3760.33 4870.67 1556.62 2701.98 2605.35 991.296 2824.74 1633.61 2235.07 2679.81 3300.16 1154.98 753.439 2045.93 2167.15 67.9245 971.735 626.016 1203.84 667.598 401.541 355.147 813.208 539.658 338.091
internal_count=6083582 5859067 224515 5854312 133956 1843846 4010466 117316 16640 1328907 95132 1425864 512341 14115 1415159 90559 514939 184313 2584602 12978 1137 816566 660898 32729 368824 330626 345496 1094142 770885 261278
is_linear=0
shrinkage=0.05


Tree=22
num_leaves=31
num_cat=0
split_feature=81 28 94 15 10 73 76 42 77 62 24 3 37 81 5 3 69 18 44 89 7 83 65 28 96 76 98 22 94 76
split_gain=6695.33 473.169 338.22 336.395 182.134 103.817 89.9545 83.5641 80.6678 57.2784 53.1214 51.1223 44.7576 38.6944 35.1296 34.8824 33.8149 32.7705 31.7349 49.0762 28.5402 28.3034 26.951 26.5468 25.6995 24.911 24.4182 26.0962 25.094 24.234
threshold=0.074175827205181136 0.1301790848374367 1.0013056993484499 0.45000000298023229 1.0000000180025095e-35 769.50000000000011 0.3337771892547608 1.5000000000000002 1.0000000180025095e-35 0.10420059412717821 0.12992049753665927 0.020620748400688175 0.011768877971917393 0.63392856717109691 1.0000000180025095e-35 0.16784037649631503 0.030332273803651336 1.0000000180025095e-35 0.0027708507841452961 33.500000000000007 0.079473681747913374 0.0082474239170551317 0.022239129059016708 0.99900168180465709 1.8398234844207766 0.98554348945617687 111.24084091186525 1070.5000000000002 3.9736869335174565 0.88344147801399242
decision_type=2 2 2 2 2 2 2 2 2 2 2 2 2 2 2 2 2 2 2 2 2 2 2 2 2 2 2 2 2 2
left_child=1 2 5 4 8 10 9 -6 11 17 15 -2 -7 -5 18 29 22 24 19 -9 -20 26 -8 -16 -4 -18 27 28 -11 -1
right_child=3 -3 6 13 7 12 16 14 -10 21 -12 -13 -14 -15 23 -17 25 -19 20 -21 -22 -23 -24 -25 -26 -27 -28 -29 -30 -31
leaf_value=-0.031344256147684685 0.01301200626883918 0.020245619193510145 -0.017246954378206055 0.040802609558743125 0.053986860787994653 -0.050305468184783798 -0.042187615457619926 0.019546766373914552 0.027494752868984829 -0.029652612242491758 -0.0060598927332745191 -0.010886464355200593 -0.0046412200901297758 0.052296353842646498 -0.039433723730185638 -0.042273065721352011 -0.0050042887314920535 -0.04808541380022982 0.031043089314311847 -0.081988200172033732 0.04909363892045697 0.0059279123153460995 -0.012667249345807832 0.024098286837356278 -0.03487841102680532 0.02261280444933798 0.016342499705983098 -0.032363512062887449 -0.010387247733960233 0.018479635777218659
leaf_weight=1311.2645674243686 545.2280935018789 460.22653498110594 312.54546677996404 1161.7084398708539 443.14238339336589 2011.1858388193068 92.495513918111101 230.98479135468369 542.13541748945136 250.5475928147207 158.38338786584791 379.55079708690755 55.131449908250943 1980.8516209242516 31.023279143148102 1158.104710051266 478.75378079083748 293.58058835426345 1599.7928196275025 12.547355322400106 253.71525354799815 108.77625567291398 471.13218401977792 34.984396233456209 610.1354203078663 98.443756333552301 42.932777137495577 402.68859155336395 519.48704833595548 24.868479704251513
leaf_count=1119333 67500 4938 252278 32729 2514 2667227 84022 2168 21631 83007 11517 21383 5349 57830 922 193574 105088 51343 9501 601 536 23946 309527 215 625113 16711 11467 155290 127185 19137
internal_value=-1.40067e-11 -0.0291184 -0.0318228 0.0357567 0.026274 -0.0406844 -0.0204642 0.0342063 0.012181 -0.0257014 -0.0341389 0.00320352 -0.0490871 0.0480475 0.0301539 -0.0359219 -0.00880051 -0.0335355 0.0312844 0.0143154 0.0335139 -0.0185071 -0.0175118 -0.00576144 -0.028906 -0.000294064 -0.0206935 -0.0220494 -0.0166557 -0.0304169
internal_weight=16076.3 8860.68 8400.46 7215.66 4073.1 4718.94 3681.52 2606.19 1466.91 2540.69 2652.62 924.779 2066.32 3142.56 2163.05 2494.24 1140.83 1216.26 2097.04 243.532 1853.51 1324.43 563.628 66.0077 922.681 577.198 1215.66 1172.72 770.035 1336.13
internal_count=6083582 5866052 5861114 217530 126971 4016137 1844977 16457 110514 1329629 1343561 88883 2672576 90559 13943 1332044 515348 928734 12806 2769 10037 400895 393549 1137 877391 121799 376949 365482 210192 1138470
is_linear=0
shrinkage=0.05


Tree=23
num_leaves=31
num_cat=0
split_feature=81 28 81 94 10 73 1 42 3 76 15 24 44 37 44 8 5 50 76 29 37 76 94 29 58 76 37 64 6 96
split_gain=6134.55 439.891 321.843 319.394 165.106 101.177 83.6017 75.0927 57.8382 54.8568 51.3288 48.827 43.2334 42.9445 42.0124 38.2875 36.1015 34.531 33.7156 42.2983 31.1934 29.2066 28.247 26.9594 26.5102 26.3872 25.2104 24.8491 24.3523 23.9652
threshold=0.074175827205181136 0.1301790848374367 0.37980769574642187 1.0013056993484499 1.0000000180025095e-35 769.50000000000011 0.16472868621349337 1.5000000000000002 0.020620748400688175 0.98554348945617687 0.63333335518836986 0.12992049753665927 0.021074986085295681 0.011768877971917393 0.038445396348834045 1.5000000000000002 1.0000000180025095e-35 2.5000000000000004 0.012727882713079454 0.83852505683898937 0.018488232977688316 0.1297523304820061 0.99629920721054088 0.43561355769634252 0.002525856602005661 0.27374035120010382 0.0064266975969076165 1.2638240456581118 0.0089891669340431708 1.7576124072074892
decision_type=2 2 2 2 2 2 2 2 2 2 2 2 2 2 2 2 2 2 2 2 2 2 2 2 2 2 2 2 2 2
left_child=1 3 4 5 8 11 9 -6 20 12 16 18 -5 -7 25 -10 22 -9 -1 24 23 -14 26 -2 -20 29 -4 28 -22 -8
right_child=2 -3 10 6 7 13 14 17 15 -11 -12 -13 21 -15 -16 -17 -18 -19 19 -21 27 -23 -24 -25 -26 -27 -28 -29 -30 -31
leaf_value=-0.04388613356713738 -0.0073473136460744486 0.019920606509480212 0.023360086472412375 -0.026312562519485806 0.053912272727410927 -0.049728104490790216 -0.025562653870966252 0.022279702749319143 0.01533547530141588 0.017879616115925177 0.051852344656093244 -0.0063744872957984802 -0.0195474624204427 -0.0046508024588058933 -0.018700848173476333 -0.010445620227072152 -0.010014428529206863 0.035230019321253518 -0.024098721415308475 0.026500072575243335 0.030223120278478441 -0.00031715201726211547 0.025746757356160041 0.024986187522578984 -0.037246616506453889 -0.022612525245813985 0.047436602074663631 0.035067760486038053 -0.0062077142346819124 -0.044878235206063766
leaf_weight=755.09678262693342 153.75245954177808 446.68011659901822 125.15782861877233 461.76215947186574 363.03218162525445 1896.0675526650157 239.42524293524912 955.01027418690501 237.55499094189145 150.48401892092079 1890.8189652067958 157.2618174215313 310.470137368422 54.350719016394578 985.97866728255758 365.71336096170126 36.762719457736239 1116.5455364647787 618.6677546093706 31.228852762142196 93.397159088170156 542.37042120296974 262.28675175085664 111.01770305004902 1008.1319636176922 406.57729576551355 828.12436213926412 347.97224955039565 90.146237289533019 487.67509628646076
leaf_count=405509 36191 4938 10288 809514 2077 2667227 67077 7570 4483 60767 57936 11517 220934 5349 120650 21178 448 6161 742953 11217 3636 281174 8870 15006 172365 117966 15746 19449 8491 166895
internal_value=2.56358e-11 -0.0283848 0.0347919 -0.0310468 0.025069 -0.039885 -0.0199008 0.0329358 0.0113843 -0.0107164 0.0466524 -0.0333692 -0.0139898 -0.048472 -0.0262489 -0.000293541 0.0388012 0.0292598 -0.0351284 -0.03114 0.0202314 -0.0073178 0.0402775 0.00621007 -0.0322465 -0.0328136 0.0442756 0.0272161 0.0123303 -0.0385179
internal_weight=15529.5 8552.23 6977.29 8105.55 3834.14 4520.81 3584.74 2434.59 1399.55 1465.09 3143.15 2570.39 1314.6 1950.42 2119.66 603.268 1252.33 2071.56 2413.13 1658.03 796.286 852.841 1215.57 264.77 1626.8 1133.68 953.282 531.516 183.543 727.1
internal_count=6083582 5866052 217530 5861114 124242 4016137 1844977 15808 108434 1372389 93288 1343561 1311622 2672576 472588 25661 35352 13731 1332044 926535 82773 502108 34904 51197 915318 351938 26034 31576 12127 233972
is_linear=0
shrinkage=0.05


Tree=24
num_leaves=31
num_cat=0
split_feature=75 81 94 28 15 76 1 81 42 100 76 69 69 42 29 44 24 37 90 5 77 84 79 58 59 90 79 8 86 7
split_gain=5644.89 508.781 332.93 254.378 116.713 93.9106 76.948 68.4304 54.4513 54 46.484 40.5138 39.0708 37.9426 37.3075 35.3146 34.8582 31.968 29.5457 29.5172 29.4829 28.7654 28.0324 26.5659 26.5271 26.0774 26.0006 24.6379 23.787 23.3719
threshold=0.9278351664543153 0.2264957278966904 1.0013056993484499 0.82770204544067394 0.63333335518836986 0.012727882713079454 0.28730159997940069 0.10263158008456232 2.5000000000000004 1.0000000180025095e-35 0.99999400973320018 0.011548455338925125 0.016062757000327114 1.5000000000000002 0.83852505683898937 0.046977508813142783 0.12694705277681353 0.015121431089937689 0.7935493290424348 1.0000000180025095e-35 1.0000000180025095e-35 1800.5000000000002 158.28479766845706 0.002525856602005661 0.90978088974952709 1.0804084539413454 65.939685821533217 5.5000000000000009 1.5691434144973757 0.12310606241226198
decision_type=2 2 2 2 2 2 2 2 2 2 2 2 2 2 2 2 2 2 2 2 2 2 2 2 2 2 2 2 2 2
left_child=2 3 5 7 9 -1 10 16 -5 11 12 28 -4 -11 23 -8 25 -10 -9 29 27 26 24 -7 -23 -2 -14 -13 -3 -19
right_child=1 4 6 8 -6 14 15 18 17 13 -12 20 21 -15 -16 -17 -18 19 -20 -21 -22 22 -24 -25 -26 -27 -28 -29 -30 -31
leaf_value=-0.048335166954178645 -0.031402227064618565 0.01394202993249345 -0.027881956082270773 0.043621154279695963 0.051212421523900722 -0.026072955500054978 -0.03323614300175922 -0.004319046609712854 -0.00021318122149530046 0.053153780775780951 0.014635230429058406 0.018552198070396871 -0.0072696386582271032 0.035030512791296937 0.018704751282103166 -0.018224061101932806 -0.0012445213366983658 0.024244857422668638 0.01832739457725829 -0.01879144148202639 0.041558356716992755 -0.049718554551912965 0.012334054747709586 -0.038272033519783172 -0.018268273794811045 0.0010621328658236273 0.02565992735683344 0.041473623589394618 -0.06957464931431083 0.047923433598391421
leaf_weight=2015.0314510738244 262.55193769966718 287.07126095413696 423.84258631023113 394.66436890687328 1814.267008026538 694.76212570385542 999.99014961358625 222.74688344658352 137.94855270284461 486.00584995385725 146.10247351671569 426.00795698235743 722.16889085038565 711.72409935307223 34.287459451239556 644.07245921628783 344.52695698477328 1173.5797287665191 407.5144985638326 37.264851267798804 480.40251706610434 85.988215011544526 57.023744052392431 1247.8378783029038 304.37858240189962 80.922624773229472 65.37104233331047 161.74843063415028 8.7867103633470816 114.36897647287697
leaf_count=2759505 44565 33690 740298 2370 58090 960141 299901 23251 2431 2717 60525 19857 352582 3525 14259 77186 19859 8233 24403 820 12761 75099 18432 241355 204230 10040 10690 1280 1199 288
internal_value=-3.79691e-10 0.0304531 -0.0309084 0.0152198 0.0415094 -0.0407391 -0.0195299 -0.00157853 0.0271394 0.0346375 -0.012402 0.027835 -0.0147835 0.0423844 -0.0329965 -0.0273551 -0.0124819 0.0226937 0.0103237 0.0250782 0.0323701 -0.0102879 -0.0204125 -0.0339091 -0.025196 -0.0237536 -0.00453627 0.0248601 0.0114617 0.0263475
internal_weight=14993 7552.1 7440.86 3176.09 4376.01 3991.92 3448.94 1318.26 1857.83 2561.75 1804.88 1364.02 1658.77 1197.73 1976.89 1644.06 688.002 1463.16 630.261 1325.21 1068.16 1234.93 447.391 1942.6 390.367 343.475 787.54 587.756 295.858 1287.95
internal_count=6083582 269379 5814203 136260 133119 3975260 1838943 122118 14142 75029 1461856 68787 1401331 6242 1215755 377087 74464 11772 47654 9341 33898 661033 297761 1201496 279329 54605 363272 21137 34889 8521
is_linear=0
shrinkage=0.05


Tree=25
num_leaves=31
num_cat=0
split_feature=81 28 81 94 28 63 3 42 77 69 15 24 44 76 76 37 5 99 80 50 1 46 36 37 51 94 4 51 42 31
split_gain=5195.55 377.943 309.329 290.079 153.56 96.9888 73.4765 63.1309 51.1116 49.5468 48.4214 44.6243 41.4754 37.6905 34.1286 33.3697 32.9538 30.6946 29.7134 27.3674 27.0613 30.003 26.9463 26.1923 23.3084 23.1409 23.1231 22.3997 22.0636 21.5118
threshold=0.069047622382640853 0.1301790848374367 0.37980769574642187 1.0013056993484499 0.97155532240867626 7.5000000000000009 0.067117117345333113 1.5000000000000002 1.0000000180025095e-35 0.023457398638129238 0.63333335518836986 0.12992049753665927 0.038445396348834045 0.1460378244519234 0.77783694863319408 0.0097982627339661139 1.0000000180025095e-35 0.060791866853833205 0.99977999925613414 2.5000000000000004 0.25176055729389196 1.053831994533539 1.5127090811729433 0.0064266975969076165 0.39684736728668218 7.1381013393402108 1.5000000000000002 0.14353504031896594 7.5000000000000009 0.050114154815673835
decision_type=2 2 2 2 2 2 2 2 2 2 2 2 2 2 2 2 2 2 2 2 2 2 2 2 2 2 2 2 2 2
left_child=1 3 4 5 8 11 9 -6 15 17 16 14 24 22 20 -2 23 -5 -7 28 21 -1 26 -4 -8 -25 27 -11 -9 -22
right_child=2 -3 10 6 7 18 12 19 -10 13 -12 -13 -14 -15 -16 -17 -18 -19 -20 -21 29 -23 -24 25 -26 -27 -28 -29 -30 -31
leaf_value=-0.036967295591393549 -0.012539848351898603 0.018741116284282905 0.018431450465406281 -0.023804205138161071 0.053477876960417975 -0.048614398678024855 -0.03707479483718152 0.02514473197060765 0.024713786293680817 -0.02062771264435834 0.051005151318399389 -0.0061231062560029616 -0.019106878944931259 0.0017404534494247143 0.0137492300619248 0.0098616557385757392 -0.010291873247111324 0.027483838272556474 0.025911257612045838 0.034545826626959444 -0.041465486924074674 -0.019265995998695346 0.027894699758710069 0.045287077359093236 0.0067404222517299011 0.024122734966238416 -0.0089852571300730426 -0.058294748833342153 -0.00028394889858280404 -0.020107250157078611
leaf_weight=494.18039395590313 206.48356582748238 426.52759853604948 133.86472045397386 727.66947112185881 304.4364546595607 1625.4345374544791 720.21028789167758 731.81834023899864 513.73297752562212 100.25279530603439 1675.925680340617 152.38431024254533 849.93670152372215 700.987935713958 36.759737988933921 852.97996363643324 34.700192721560597 30.390560766216367 13.485564150149001 973.18640404299367 1213.0634091646934 464.28531105455477 29.157778698485345 832.34488748188596 31.688502890290692 152.87700212327763 164.62185552623123 65.098556411918253 96.558975301100872 130.58352410513908
leaf_count=536141 40627 4852 12988 1037201 1797 2584355 133228 5365 21677 96558 57936 11227 76188 305825 25935 51969 448 24838 657 5343 369472 451511 12613 17351 3110 4565 79296 75512 1127 33870
internal_value=1.0565e-10 -0.0270495 0.0331494 -0.0296363 0.0235902 -0.0385546 -0.0188662 0.0324188 0.0117715 -0.0119873 0.0455782 -0.0323399 -0.0266742 -0.00500762 -0.034048 0.00549573 0.0376954 -0.0217481 -0.0480012 0.0288602 -0.0348112 -0.0283927 -0.0181792 0.0391834 -0.0352282 0.042003 -0.0222505 -0.0354572 0.0221807 -0.0393898
internal_weight=14485.6 7976.72 6508.91 7550.19 3679.2 4130.18 3420.01 2106 1573.2 1818.18 2829.71 2491.26 1601.84 1060.12 2338.87 1059.46 1153.79 758.06 1638.92 1801.56 2302.11 958.466 359.131 1119.09 751.899 985.222 329.973 165.351 828.377 1343.65
internal_count=6083582 5862389 221193 5857537 127905 4013168 1844369 13632 114273 1631843 93288 1428156 212526 569804 1416929 92596 35352 1062039 2585012 11835 1390994 987652 263979 34904 136338 21916 251366 172070 6492 403342
is_linear=0
shrinkage=0.05


Tree=26
num_leaves=31
num_cat=0
split_feature=81 28 81 94 28 73 42 96 84 3 15 38 3 37 90 8 15 50 5 76 86 84 37 58 54 37 22 88 54 76
split_gain=4747.31 365.991 290.314 273.571 142.739 98.1497 72.4414 71.1641 78.4386 54.5871 49.9175 44.141 42.9661 40.0264 34.1848 32.7758 32.4721 31.7657 28.1864 27.9687 27.6219 30.9537 26.584 26.424 25.2681 24.0529 23.9662 24.6512 23.5617 22.8515
threshold=0.074175827205181136 0.1301790848374367 0.37980769574642187 1.0013056993484499 0.27726890146732336 769.50000000000011 2.5000000000000004 76.535903930664077 1343.5000000000002 0.020620748400688175 0.63333335518836986 2.7007031440734868 0.18237251043319705 0.011768877971917393 0.80109891295433056 1.5000000000000002 1.0000000180025095e-35 12.500000000000002 1.0000000180025095e-35 0.16375155746936801 0.68229663372039806 179.50000000000003 0.0087750097736716288 0.26426738500595098 0.27610892057418829 0.0064266975969076165 8666.0000000000018 0.02050668187439442 0.40937016904354101 0.23368854075670245
decision_type=2 2 2 2 2 2 2 2 2 2 2 2 2 2 2 2 2 2 2 2 2 2 2 2 2 2 2 2 2 2
left_child=1 3 4 5 9 12 -6 8 11 22 18 23 16 -7 -10 -11 28 -8 25 -16 21 -13 -2 -5 -23 -4 27 -9 -1 -26
right_child=2 -3 10 7 6 13 17 26 14 15 -12 20 -14 -15 19 -17 -18 -19 -20 -21 -22 24 -24 -25 29 -27 -28 -29 -30 -31
leaf_value=-0.032643893019805879 0.00012703692501317984 0.018551646425154302 0.018055266685040754 -0.02627246111337217 0.042815378398564315 -0.048315010861555874 0.0197389542300766 -0.07219950246162507 -0.045661844674852049 0.0136258650564102 0.050601082573857786 0.0018127121540401474 -0.03890141271020877 -0.0037522714831750453 -0.034914212461177756 -0.010949042871839778 0.007141086271724305 0.03698316984878413 -0.0082811061518076896 -0.018315099701315393 -0.0018541397997060842 -0.070486856850120391 0.023671162229700081 0.010937378562815965 -0.040439774263833439 0.040942387725070327 -0.013607206152626401 0.021336133257557482 -0.018716851247159629 -0.0063899812187490209
leaf_weight=752.23114428936969 149.82607759046368 433.04137621668633 130.61936763301492 636.43523897061823 803.93033127725357 1604.5691344858787 1069.4771596140345 7.3540182258002451 267.42276378872339 220.11966025264701 1574.4271683738043 118.70181131374557 985.5535399382934 52.023605920840055 452.2157368673943 353.68079869361827 73.618185830069706 355.94644016469829 33.678278738167137 578.29538837191649 741.82085176347755 32.492953508161008 600.11286563600879 51.578118535748217 95.666893234360032 947.58437750267331 96.999308726168238 167.13290532457177 509.30325799470302 101.61178335198201
leaf_count=700772 37914 4938 12988 245721 5036 2667227 8480 7362 279445 4491 57936 73501 190075 5349 280080 21373 6867 2089 448 332070 352569 31961 44859 4209 84063 21916 44935 42474 445847 66587
internal_value=1.5321e-10 -0.0261134 0.0324694 -0.0287539 0.0230915 -0.037619 0.0308138 -0.0182217 -0.0203874 0.010086 0.0448733 -0.0135664 -0.0309828 -0.0469156 -0.0297329 -0.00152169 -0.0251376 0.0240451 0.0367628 -0.0255992 -0.0073087 -0.0189202 0.0189674 -0.023483 -0.029631 0.0381697 0.00631754 0.0173939 -0.0270213 -0.0229018
internal_weight=13997.5 7758.07 6239.4 7325.03 3553.09 3977.3 2229.35 3347.73 3076.24 1323.74 2686.31 1778.31 2320.71 1656.59 1297.93 573.8 1335.15 1425.42 1111.88 1030.51 1090.29 348.473 749.939 688.013 229.772 1078.2 271.486 174.487 1261.53 197.279
internal_count=6083582 5866052 217530 5861114 124242 4016137 15605 1844977 1750206 108637 93288 858611 1343561 2672576 891595 25864 1153486 10569 35352 612150 608681 256112 82773 249930 182611 34904 94771 49836 1146619 150650
is_linear=0
shrinkage=0.05


Tree=27
num_leaves=31
num_cat=0
split_feature=75 81 94 28 15 76 28 1 42 77 77 76 42 24 32 44 48 55 5 29 42 69 5 22 76 36 57 58 28 6
split_gain=4336.48 436.432 287.087 200.013 139.175 92.0538 65.2226 64.5111 61.2543 60.9167 50.0146 41.5938 39.9209 39.7309 36.7202 36.207 35.0329 34.874 33.1086 32.5736 30.1987 30.028 27.8772 25.1621 24.7041 23.6589 23.25 23.125 21.9109 21.3047
threshold=0.9278351664543153 0.18465909361839297 1.0013056993484499 0.75724896788597118 0.63333335518836986 0.012727882713079454 0.93015676736831676 0.13423423469066623 1.5000000000000002 1.0000000180025095e-35 1.0000000180025095e-35 0.98554348945617687 2.5000000000000004 0.10990089550614358 0.00096263887826353322 0.058851016685366637 0.33114035427570349 0.084224317222833647 1.0000000180025095e-35 0.83852505683898937 1.5000000000000002 0.051343591883778579 1.0000000180025095e-35 1260.5000000000002 0.27028308808803564 0.77944681048393261 7.5000000000000009 0.002525856602005661 0.99995371699333202 8.2759828567504901
decision_type=2 2 2 2 2 2 2 2 2 2 2 2 2 2 2 2 2 2 2 2 2 2 2 2 2 2 2 2 2 2
left_child=2 3 5 10 6 29 9 11 -8 -3 13 17 -5 -2 -11 24 26 -4 -18 27 -15 -14 -23 -19 -9 -25 -10 -7 -20 -1
right_child=1 4 7 12 -6 19 8 15 16 14 -12 -13 21 20 -16 -17 18 23 28 -21 -22 22 -24 25 -26 -27 -28 -29 -30 -31
leaf_value=-0.047395751458497504 -0.024024994472766181 0.010856159160246039 -0.023839686419334115 0.042129562602533067 0.049809735078855791 -0.02389516415720206 0.052182341995960335 -0.034101668908110096 0.015095881412494567 0.040938439525927378 0.015411704097101213 0.016306927319426512 0.010016086231380257 0.010505350669668893 0.011776301250608927 -0.014095170723345419 0.036683225740279456 0.00023831795843617422 -0.040049208747196197 0.018951645088589691 -0.014528193026917872 0.027718230848334059 -0.034023517806257404 -0.038932893176083699 -0.019465697956110341 -0.0067243596042061609 -0.051237143286513222 -0.035843553426222106 0.02402884107194965 0.0042022999308403454
leaf_weight=1693.3813709967071 341.24006569257472 598.69418962474447 426.24097478180192 238.38006666966248 1516.0920112382155 638.62299649056513 493.69975443149451 785.33298929251032 135.91642168303952 431.30622213147581 229.79743816863629 141.23618111852556 479.08450703060953 246.4969370693434 143.98089094844181 641.11253326223232 950.94951152964495 517.63986965152435 23.319093141471967 32.627763815515209 235.63266427791677 710.45944698969834 18.765214149141684 93.892069036373869 455.56095654855017 145.16864569380414 14.632125372067092 1106.729315838922 31.177087530028075 20.244656134862453
leaf_count=2753153 66404 51420 803500 1637 58134 960141 3218 269339 1106 26630 10260 60493 5723 16989 2313 71748 4956 289174 411 14259 14843 4398 455 95695 133879 115115 315 241355 167 6352
internal_value=2.56635e-10 0.028004 -0.028597 0.0113627 0.03759 -0.0385166 0.031029 -0.0177944 0.0374394 0.0220209 -0.00521332 -0.00933909 0.0234298 -0.0109696 0.0336398 -0.0237436 0.0311431 -0.0124011 0.0345112 -0.0305463 -0.00172937 0.0197406 0.0261294 -0.00595783 -0.0287285 -0.0193744 0.00864884 -0.0314716 -0.00339037 -0.0467862
internal_weight=13537.4 6839.62 6697.79 2499.86 4339.77 3491.61 2823.68 3206.18 1649.69 1173.98 1053.17 1324.18 1446.69 823.37 575.287 1882.01 1155.99 1182.94 1005.45 1777.98 482.13 1208.31 729.225 756.701 1240.89 239.061 150.549 1745.35 54.4962 1713.63
internal_count=6083582 269379 5814203 120709 148670 3975260 90536 1838943 10173 80363 108496 1363977 12213 98236 28943 474966 6955 1303484 5534 1215755 31832 10576 4853 499984 403218 210810 1421 1201496 578 2759505
is_linear=0
shrinkage=0.05


Tree=28
num_leaves=31
num_cat=0
split_feature=81 28 15 79 28 3 37 42 98 37 44 35 81 76 4 77 98 97 93 84 42 36 5 37 65 69 31 21 28 3
split_gain=3987.02 318.689 271.221 251.033 139.925 111.1 65.1448 62.9193 54.5795 49.9309 47.1884 42.2693 39.8513 37.1031 36.8007 36.5804 34.5934 26.1254 24.7562 24.1114 22.3971 24.2798 21.8804 22.647 21.6743 21.6012 22.8887 20.8725 20.849 31.6004
threshold=0.074175827205181136 0.1301790848374367 0.45000000298023229 1.0000000180025095e-35 0.98498064279556286 0.072299651801586165 0.0097982627339661139 1.5000000000000002 51.426832199096687 0.0087750097736716288 0.032267529517412193 479.06411743164068 0.63392856717109691 0.14798315614461902 3.5000000000000004 1.0000000180025095e-35 59.439325332641609 0.10002513974905015 1.5141204595565798 18.500000000000004 7.5000000000000009 0.23502414673566821 1.0000000180025095e-35 0.0064266975969076165 0.014499035198241474 0.028593352995812896 0.083624709397554411 0.011790833435952665 0.27726890146732336 0.2522727251052857
decision_type=2 2 2 2 2 2 2 2 2 2 2 2 2 2 2 2 2 2 2 2 2 2 2 2 2 2 2 2 2 2
left_child=1 3 4 6 9 8 -1 -6 11 19 -7 13 22 14 -5 28 -12 -15 -16 -2 -9 -22 23 -4 -10 26 -13 -21 29 -11
right_child=2 -3 12 5 7 10 -8 20 24 15 16 25 -14 17 18 -17 -18 -19 -20 27 21 -23 -24 -25 -26 -27 -28 -29 -30 -31
leaf_value=-0.046970957309468847 0.01308134764721519 0.017521840691601103 0.016487736155533346 -0.028339174736904102 0.053064676229106635 -0.037154765724391491 -0.015722604483143856 0.02986850193052093 -0.055468703260904278 0.0085615898239654858 -0.025327984822086865 -0.036450755308314806 0.049654562555818793 -0.01387342798377676 -0.009997692551136271 0.028350131225271826 0.0053070073586437604 0.0038746345814345351 0.041636571440092862 -0.043145888421720263 -0.024067561692833476 0.02043256022916282 0.00072554407276979134 0.040895253582420583 0.011667758501732788 -0.016493534442085477 0.03763167083070925 -0.0069797807510865468 0.022272509740993426 -0.034569529774398332
leaf_weight=1559.2013907036453 97.959335362596903 421.6891475020675 108.38317130110227 478.84118216857314 287.21649204927962 1035.7939719931455 186.76663299486972 1378.7714763008989 12.672732606995849 645.63000247604214 1481.0177019588591 386.83732480264734 1375.1022369974235 404.55904985114466 220.75383762072306 396.64208472333848 98.264702977146953 425.35498778091278 25.941834208089858 55.84614755504299 38.006393436400685 158.41212238313165 41.469129504170269 771.94313142122701 234.02788966707885 289.1865642395569 10.715114877559243 139.66579246753827 262.69821638730355 45.456864214153029
leaf_count=2650512 7412 4938 12215 691084 2018 245064 22191 9251 17269 48421 202017 716677 57830 535228 158675 12355 8664 214039 7608 15707 665 1168 450 20064 127978 253717 10391 24632 2337 3005
internal_value=-5.77444e-11 -0.0246657 0.0309071 -0.0272629 0.0221584 -0.0216645 -0.0436283 0.0315425 -0.014103 0.0115269 -0.0288613 -0.016559 0.0442623 -0.0119974 -0.0202565 0.0155891 -0.0234218 -0.00477703 -0.00456798 -0.0071657 0.0276182 0.0118219 0.0362183 0.0378903 0.00821903 -0.0268908 -0.034454 -0.0173103 0.0102823 0.0057246
internal_weight=13074.8 7271.62 5803.2 6849.93 3506.3 5103.97 1745.97 1862.41 2488.89 1643.9 2615.08 2242.19 2296.9 1555.45 725.537 1350.43 1579.28 829.914 246.696 293.471 1575.19 196.419 921.795 880.326 246.701 686.739 397.552 195.512 953.785 691.087
internal_count=6083582 5866052 217530 5861114 126971 3188411 2672703 13102 2732666 113869 455745 2587419 90559 1606634 857367 66118 210681 749267 166283 47751 11084 1833 32729 32279 145247 980785 727068 40339 53763 51426
is_linear=0
shrinkage=0.05


Tree=29
num_leaves=31
num_cat=0
split_feature=75 81 94 28 15 96 5 10 3 96 84 42 6 8 96 31 48 42 93 90 38 1 5 42 69 76 28 89 76 78
split_gain=3638.61 398.872 266.606 179.469 132.889 88.5539 59.2993 59.2363 62.7999 58.0804 68.9644 54.1059 43.7196 41.4775 38.2909 33.9677 33.6843 33.412 33.0021 31.0704 30.2162 29.9467 29.71 28.9937 28.9124 26.2305 23.9161 22.2889 21.9076 21.7537
threshold=0.9278351664543153 0.17156863212585452 1.0013056993484499 0.36573067307472235 0.63333335518836986 0.0055618609767407188 1.0000000180025095e-35 1.0000000180025095e-35 0.033908046782016761 76.535903930664077 1343.5000000000002 1.5000000000000002 1.0000000180025095e-35 2.5000000000000004 11.108557224273683 0.082272361963987364 0.33114035427570349 1.5000000000000002 0.88918837904930126 0.5025252401828767 1.9853968024253847 0.28035087883472448 1.0000000180025095e-35 1.5000000000000002 0.058837488293647773 0.097735777497291579 0.99995371699333202 423.50000000000006 0.84793198108673107 0.46781431138515478
decision_type=2 2 2 2 2 2 2 2 2 2 2 2 2 2 2 2 2 2 2 2 2 2 2 2 2 2 2 2 2 2
left_child=2 3 5 13 6 -1 7 8 12 10 14 -9 -3 -2 20 21 29 -5 -12 -15 -4 28 24 -21 -19 -16 -8 -11 -7 -13
right_child=1 4 9 17 -6 15 26 11 -10 27 18 16 -14 19 25 -17 -18 22 -20 23 -22 -23 -24 -25 -26 -27 -28 -29 -30 -31
leaf_value=-0.049227321442762498 0.0089015200802057947 0.039958030632057377 -0.026992261359871213 0.053866045039485513 0.048950294724528449 -0.027420264015437602 -0.033308595483379881 0.051603954069729278 -0.00088608095406464871 0.027781393957053688 -0.043412830633408173 0.027207292075881979 0.016684247163009421 -0.031226116141675832 -0.021986877233937038 -0.0040317594314845835 0.034506464231754158 0.01293696068533394 -0.023323029259598921 0.004194580324980976 -0.010647012396989564 -0.038263749238854429 -0.026891016933358176 -0.020202339744103293 0.028216124521303024 0.012344194544548961 0.021365655384438784 -0.0038212014109725622 0.021545833773292195 -0.01182738319498375
leaf_weight=1027.5764582817792 309.79420553561067 406.31049459986389 406.38861093093874 76.975091071333736 1336.6844362081029 907.58931419771397 50.685935715213418 457.30606906686444 236.74667295487598 81.940906635136344 264.70753829443129 74.657420902163722 400.85378788330127 176.52247310453095 73.361528573790565 107.57472138415324 987.73284314526245 573.39458788186312 897.62270563951461 270.85259777831379 929.32881880033528 1144.5162535914278 32.982733707292937 221.26191301515792 673.04047053074464 230.29774018074386 33.039605083176866 174.84444378386252 23.432220906019211 68.385986286681145
leaf_count=2452907 19692 26713 140614 530 58134 1017126 1071 3367 7436 24270 245659 713 45793 34828 28240 60368 5655 6705 642904 33256 620574 419861 838 19284 4324 66240 191 70442 24998 849
internal_value=9.75204e-11 0.0265602 -0.0270604 0.0100991 0.0360444 -0.037124 0.0296922 0.0310099 0.0217581 -0.016496 -0.0185819 0.0370915 0.0283998 -0.00622258 -0.0119765 -0.031427 0.0312224 0.0218727 -0.0278983 -0.0132299 -0.01562 -0.0328469 0.0199479 -0.00677463 0.0211873 0.0040501 -0.0117332 0.00626327 -0.0261879 0.00854565
internal_weight=12656.4 6387.23 6269.18 2334.82 4052.4 3210.69 2715.72 2631.99 1043.91 3058.49 2801.71 1588.08 807.164 978.431 1639.38 2183.11 1130.78 1356.39 1162.33 668.637 1335.72 2075.54 1279.42 492.115 1246.44 303.659 83.7255 256.785 931.022 143.043
internal_count=6083582 269379 5814203 119457 149922 3975260 91788 90526 79942 1838943 1744231 10584 72506 107060 855668 1522353 7217 12397 888563 87368 761188 1461985 11867 52540 11029 94480 1262 94712 1042124 1562
is_linear=0
shrinkage=0.05


Tree=30
num_leaves=31
num_cat=0
split_feature=81 28 81 79 28 3 37 42 8 100 98 44 69 81 86 76 4 5 98 50 18 69 88 3 69 69 71 65 88 58
split_gain=3360.3 276.118 247.059 232.314 112.678 97.0954 58.1871 56.5943 50.0952 55.0236 46.7289 44.4806 39.9263 35.3258 30.3359 29.8381 31.3723 28.9108 28.8947 25.7111 23.53 20.9504 20.8555 20.689 19.5652 19.3982 19.3942 19.3377 19.3047 21.4771
threshold=0.074175827205181136 0.36573067307472235 0.37980769574642187 1.0000000180025095e-35 0.97155532240867626 0.072299651801586165 0.0097982627339661139 1.5000000000000002 1.5000000000000002 1.5000000000000002 51.426832199096687 0.032267529517412193 0.028593352995812896 0.17156863212585452 1.142207205295563 0.1297523304820061 2.5000000000000004 1.0000000180025095e-35 59.439325332641609 2.5000000000000004 0.014811249915510418 0.0043090642429888257 0.19838217645883563 0.30523513257503515 0.011333031114190819 0.033253898844122894 1.3565825223922732 0.014499035198241474 0.032896455377340324 0.34180296957492834
decision_type=2 2 2 2 2 2 2 2 2 2 2 2 2 2 2 2 2 2 2 2 2 2 2 2 2 2 2 2 2 2
left_child=1 3 4 6 13 10 -1 -6 -4 23 12 22 14 25 -5 16 -14 19 28 -9 -19 -15 -7 -10 -3 -2 -16 -12 -13 -30
right_child=2 24 8 5 7 11 -8 17 9 -11 27 18 15 21 26 -17 -18 20 -20 -21 -22 -23 -24 -25 -26 -27 -28 -29 29 -31
leaf_value=-0.045904015219011066 -0.0064667195116727113 -0.013596033795504701 0.047106859738907512 -0.027400911269734252 0.052052494151466414 -0.036887852692709618 -0.016150196838888187 0.019977475724474836 0.015267095947346723 0.042224434647829739 -0.054420897473809286 -0.032632654240131009 -0.029771314138460299 -0.0016805291777956324 -0.014194869865990065 -0.0017436438415915337 -0.0044448641526049484 0.036757131177930072 0.0046860095729779287 0.033009203701126748 -0.032288001703838991 0.021543830201957059 0.011172601785742949 -0.036250135513718411 0.020760580931555892 0.010349758096821817 0.021224160935595777 0.010935270963271217 -0.021134943681611191 0.024075345291970654
leaf_weight=1397.0972155572963 339.00654748029774 46.859028957551345 1601.7972999424674 786.7765238879947 232.45836954179686 936.73895039575291 186.21820454410044 709.97207032801816 197.43314151780214 344.9657780554262 11.906619626097379 426.54202066516154 267.29284270305652 115.42935586918611 198.66371442284435 627.24619773763698 225.37424783979077 18.356431873515248 95.362138244556263 810.66141868208069 37.645056669949554 611.71769027085975 23.13016619742848 21.622716160141863 358.22458299744176 347.03625948241097 47.984025445301086 228.96940652781632 952.13274612429086 27.014104547677562
leaf_count=2650548 43467 1142 72994 1381405 1794 241871 22330 6073 17177 2751 17269 66068 360904 17892 297966 358721 143788 225 8666 4878 584 34471 3201 366 3590 14858 44637 127979 134267 1700
internal_value=3.79659e-10 -0.0232538 0.0295351 -0.025773 0.0207574 -0.0203492 -0.0424046 0.0290212 0.0425945 0.0297797 -0.0131806 -0.0273236 -0.0155169 0.0101786 -0.0226044 -0.00897669 -0.0181855 0.0256255 -0.0219481 0.0269248 -0.00965606 0.0178571 -0.0357297 0.0101819 0.0167863 0.00203993 -0.00730428 0.00770468 -0.023755 -0.0198876
internal_weight=12231.6 6843.53 5388.1 6438.45 3222.28 4855.13 1583.32 1809.09 2165.82 564.022 2394.21 2460.92 2153.34 1413.19 1033.42 1119.91 492.667 1576.63 1501.05 1520.63 56.0015 727.147 959.869 219.056 405.084 686.043 246.648 240.876 1405.69 979.147
internal_count=6083582 5866052 217530 5861320 124242 3188442 2672878 13554 93288 20294 2732669 455773 2587421 110688 1724008 863413 504692 11760 210701 10951 809 52363 245072 17543 4732 58325 342603 145248 202035 135967
is_linear=0
shrinkage=0.05


Tree=31
num_leaves=31
num_cat=0
split_feature=81 28 81 79 28 3 37 42 76 77 44 52 15 76 5 69 57 47 98 71 88 3 28 36 7 69 97 52 93 49
split_gain=3078.67 299.951 217.385 212.744 102.74 92.3783 71.3005 67.923 45.5669 44.6497 42.5396 38.8976 34.3878 29.7289 27.3304 28.2425 46.4806 27.2518 26.1032 25.0819 23.1386 22.5786 20.5115 20.4021 20.0391 18.5851 20.5878 18.2677 22.6993 22.0612
threshold=0.095454547554254546 0.36573067307472235 0.43650794029235845 1.0000000180025095e-35 0.82770204544067394 0.077254641801118865 0.0077065282966941604 1.5000000000000002 0.88344147801399242 1.0000000180025095e-35 0.032267529517412193 0.086424738168716445 0.63333335518836986 0.12796080112457278 1.0000000180025095e-35 0.0011213451507501306 6.5000000000000009 0.01467444282025099 59.439325332641609 0.99175065755844127 0.19838217645883563 0.10990338027477266 0.99984624981880199 1.298421382904053 0.090230666100978865 0.011333031114190819 0.15388814359903338 0.2088054642081261 0.71458968520164501 0.98083516955375682
decision_type=2 2 2 2 2 2 2 2 2 2 2 2 2 2 2 2 2 2 2 2 2 2 2 2 2 2 2 2 2 2
left_child=1 3 4 6 9 8 -1 -6 11 21 20 19 25 17 15 16 -9 23 -12 -5 -7 -2 -16 -13 -17 26 -4 28 -15 -30
right_child=2 -3 12 5 7 10 -8 14 -10 -11 18 13 -14 27 22 24 -18 -19 -20 -21 -22 -23 -24 -25 -26 -27 -28 -29 29 -31
leaf_value=-0.045217771866313913 0.0091636771179387389 0.017631569719734196 0.023101935076500612 -0.035394552674161896 0.051697463832959846 -0.036217661559093971 -0.014751698056461426 0.014921339545163876 0.0084618638573540541 0.023128478572706827 -0.022974894190808282 -0.030095540903503734 0.048738363613017907 -0.040757021582909586 -0.034396294995361489 0.026363969324790133 -0.078350721045329919 -0.003147976662703997 0.0041335882110336364 -0.017186755266553888 0.01354963599180869 -0.0088988967850993951 0.021293450943991252 0.005313566099915245 0.044428664448587014 0.038699977805806099 -0.056715161447082753 0.010182592527717395 -0.018034193180389634 0.0043057663630942837
leaf_weight=1333.4970141085796 524.69250499317423 446.17172382678837 129.36743527406361 280.28707501827739 277.7691621092381 898.40435722476104 224.35364123038016 145.98605389424483 231.66285583307035 439.04245999961859 1372.489114844444 331.71256623358931 1137.8091673559102 46.856222972273827 32.952280682162382 1339.451544851996 14.702178402105345 205.95985786954407 94.945038459496573 581.63814550323877 23.978860211849678 258.1285250026267 33.186070353956893 46.366654951358214 173.38935963343829 534.54199617140694 8.6171588894212601 201.46410071174614 179.1542498585768 288.42564349446911
leaf_count=2652386 63542 5088 15478 577725 2352 240708 27146 1771 118258 20902 201572 477642 57871 55195 824 9534 518 110169 8665 952032 3198 14671 201 42138 478 15776 519 84463 148005 174755
internal_value=-3.69742e-10 -0.0219943 0.0295632 -0.0247824 0.0218077 -0.0195559 -0.0408302 0.0287376 -0.0126128 0.0103657 -0.0265098 -0.0148712 0.0434404 -0.00940994 0.0250716 0.0263175 0.00638741 -0.0177814 -0.0212209 -0.0231077 -0.0349239 0.0032077 -0.00645299 -0.0257531 0.0284344 0.034477 0.0181173 -0.00258039 -0.00757865 -0.00425384
internal_weight=11837 6787.37 5049.64 6341.2 3239.3 4783.34 1557.85 2017.44 2393.53 1221.86 2389.82 2161.86 1810.34 1299.94 1739.67 1673.53 160.688 584.039 1467.43 861.925 922.383 782.821 66.1384 378.079 1512.84 672.527 137.985 715.9 514.436 467.58
internal_count=6083582 5879145 204437 5874057 114793 3194525 2679532 15678 2740382 99115 454143 2622124 89644 1092367 13326 12301 2289 629949 210237 1529757 243906 78213 1025 519780 10012 31773 15997 462418 377955 322760
is_linear=0
shrinkage=0.05


Tree=32
num_leaves=31
num_cat=0
split_feature=75 81 94 37 28 96 42 8 69 8 100 1 31 50 81 85 1 5 68 38 44 89 70 42 24 37 22 16 30 76
split_gain=2804.08 277.781 191.887 148.153 136.995 79.2335 57.8911 55.2232 52.7346 47.5536 50.44 42.0143 35.5506 31.4343 29.9074 29.7289 27.6039 27.442 24.6881 24.384 26.9519 24.1893 23.0876 22.7684 22.1596 22.0557 31.9712 21.1453 20.4502 19.8618
threshold=0.99708747863769542 0.37980769574642187 1.0013056993484499 0.015121431089937689 0.97155532240867626 0.0019929724512621765 1.5000000000000002 1.5000000000000002 0.020351968705654148 1.5000000000000002 1.5000000000000002 0.13423423469066623 0.082272361963987364 2.5000000000000004 0.10263158008456232 0.13338365405797961 0.27178031206130987 1.0000000180025095e-35 0.097823347896337523 2.6366847753524785 0.0036599872400984172 31.500000000000004 0.11810187995433809 7.5000000000000009 0.58804631233215343 0.0046418237034231433 46.500000000000007 0.15850634872913363 3.5000000000000004 0.47790591418743139
decision_type=2 2 2 2 2 2 2 2 2 2 2 2 2 2 2 2 2 2 2 2 2 2 2 2 2 2 2 2 2 2
left_child=2 4 3 5 7 -1 -6 25 18 -3 -11 27 16 23 24 -5 -7 -15 -4 -20 21 -21 -22 -8 -9 26 -2 -10 -17 -13
right_child=1 9 8 15 6 12 13 14 11 10 -12 29 -14 17 -16 28 -18 -19 19 20 22 -23 -24 -25 -26 -27 -28 -29 -30 -31
leaf_value=-0.047794056621102747 0.01649804191581403 0.0459981426829724 -0.043210034986571888 0.027363916684501652 0.051528283009815684 -0.024585438517428324 0.020037999469981527 -0.013952375822198441 -0.0076894153275545406 0.0085301075369266909 0.040716341145394123 -0.018708655575324029 -0.0014683074121901241 0.031661289297023894 0.0071654343325071902 0.049893314149517545 -0.036651767998856721 -0.013327738292414126 -0.035997001857588029 -0.017363692731473323 0.025515045083764322 -0.062552412401698385 -0.013421618368645145 -0.0030617427017894877 0.022044297430161584 0.024668073336569275 -0.054456896287314462 0.0085287816926189666 -0.014118143492163907 -0.0014671666132406809
leaf_weight=867.87994125211844 53.636419338872656 1423.8095727479376 142.85609615850262 93.80956953461282 208.85254374123178 853.08041819173377 656.44043883075938 380.85125434823567 487.26162145042326 198.76796996558551 314.03705885214731 964.09797481101123 105.42706236214144 879.71887924819021 637.20621639609453 13.704820645740254 1066.5886877978919 35.253929809317924 192.10147192532895 70.56082861777395 41.948671078891493 51.032919894088991 411.92573499993887 127.37237460591132 48.160617202171125 433.29505328508094 22.550327750970609 342.07018319761846 139.31099012790946 202.03982208354864
leaf_count=2446257 3430 72994 205278 1225 1808 1044229 5786 41846 345680 15976 2748 196019 61236 5900 57459 971 435093 545 136180 143654 30718 132554 429115 1902 881 16220 5028 197969 18163 26718
internal_value=2.15364e-10 0.0261151 -0.0234121 -0.0319817 0.017675 -0.0351541 0.0266868 0.00676472 -0.0141528 0.0412961 0.0282407 -0.00960311 -0.0297371 0.0236327 0.000294261 0.00520191 -0.0312896 0.0299279 -0.0241247 -0.0205726 -0.0154236 -0.0363294 -0.00982295 0.0162842 -0.00991141 0.0203058 -0.00450374 -0.00099998 -0.00838497 -0.0157215
internal_weight=11465.6 5419.95 6045.7 3139.8 3483.34 2892.98 1907.64 1575.7 2905.9 1936.61 512.805 1995.47 2025.1 1698.79 1066.22 246.825 1919.67 914.973 910.426 767.57 575.468 121.594 453.874 783.813 429.012 509.482 76.1867 829.332 153.016 1166.14
internal_count=6083582 232523 5851059 4007174 140805 3986815 15941 124864 1843885 91718 18724 766386 1540558 14133 100186 20359 1479322 6445 1077499 872221 736041 276208 459833 7688 42727 24678 8458 543649 19134 222737
is_linear=0
shrinkage=0.05


Tree=33
num_leaves=31
num_cat=0
split_feature=75 15 94 28 37 84 42 37 69 81 5 76 75 2 3 1 85 84 57 37 54 37 17 42 91 38 5 1 22 8
split_gain=2573.99 263.506 181.302 148.51 132.201 77.2867 50.4505 47.1511 47.1114 39.0221 38.6555 37.929 37.35 30.7714 28.3543 28.0023 27.0685 25.9107 23.0333 31.1317 22.7115 22.132 30.6967 22.0753 20.4981 19.2035 18.6995 18.4919 18.18 17.4241
threshold=0.99708747863769542 0.45000000298023229 1.0013056993484499 0.99088409543037426 0.015121431089937689 2879.5000000000005 1.5000000000000002 0.0097982627339661139 0.020351968705654148 0.63392856717109691 1.0000000180025095e-35 0.20612406730651858 0.99998399615287792 4.5000000000000009 1.0000000180025095e-35 0.25176055729389196 0.13338365405797961 1213.5000000000002 6.5000000000000009 0.0010289989877492192 0.3332281112670899 0.0049768935423344382 4.5000000000000009 7.5000000000000009 0.7559524178504945 1.9853968024253847 1.0000000180025095e-35 0.23606811463832858 24594.500000000004 5.5000000000000009
decision_type=2 2 2 2 2 2 2 2 2 2 2 2 2 2 2 2 2 2 2 2 2 2 2 2 2 2 2 2 2 2
left_child=2 3 4 7 5 15 -5 18 20 21 12 17 14 28 -9 -1 -6 27 -2 -20 -4 22 -3 -8 -25 -22 -23 -10 -13 -14
right_child=1 9 8 6 16 -7 23 10 11 -11 -12 13 29 -15 -16 -17 -18 -19 19 -21 25 26 -24 24 -26 -27 -28 -29 -30 -31
leaf_value=-0.020752775105189768 -0.0015153628719166625 0.017992552915998484 -0.037267975295086291 0.052108601029268856 0.025056891159316603 -0.04497904189206095 0.028250154036349586 0.013055682934251937 8.6063486563451618e-05 0.047846233858381382 -0.033093614556546448 0.005265679005505253 0.023080812066167238 -0.015229015198943641 -0.012876553131115728 -0.033588098223530753 -0.0091405713494097738 -0.025526517934208799 -0.084426935348337839 -0.013393361578660491 -0.035671831476579104 0.037662954209101172 -0.088375825261292326 -0.0037793970719642665 0.028075055576758341 -0.014422195807550742 -0.0020487184940931281 -0.017172199517827984 -0.076175251594902696 0.010567338537060066
leaf_weight=772.163938474725 251.68245174660115 77.171550751663744 218.45316277939128 206.10196864511818 93.726254581008106 1061.4094443719077 1145.8944883946097 217.34399787499569 280.56185506447218 994.26949235142092 46.440457778051496 615.06544961722102 669.2733897495782 295.89690771725145 204.67383774660993 944.95693193329498 151.23573442432098 418.10440312331775 21.13038693391718 57.123192222905345 132.96775035769679 631.69976313668303 7.43635344156064 113.34182477119612 91.090223047300242 530.53506943158573 31.103441895102151 347.40363656257978 6.9297019264195105 476.06187394552398
leaf_count=1016910 32499 7625 316538 1908 1225 2573685 8952 27013 158431 57828 1312 249570 21018 49852 15099 396220 19134 239487 6664 15929 78479 20142 3000 1600 850 682482 397 61401 7645 10687
internal_value=-4.32033e-10 0.0254652 -0.0227424 0.0175573 -0.0312681 -0.0343725 0.0290668 0.0083411 -0.0136847 0.0413574 0.0118623 -0.00937373 0.0131943 -0.00195595 0.000478844 -0.0278162 0.00394391 -0.0158826 -0.00888183 -0.0325742 -0.0232846 0.0327253 0.00864363 0.0255499 0.0104142 -0.0186807 0.0357994 -0.00946157 0.00435834 0.0178796
internal_weight=11111.2 5241.84 5869.41 3500.16 3023.49 2778.53 1556.43 1943.73 2845.92 1741.68 1613.79 1963.96 1567.35 917.892 422.018 1717.12 244.962 1046.07 329.936 78.2536 881.956 747.411 84.6079 1350.33 204.432 663.503 662.803 627.965 621.995 1145.34
internal_count=6083582 232523 5851059 143531 4007174 3986815 13310 130221 1843885 88992 75129 766386 73817 307067 42112 1413130 20359 459319 55092 22593 1077499 31164 10625 11402 2450 760961 20539 219832 257215 31705
is_linear=0
shrinkage=0.05


Tree=34
num_leaves=31
num_cat=0
split_feature=81 28 15 79 100 38 42 80 37 97 84 96 76 79 79 69 5 93 37 75 49 98 16 58 62 44 81 65 71 38
split_gain=2358.58 212.709 204.417 195.573 109.123 76.6357 54.0425 48.6143 46.107 45.149 44.5904 48.4714 34.704 34.194 53.2171 32.2178 30.2394 27.9534 25.201 23.4117 22.7436 22.0697 21.4563 21.249 20.9734 20.2669 20.1897 18.3144 18.2985 17.8857
threshold=0.074175827205181136 0.36573067307472235 0.63333335518836986 1.0000000180025095e-35 1.0000000180025095e-35 2.7007031440734868 1.5000000000000002 0.99903294444084179 0.0097982627339661139 0.075605567544698729 1389.5000000000002 69.91666412353517 0.57781264185905468 0.79532036185264599 1.609208405017853 0.020544747821986679 1.0000000180025095e-35 0.85746532678604137 0.16693462431430819 0.99872913956642162 1.6112698316574099 13.703448772430422 0.098857212811708464 0.26426738500595098 0.15118277072906497 0.0036599872400984172 0.19375000149011615 0.03520368970930577 1.0963315367698672 0.70353344082832348
decision_type=2 2 2 2 2 2 2 2 2 2 2 2 2 2 2 2 2 2 2 2 2 2 2 2 2 2 2 2 2 2
left_child=1 3 4 8 7 9 -6 29 -1 -5 21 17 13 27 -15 24 26 -12 -8 20 23 -7 -13 -16 -9 -19 -17 -11 -22 -2
right_child=2 -3 -4 5 6 10 18 15 -10 12 11 22 -14 14 19 16 -18 25 -20 -21 28 -23 -24 -25 -26 -27 -28 -29 -30 -31
leaf_value=-0.043719349165211273 -0.00036468661347199155 0.015775224670937147 0.047065337191993746 -0.034372119531003553 0.05071784143772038 -0.0066246144157919426 0.02107913969958081 0.012127473866340711 -0.016344669819201522 -0.018810779051476836 -0.046873382866492889 -0.03958864647739864 0.0097083561676892093 -0.051299732516979252 -0.025008914791524603 0.018846644766116378 -0.012152203946766832 -0.058250911839784758 0.038247300624764113 0.019639430541800541 -0.023036287092240482 0.012254302945352711 0.011656121767463839 0.008214227197965572 -0.033572249328553246 -0.017670426475213757 0.032561109214288265 0.0085005303107054345 0.022098394722007954 0.015839107370168165
leaf_weight=1125.5479433058645 529.39442079872242 377.69356046244502 969.37519982147205 702.89769983378937 327.42497817322146 793.33193645154824 607.34990793265752 514.88142058459925 178.16723773122067 112.36937181037501 114.74221148667857 23.533459742902778 96.593642835621722 158.93820911907824 1144.7974720167113 480.44225673092296 53.048708138521761 32.560975346830674 329.83564414072316 35.053808593074791 40.014239199343137 192.33414262277074 154.72264320566319 50.239993976196274 26.393167175148847 558.60241001658142 607.91652526438702 135.28185749985278 51.176314271520823 251.06306150276214
leaf_count=2650548 61144 4732 58134 797293 3180 552442 5173 34315 22330 76595 175296 23612 36120 143563 547485 7468 823 118052 1908 1903 20176 73295 68220 5060 1535 464157 14211 68468 16705 29639
internal_value=-9.53658e-11 -0.020563 0.0266108 -0.0229705 0.0212917 -0.0179278 0.0332308 0.015162 -0.0399783 -0.0236054 -0.0102537 -0.0184061 -0.0194574 -0.0210879 -0.0239649 0.0199459 0.0247103 -0.0242891 0.0271213 -0.0206768 -0.0217756 -0.00294075 0.00489076 -0.0236122 0.0098991 -0.0199056 0.026507 -0.00389171 0.00229338 0.00484786
internal_weight=10775.7 6078.6 4697.13 5700.91 3727.75 4397.19 1264.61 2463.14 1303.72 2527.36 1869.83 884.162 1824.46 1727.87 1480.22 1682.68 1141.41 705.906 937.186 1321.28 1286.23 985.666 178.256 1195.04 541.275 591.163 1088.36 247.651 91.1906 780.457
internal_count=6083582 5866052 217530 5861320 159396 3188442 10261 149135 2672878 1713368 1475074 849337 916075 879955 734892 58352 22502 757505 7081 591329 589426 625737 91832 552545 35850 582209 21679 145063 36881 90783
is_linear=0
shrinkage=0.05


Tree=35
num_leaves=31
num_cat=0
split_feature=81 15 28 79 28 38 42 42 44 24 84 96 81 77 88 79 79 50 93 22 56 98 42 49 1 58 16 5 37 39
split_gain=2153.81 202.53 186.97 187.584 111.109 74.4073 62.3644 44.2518 42.15 40.2332 39.5663 43.9926 38.3343 32.0697 31.2919 26.8399 38.9629 26.1796 25.4021 24.171 22.0106 20.3041 19.9061 19.59 21.2798 18.6508 18.4127 18.0979 19.2045 17.7177
threshold=0.064583335071802153 0.45000000298023229 0.1301790848374367 1.0000000180025095e-35 0.27726890146732336 2.7007031440734868 2.5000000000000004 1.5000000000000002 0.023894023150205616 0.093767870217561736 1343.5000000000002 69.91666412353517 0.63392856717109691 1.0000000180025095e-35 0.040597369894385345 0.79532036185264599 1.7134138345718386 12.500000000000002 0.85746532678604137 103.50000000000001 0.025022361427545551 32.60026931762696 1.5000000000000002 1.4840818047523501 0.16904762387275699 0.26426738500595098 0.098857212811708464 1.0000000180025095e-35 0.0064266975969076165 0.0020470849703997378
decision_type=2 2 2 2 2 2 2 2 2 2 2 2 2 2 2 2 2 2 2 2 2 2 2 2 2 2 2 2 2 2
left_child=2 4 3 9 7 8 22 13 19 -1 21 18 27 -2 -10 -16 -17 -8 -12 -5 -19 -7 -6 25 -25 -18 -13 28 -3 -24
right_child=1 12 -4 5 6 10 17 -9 14 -11 11 26 -14 -15 15 16 23 20 -20 -21 -22 -23 29 24 -26 -27 -28 -29 -30 -31
leaf_value=-0.042965447430389034 0.0045192074383762527 0.011194625531600277 0.014610184632034937 -0.020782492145715793 0.050186487309502814 -0.0050302226654991705 0.014427201911752733 -0.013465529520451384 -0.027032087547510127 -0.013360969951893679 -0.045348980283343131 -0.038246151005202692 0.047056613052492077 0.023356589751848948 0.0066437296919576354 -0.045706653561391947 -0.018364851241543009 -0.010213742944535109 -0.019149470131125678 -0.039170305605906501 0.036759883737096134 0.022257934602912484 0.036473814203099628 0.030652333167958686 -0.012208134242645087 0.017824038413937867 0.010922183093029064 -0.004312132104722196 0.036428767961094149 0.010235622145203356
leaf_weight=1085.4583351996262 665.13710431021173 86.551708024693653 361.94399148153025 273.76070673961658 222.8954339401098 884.84014104690868 858.78313520833035 228.22764830949018 670.38553629387752 128.33387083816342 109.89612550626043 21.753435979248025 872.0033979031723 342.17254993051756 147.63275636307662 100.33105372654973 567.41363782985718 27.697499451576732 585.04572848405223 514.7978694193007 250.31857032631524 73.856986400904134 368.16792245162651 50.667800134979188 67.593501264753286 37.986554861301556 152.69978824030841 33.813016466796398 585.13731642090715 77.964513983111829
leaf_count=2654220 83599 12215 4755 301635 2474 593301 8355 13469 344540 14603 178055 23665 57830 20479 75498 92154 237163 334 590171 615441 1726 20694 2919 26668 14945 3222 68337 450 20064 601
internal_value=-9.57792e-11 0.0255081 -0.0201938 -0.0224957 0.0179676 -0.0175536 0.0258726 0.00641395 -0.0232853 -0.0398354 -0.00993287 -0.0176573 0.0400458 0.0109181 -0.0187224 -0.012989 -0.0165066 0.0187444 -0.0232926 -0.0327867 0.0320801 -0.00292797 0.0379847 -0.0124582 0.00615498 -0.0160941 0.00479114 0.0313804 0.0331772 0.0318885
internal_weight=10453.3 4618.87 5834.4 5472.45 3041.36 4258.66 1805.83 1235.54 2430.57 1213.79 1828.09 869.395 1577.51 1007.31 1642.01 971.625 823.993 1136.8 694.942 788.559 278.016 958.697 669.028 723.661 118.261 605.4 174.453 705.502 671.689 446.132
internal_count=6083582 224515 5859067 5854312 133956 3185489 16409 117547 1711266 2668823 1474223 860228 90559 104078 794190 449650 374152 10415 768226 917076 2060 613995 5994 281998 41613 240385 92002 32729 32279 3520
is_linear=0
shrinkage=0.05


Tree=36
num_leaves=31
num_cat=0
split_feature=81 28 15 79 100 3 85 42 69 69 96 35 68 5 75 79 37 76 46 94 84 62 59 64 27 16 51 22 39 24
split_gain=1966.18 215.144 175.538 168.696 83.4078 69.2784 54.8343 53.9076 43.4079 36.1087 35.0547 32.1276 35.3915 28.1973 28.5869 27.1323 24.0696 23.1241 25.3314 19.2535 23.0514 19.2426 19.2182 19.3883 19.1233 18.3555 17.8227 32.0989 17.7682 17.7506
threshold=0.095454547554254546 0.36573067307472235 0.63333335518836986 1.0000000180025095e-35 1.0000000180025095e-35 0.077254641801118865 0.13338365405797961 1.5000000000000002 0.020544747821986679 0.023278192616999153 69.91666412353517 479.18406677246099 0.028580026701092724 1.0000000180025095e-35 0.99998399615287792 10.772889137268068 0.16693462431430819 0.77783694863319408 1.3309856653213503 3.9736869335174565 795.50000000000011 0.1348676681518555 0.91443350911140453 1.382285535335541 0.14379699528217318 0.16188918054103854 0.19346974790096286 1036.5000000000002 0.0034318460384383802 0.11477468535304071
decision_type=2 2 2 2 2 2 2 2 2 2 2 2 2 2 2 2 2 2 2 2 2 2 2 2 2 2 2 2 2 2
left_child=1 3 4 6 8 10 -1 -6 21 25 11 12 -5 14 -10 17 -9 18 28 -11 -21 -2 -13 -24 -25 -7 27 -17 -14 -15
right_child=2 -3 -4 5 7 9 -8 16 13 19 -12 22 15 29 -16 26 -18 -19 -20 20 -22 -23 23 24 -26 -27 -28 -29 -30 -31
leaf_value=-0.043213412438652593 0.0073949257849157003 0.016001124297015067 0.046149058806751901 -0.044616465427353452 0.050260421055008941 -0.040643193931233397 -0.017766222981067187 0.019307949054233733 0.0083298882602840275 -0.024138191471280122 0.011244774125180939 -0.042229814473109119 -0.01887684184901682 0.060739836575739448 0.025225573618329722 0.0087917606753948434 0.036732838664630105 0.015110350251882031 0.005504168630747079 -0.00063389635774209246 -0.01998111366891879 -0.026432865442794985 -0.0059556969562200544 -0.028510708793918749 0.05492859527457522 -0.02196587611240881 0.023095212355238648 -0.034210067800802983 0.0067314214565632607 -0.025646441328391251
leaf_weight=964.02386771072634 710.50685238814913 414.34187303279759 852.23027321102563 63.829616163740866 291.75325090170372 364.18369234137936 271.26459176457138 564.61647741630441 322.60313209478045 834.48052036989247 172.24577577516902 99.266900488408282 710.89113289909437 6.781447021290659 1117.8741248637089 175.1637365880888 305.37244964484125 80.774797963444144 158.00120630010497 247.10787599912146 408.41289991181111 44.683132248290349 195.6652358394349 275.54168970079627 7.0424277288839212 205.92891699910979 103.25824975944124 57.689095189562067 74.870543435332365 48.298707247828133
leaf_count=2632637 81493 5088 58134 134385 3165 132226 46895 5042 26272 175984 101646 188005 1028368 48 23121 98069 1878 51663 169264 23662 61180 4268 263922 500093 6061 61091 58178 72174 68554 1016
internal_value=3.80417e-11 -0.0187364 0.0258504 -0.0213678 0.020781 -0.0166251 -0.0376253 0.0316614 0.015165 -0.0231953 -0.0103997 -0.0122619 -0.00822885 0.0200992 0.0214417 -0.00652187 0.0254242 -0.0105659 -0.0127635 -0.0191007 -0.0126879 0.0053934 -0.0222096 -0.0180541 -0.0264313 -0.0338968 0.00580529 -0.00186191 -0.0164368 -0.0150106
internal_weight=10148.7 5883.98 4264.72 5469.64 3412.49 4234.35 1235.29 1161.74 2250.75 2060.11 2174.24 2001.99 1424.48 1495.56 1440.48 1360.65 869.989 1024.54 943.763 1490 655.521 755.19 577.516 478.249 282.584 570.113 336.111 232.853 785.762 55.0802
internal_count=6083582 5879145 204437 5874057 146303 3194525 2679532 10085 136218 454143 2740382 2638736 1680655 50457 49393 1546270 6920 1317849 1266186 260826 84842 85761 958081 770076 506154 193317 228421 170243 1096922 1064
is_linear=0
shrinkage=0.05


Tree=37
num_leaves=31
num_cat=0
split_feature=81 15 28 79 28 42 3 38 77 97 85 5 84 96 37 79 79 28 53 93 37 76 97 58 68 62 0 65 44 98
split_gain=1794.37 180.085 166.53 169.898 99.1351 85.187 73.1454 63.5989 47.3936 40.8766 38.261 35.343 34.49 38.3729 33.387 30.5129 54.6741 25.5492 24.8142 22.2175 20.8136 20.6621 19.5478 19.275 19.0528 18.8688 18.8561 18.6661 18.107 17.9865
threshold=0.069047622382640853 0.63333335518836986 0.1301790848374367 1.0000000180025095e-35 0.27726890146732336 1.5000000000000002 0.020620748400688175 2.7007031440734868 1.0000000180025095e-35 0.075605567544698729 0.13338365405797961 1.0000000180025095e-35 1389.5000000000002 69.91666412353517 0.11967575922608377 0.79532036185264599 1.7306897640228274 0.99984624981880199 0.97120964527130138 0.85746532678604137 0.020652430132031444 0.57781264185905468 0.1499605476856232 0.0021956098498776559 0.028580026701092724 0.41712453961372381 0.04442055523395539 0.22245683521032336 0.0036599872400984172 13.703448772430422
decision_type=2 2 2 2 2 2 2 2 2 2 2 2 2 2 2 2 2 2 2 2 2 2 2 2 2 2 2 2 2 2
left_child=2 4 3 10 6 -6 8 9 -2 -5 -1 14 24 19 -7 -11 27 -13 -18 -14 -10 23 -8 -20 -9 -16 -25 -17 -21 -26
right_child=1 -3 -4 7 5 11 22 12 20 15 -12 17 13 -15 25 16 18 -19 21 28 -22 -23 -24 26 29 -27 -28 -29 -30 -31
leaf_value=-0.042706296978233874 0.008428877059021225 0.045671272376529293 0.013912948938672383 -0.032616601878650342 0.049240701106649187 0.0161212436882349 -0.012350211990067314 -0.050308559037738301 0.014815730821368698 -0.0016397961470262308 -0.018800433813828454 -0.040273096826864939 -0.043933863194729444 0.0045412664630813202 0.033494841673353933 -0.048571752423626227 -0.023548858177633036 0.019632665001071109 0.00081137690115402688 -0.056974442364148496 0.039659258895109031 0.025142884593609739 0.0087313963570368937 -0.0020793648600674645 -0.00506327064694298 0.012201866311236605 -0.026362140805750212 0.045114960175969075 -0.016135510991685895 0.012424324645858242
leaf_weight=912.04416410156409 560.05733373371186 798.55155358127377 364.66527223965386 630.68721211442607 341.32329299300909 805.29451588736265 354.19790875943727 20.518325438373722 126.79104719683528 251.70885586188524 204.99291744604125 38.401399219292216 99.541419951186981 169.121439986513 713.41118363064015 180.43842034554109 647.63802633050364 33.17392184282653 194.35988080705283 28.632899032789283 251.60328457248397 40.270182526903227 159.46353884902783 117.17969248857116 741.57074454257963 121.80711829592474 251.59686267568031 5.4780685885343692 521.15161609300412 183.40183724812232
leaf_count=2632465 83462 58134 4852 796662 4012 8705 22509 27032 20510 159185 38169 1046 175245 91817 4760 186881 324561 247 166802 118008 11322 9202 5728 20864 527764 758 46147 1994 463974 70765
internal_value=-1.60129e-10 0.0242427 -0.0187497 -0.0210402 0.0193613 0.0264321 0.00936255 -0.0163133 0.0176648 -0.0217551 -0.0383192 0.021885 -0.00915791 -0.0166725 0.0233855 -0.0176986 -0.0205115 -0.0125078 -0.0167518 -0.0221978 0.0313348 -0.00945645 -0.00580554 -0.0119307 -0.00265299 0.0303895 -0.0186462 -0.0458113 -0.0182624 -0.00159586
internal_weight=9869.07 4304.08 5565 5200.33 3505.52 2053.41 1452.11 4083.3 938.452 2319.36 1117.04 1712.09 1763.94 818.447 1640.51 1688.67 1436.96 71.5753 1251.04 649.326 378.394 603.407 513.661 563.136 945.491 835.218 368.777 185.916 549.785 924.973
internal_count=6083582 221193 5862389 5857537 163059 19528 143531 3186903 115294 1712298 2670634 15516 1474605 849044 14223 915636 756451 1293 567576 757227 31832 243015 28237 233813 625561 5518 67011 188875 581982 598529
is_linear=0
shrinkage=0.05


Tree=38
num_leaves=31
num_cat=0
split_feature=75 15 94 37 28 22 42 76 84 81 77 28 37 5 52 94 42 74 79 42 37 5 69 54 79 72 68 83 1 36
split_gain=1646.06 182.318 125.603 131.721 96.8281 71.0223 42.2545 38.5141 39.9925 35.895 34.1462 33.1117 28.9479 30.7344 24.216 23.3896 24.004 21.1433 20.6057 19.8456 19.5223 18.8107 18.6561 18.2628 21.3372 22.2435 21.211 20.9384 18.1631 17.6114
threshold=0.99846136569976818 0.45000000298023229 1.0013056993484499 0.0089844400063157099 0.98743784427642833 1917.5000000000002 1.5000000000000002 0.3337771892547608 4621.5000000000009 0.63392856717109691 1.0000000180025095e-35 1.0000000180025095e-35 0.13172354549169543 1.0000000180025095e-35 0.076443970203399672 0.99993506073951732 1.5000000000000002 0.03089601639658213 1.3099645972251894 7.5000000000000009 0.0064266975969076165 1.0000000180025095e-35 0.0037688448792323474 0.40375535190105444 0.052509827539324767 1.2870289087295534 0.12501160800457004 0.013845623005181553 0.31643131375312811 1.0777696371078493
decision_type=2 2 2 2 2 2 2 2 2 2 2 2 2 2 2 2 2 2 2 2 2 2 2 2 2 2 2 2 2 2
left_child=2 4 3 5 10 15 -6 8 14 20 12 -5 -2 -14 29 16 23 19 -10 -8 -3 -22 -9 -1 26 27 -25 -26 -16 -4
right_child=1 9 7 11 6 -7 17 22 18 -11 -12 -13 13 -15 28 -17 -18 -19 -20 -21 21 -23 -24 24 25 -27 -28 -29 -30 -31
leaf_value=-0.02413330735241773 -0.0024223003370162661 0.0062453949812594561 -0.028905306176884089 -0.0091582306872015351 0.049907794822350166 -0.04222986794622504 0.020152990753215198 -0.029391836733011573 0.024832091342276208 0.045834238746608441 0.01913069824825497 0.023071309502127726 0.019540585846109453 -0.044567910615194384 -0.0019348248444667167 -0.05487152973229871 -0.030962093199464854 0.029754571763109139 -0.034858126046548574 -0.0034160461449035647 0.034958024770130734 -0.0072593549246934147 -0.00044649198477131953 0.039474442732122125 -0.0024861656156474829 -0.043239211601423695 -0.047151355015231836 0.070596945881388581 -0.015157277836778553 -0.0033878347243096532
leaf_weight=477.01277240272611 794.42713991421624 79.248677224852145 281.28442629176425 224.08305788558209 156.48432887613308 847.03503775590798 615.16527152125491 59.735115124552976 15.228523195779415 716.43953726145264 439.61259261274245 123.67454124044161 295.37588844413403 19.958564078202471 575.86111254902789 59.102569807291729 547.17363522504456 549.67993228306295 285.9253231122857 104.48392767229234 517.28630063094897 27.803545666160062 817.57573903171578 8.1030968131963146 281.45290158712305 33.02160991873825 55.241026185220107 10.154086768161504 473.08803840453038 89.015485916985199
leaf_count=624500 82159 11385 434493 31418 1957 2608759 6014 137569 15309 57828 24579 1152 5591 640 359297 76641 158742 4272 317281 1706 18944 397 378874 5497 288994 46633 175152 3626 111009 93164
internal_value=2.36053e-10 0.0228889 -0.0187675 -0.0263915 0.0159902 -0.0306959 0.0253931 -0.0109429 -0.0152905 0.0381971 0.0073372 0.0023037 0.00266541 0.0154829 -0.0117788 -0.0240556 -0.0227659 0.0223709 -0.0318398 0.0167311 0.0294334 0.0328046 -0.00241735 -0.0175811 -0.00952527 -0.00434564 -0.03607 5.86714e-05 -0.0078983 -0.0227712
internal_weight=9579.73 4315.97 5263.77 2666.05 2975.19 2318.3 1425.81 2597.71 1720.4 1340.78 1549.37 347.758 1109.76 315.334 1419.25 1471.26 1412.16 1269.33 301.154 719.649 624.339 545.09 877.311 864.985 387.973 324.629 63.3441 291.607 1048.95 370.3
internal_count=6083582 215472 5868110 4021114 126918 3988544 13949 1846996 1330553 88554 112969 32570 88390 6231 997963 1379785 1303144 11992 332590 7720 30726 19341 516443 1144402 519902 339253 180649 292620 470306 527657
is_linear=0
shrinkage=0.05


Tree=39
num_leaves=31
num_cat=0
split_feature=81 15 28 79 28 42 3 3 77 37 69 44 5 37 76 85 37 4 28 31 68 98 35 54 89 52 76 21 94 90
split_gain=1514.4 159.133 147.774 151.654 85.4447 76.0254 59.9792 56.4626 37.8253 37.7448 32.8691 32.5205 30.0155 32.2696 26.6738 22.4847 22.116 21.3985 20.4364 19.9375 19.2206 18.3822 20.9868 17.1835 17.1067 16.9656 16.7338 18.7318 16.0826 15.732
threshold=0.074175827205181136 0.63333335518836986 0.36573067307472235 1.0000000180025095e-35 0.27726890146732336 1.5000000000000002 0.020620748400688175 0.072299651801586165 1.0000000180025095e-35 0.0097982627339661139 0.027820845134556297 0.046977508813142783 1.0000000180025095e-35 0.14744786918163302 0.1297523304820061 0.99859872460365307 0.020652430132031444 3.5000000000000004 0.99984624981880199 0.083624709397554411 0.14623599499464038 51.426832199096687 479.06411743164068 0.21539211273193362 52.500000000000007 0.13460569828748706 0.097735777497291579 0.062648888677358641 3.9736869335174565 0.60065361857414257
decision_type=2 2 2 2 2 2 2 2 2 2 2 2 2 2 2 2 2 2 2 2 2 2 2 2 2 2 2 2 2 2
left_child=2 4 3 9 6 -6 8 10 26 -1 19 20 13 15 17 -7 -10 -12 -14 21 -9 22 23 -5 -21 -8 27 -2 -13 -19
right_child=1 -3 -4 7 5 12 25 11 16 -11 14 28 18 -15 -16 -17 -18 29 -20 24 -22 -23 -24 -25 -26 -27 -28 -29 -30 -31
leaf_value=-0.040871887982173893 -0.0069272057158992527 0.044855129729290448 0.013657055767347446 -0.049228271240330627 0.048339245067546721 0.024202227568717871 -0.012689172775228033 -0.035101828561683389 0.012194390606273843 -0.01495537735412459 -0.021566852198926557 -0.020733386750250757 -0.037084124852630726 0.03092041182556279 0.002671065387116622 0.0083509141178528621 0.038398230200360033 -0.042421234199251034 0.017784435784687715 -0.0025289813306800433 -0.020622199296164649 0.0040789601635026719 -0.031180526261158265 -0.011811431172457254 0.0656708536346646 0.0067287684479151308 0.016707448636162182 0.029697218002029964 -0.0077676665085422997 0.0073534801702840871
leaf_weight=873.17863446492993 213.36216748092556 701.48902957364771 355.02594409583253 32.844795270590112 304.58377495210152 451.73054355275235 293.65654134203214 479.80538329682895 122.94978746655397 167.42761601333041 277.83705399971223 547.04286241080263 36.201015054713935 660.7523519305978 668.41271856089588 443.21226314248634 233.34439556242432 17.948124199640006 31.94695686083287 36.119450604775921 438.77825889847009 84.276179852196947 290.19615617732052 466.47646030434407 12.334725194144992 182.32938825612655 284.1164510193048 41.742579072131775 424.96112694928888 137.4199694483541
leaf_count=2650548 40353 58134 4732 100805 4008 4698 20012 166780 20406 22330 433411 113678 1046 4501 416289 4943 11263 16810 247 54896 130012 83330 708789 834840 5571 6646 34729 6544 45303 77928
internal_value=2.9358e-11 0.0232287 -0.017504 -0.0197366 0.0186314 0.0254165 0.00909106 -0.0152266 0.0167142 -0.0367021 -0.00942268 -0.0214397 0.0211169 0.0225397 -0.0035925 0.016352 0.0293558 -0.0132569 -0.0113624 -0.0163868 -0.0281854 -0.018118 -0.0204873 -0.0142727 0.0148323 -0.00525101 0.00836113 -0.000934381 -0.0150648 0.0016035
internal_weight=9311.5 4001.42 5310.09 4955.06 3299.93 1928.43 1371.5 3914.45 895.515 1040.61 2023.87 1890.59 1623.84 1555.7 1101.62 894.943 356.294 433.205 68.148 922.248 918.584 873.794 789.517 499.321 48.4542 475.986 539.221 255.105 972.004 155.368
internal_count=6083582 217530 5866052 5861320 159396 19443 139953 3188442 113295 2672878 2732669 455773 15435 14142 944438 9641 31669 528149 1293 1788231 296792 1727764 1644434 935645 60467 26658 81626 46897 158981 94738
is_linear=0
shrinkage=0.05


Tree=40
num_leaves=31
num_cat=0
split_feature=81 28 15 79 28 76 42 85 44 37 1 77 88 5 28 88 58 3 57 69 42 37 76 96 76 81 93 84 94 31
split_gain=1385.71 160.563 141.581 137.205 67.5461 55.3923 45.147 44.3086 41.4671 38.1307 33.8928 31.0891 27.4943 26.9305 27.5881 25.7747 26.8103 25.0496 21.4517 29.3798 21.3359 20.2202 18.4008 18.1701 17.0827 16.998 16.9956 16.6055 29.7782 16.679
threshold=0.095454547554254546 0.36573067307472235 0.63333335518836986 1.0000000180025095e-35 0.99583369493484508 0.57781264185905468 1.5000000000000002 0.13338365405797961 0.023894023150205616 0.0097982627339661139 0.16472868621349337 1.0000000180025095e-35 0.03253572806715966 1.0000000180025095e-35 0.1599434241652489 0.19838217645883563 0.0081992582418024557 0.2522727251052857 6.5000000000000009 0.0013715539826080205 2.5000000000000004 0.16693462431430819 0.003066221135668457 76.535903930664077 0.019399652257561687 0.17156863212585452 1.5535441637039187 821.50000000000011 3.6987943649291997 0.05135531164705754
decision_type=2 2 2 2 2 2 2 2 2 2 2 2 2 2 2 2 2 2 2 2 2 2 2 2 2 2 2 2 2 2
left_child=1 3 4 7 9 8 -6 22 15 18 26 13 -12 14 17 16 24 -11 -2 -20 -16 -8 -1 27 -5 -13 -10 28 29 -14
right_child=2 -3 -4 5 6 -7 21 -9 10 11 12 25 23 -15 20 -17 -18 -19 19 -21 -22 -23 -24 -25 -26 -27 -28 -29 -30 -31
leaf_value=-0.045548571657010775 0.0046184545391241422 0.014510440811947054 0.04434100367339501 -0.037114142753561549 0.049425350626262882 0.0012168965335731927 0.017786529019774792 -0.016973827878068306 -0.0066399014291724043 0.0084257424833932473 -0.028752484042381361 0.009236671334418866 -0.023703654367108081 -0.028537958127878078 0.037447693135520176 0.017153465955100422 -0.036435173587523788 -0.036318008240755616 -0.075768674965431743 -0.0065428813635763534 0.01543915413688096 0.032846064001596835 -0.028331319286411933 0.017572952578938369 -0.016787981389755881 0.032811217653745221 0.022737156249107014 -0.021811071436224252 0.0066796650611431673 0.0036963523816407936
leaf_weight=571.91590741147229 244.35823106774478 388.78376279067015 657.38938040580251 124.25132236172794 209.45147706399439 487.60204036463983 564.11418509669602 257.47503615013557 771.99256637200597 560.20207478327211 393.36705707685906 98.3585984648671 259.81199133564951 39.548346863128245 151.30111427808879 36.058470794116147 387.93841091613285 33.13058726710733 21.197845235932618 55.338900724367704 404.59272563946433 368.50119367497973 212.97302578491508 45.860298616404179 615.00609539647121 343.48013718286529 52.587258005165495 439.98736229614588 197.86653519357787 70.64157085691113
leaf_count=2468924 32975 5088 58134 173815 2826 296604 5982 46895 773564 48346 124752 3472 87188 1140 1558 26786 154806 2486 8100 17372 3343 2774 163713 6893 1336454 15929 28995 138815 28481 17372
internal_value=1.56941e-10 -0.0164239 0.0232683 -0.0188657 0.0187903 -0.0145419 0.0284481 -0.0349725 -0.016805 0.0131383 -0.0128161 0.0162388 -0.0175318 0.0120298 0.0134258 -0.0244592 -0.0257904 0.00592734 -0.00261659 -0.0257159 0.0214294 0.023737 -0.0408768 -0.0131797 -0.0202043 0.0275632 -0.00476639 -0.0146361 -0.00866084 -0.0178463
internal_weight=9065.08 5314.12 3750.96 4925.33 3093.58 3882.97 1142.07 1042.36 3395.37 1951.51 2232.11 1630.61 1407.53 1188.77 1149.23 1163.25 1127.2 593.333 320.895 76.5367 555.894 932.615 784.889 1014.17 739.257 441.839 824.58 968.307 528.32 330.454
internal_count=6083582 5879145 204437 5874057 146303 3194525 11582 2679532 2897921 134721 1206060 76274 403501 56873 55733 1691861 1665075 50832 58447 25472 4901 8756 2632637 278749 1510269 19401 802559 271856 133041 104560
is_linear=0
shrinkage=0.05


Tree=41
num_leaves=31
num_cat=0
split_feature=81 81 28 94 28 42 73 77 44 3 84 96 89 5 37 37 98 3 28 93 52 88 94 3 37 89 18 76 5 50
split_gain=1264.8 145.474 120.919 138.106 80.6049 70.3499 66.0037 53.3086 33.5867 32.2453 30.8981 37.4382 29.2739 28.5 29.2654 27.434 23.5485 22.6088 22.3874 21.4096 21.0671 21.1158 20.0594 18.4933 20.5289 16.9973 16.941 16.8194 15.9246 19.3286
threshold=0.064583335071802153 0.63392856717109691 0.1301790848374367 2.6934126615524296 0.27726890146732336 1.5000000000000002 769.50000000000011 1.0000000180025095e-35 0.0036599872400984172 0.26726190745830541 1343.5000000000002 76.535903930664077 14.500000000000002 1.0000000180025095e-35 0.10473138093948366 0.011768877971917393 11.11957883834839 0.18237251043319705 0.99984624981880199 0.87115672230720531 0.08789388090372087 0.040759446099400527 0.70432153344154369 1.0000000180025095e-35 0.020652430132031444 423.50000000000006 0.056469166651368148 0.093343634158372893 1.0000000180025095e-35 3.5000000000000004
decision_type=2 2 2 2 2 2 2 2 2 2 2 2 2 2 2 2 2 2 2 2 2 2 2 2 2 2 2 2 2 2
left_child=2 4 3 6 7 -6 17 9 12 22 16 19 -5 14 -7 -8 26 20 -15 -12 -1 -22 -2 24 -9 -13 -10 -18 29 -4
right_child=1 -3 28 8 5 13 15 23 10 -11 11 25 -14 18 -16 -17 27 -19 -20 -21 21 -23 -24 -25 -26 -27 -28 -29 -30 -31
leaf_value=-0.026334441040518686 -0.0037850189857047949 0.044455173106677043 0.0032723013421683718 -0.008016558431480407 0.047780697063840867 0.013971475497385068 -0.040139965587149232 0.01112556162579903 -0.0048535727671871797 -0.037798192136224686 -0.036794896775321981 0.034489602921683682 -0.052264859665641275 -0.038061622010493804 0.027895724565148852 0.0015325157433454951 -0.0127294982076994 -0.028136394278328133 0.017217408921320385 -0.01483225212489747 -0.022740106647573474 -0.0049276112339533447 0.012043328043041845 0.0076074378481839683 0.036914138452891286 -0.0018302274333322445 -0.061552412434832574 0.017889408769275389 -0.039938498667704138 0.027788662948182354
leaf_weight=356.91425143316155 458.60251471056836 589.49329111553379 174.23478442180203 69.289684512652457 270.6592972430517 681.67501590400934 787.04681814427022 118.95541207143106 716.01387440192048 51.165868586103898 134.86057879065629 41.858740574214607 81.1632409968297 36.397622601012699 845.27402621833608 41.580506349680945 56.8830256202491 666.33966053319455 36.868197503732517 626.20431814453332 262.84370081298403 453.34169682243373 355.19609767547809 169.06851218731026 219.69138866337016 139.79401033796603 13.421343586524015 212.03896755143069 13.970352812670169 149.27177631139057
leaf_count=624831 68101 57861 2668 132264 4053 8236 2711007 20598 387286 4810 155590 15274 232369 1072 6286 4925 24898 210130 271 496515 283144 447319 36925 4959 11343 64865 3018 60877 433 1654
internal_value=-3.81408e-10 0.0216065 -0.0165734 -0.0186666 0.0174539 0.0242054 -0.026435 0.00825195 -0.00912825 0.000702857 -0.00736424 -0.0138561 -0.0318867 0.0202179 0.0216795 -0.0380488 -0.00123421 -0.0209024 -0.0102446 -0.018724 -0.0164105 -0.0114649 0.00312353 0.0211129 0.0278555 0.00653905 -0.00589681 0.0114128 0.0123275 0.0145846
internal_weight=8830.12 3833.05 4997.07 4659.59 3243.55 1870.87 2568.07 1372.68 2091.53 864.964 1941.07 942.718 150.453 1600.21 1526.95 828.627 998.357 1739.44 73.2658 761.065 1073.1 716.185 813.799 507.715 338.647 181.653 729.435 268.922 337.477 323.507
internal_count=6083582 224515 5859067 5854312 166654 19918 4281356 146736 1572956 109836 1208323 732244 364633 15865 14522 2715932 476079 1565424 1343 652105 1355294 730463 105026 36900 31941 80139 390304 85775 4755 4322
is_linear=0
shrinkage=0.05


Tree=42
num_leaves=31
num_cat=0
split_feature=37 81 84 94 28 81 44 81 96 69 68 79 8 5 98 22 5 42 94 85 98 22 31 44 76 88 1 99 98 36
split_gain=1163.65 177.205 115.264 167.307 85.7325 57.9442 54.8523 48.6946 41.7915 38.7631 38.4879 29.4533 29.2967 27.3919 26.099 35.8851 24.3812 22.4681 22.4597 25.2091 21.5567 21.4875 21.4012 20.4497 32.2951 19.9548 18.5932 17.6446 16.6904 20.7224
threshold=0.0038948430446907882 0.24264705926179889 152.50000000000003 2.6233121156692509 0.27726890146732336 0.18465909361839297 0.00045469222823157912 0.63392856717109691 0.0089325183071196097 0.024399845860898498 0.076931707561016097 3.2523651123046879 10.500000000000002 1.0000000180025095e-35 51.426832199096687 1036.5000000000002 1.0000000180025095e-35 2.5000000000000004 0.99286547303199779 0.99741521477699291 13.703448772430422 8666.0000000000018 0.0099091725423932093 0.0294250687584281 0.10970025137066843 0.040597369894385345 0.18301435559988025 0.037833392620086677 0.94772088527679454 0.5183374583721162
decision_type=2 2 2 2 2 2 2 2 2 2 2 2 2 2 2 2 2 2 2 2 2 2 2 2 2 2 2 2 2 2
left_child=2 4 5 8 12 11 -5 16 -4 27 -8 -1 22 17 15 20 18 -6 -3 -20 28 -16 -2 24 -21 -11 -27 -10 -12 -30
right_child=1 7 3 6 13 -7 10 -9 9 25 14 -13 -14 -15 21 -17 -18 -19 19 23 -22 -23 -24 -25 -26 26 -28 -29 29 -31
leaf_value=-0.012730163660901598 -0.0068929818486824952 0.032534524791769361 -0.044077353067229576 -0.054153762247892548 0.03637341400390505 0.019779861135605592 -0.035147523486633372 0.045283063002332688 -0.043463996250081342 -0.030540205690457001 0.010076218785325382 0.0093207100319112335 -0.019618902178507584 -0.022996019653020689 0.017234000658106565 -0.018323163961955519 -0.0054556402239993558 0.017480476688579865 0.042360496331397796 -0.06375257491467147 0.014215497000771973 -0.013236028579146492 0.01112474042134695 0.021350400489359093 0.0064006354020190396 -0.0023549496789493376 -0.022039847646479687 -0.0089066782680460362 0.0047491091297624261 -0.017450300178362351
leaf_weight=748.66197615540295 294.2403164820862 884.91977492906153 504.13441848765069 69.003950379905291 187.651783862093 229.052726956681 128.00098452076782 506.56163982400903 357.17039429667057 332.72906449904258 122.14616363466484 189.83136157109402 178.13431459415006 37.306423907983117 183.11904137663078 626.73398345304304 55.552537998650223 974.98840805076179 75.568154663895257 20.632271873706486 158.54333280469291 84.587594551558141 374.66057775571244 145.17823631328065 80.073749503353611 189.08131308766315 328.13272548222449 41.198663130984642 152.28846456401516 339.42060294665862
leaf_count=613388 31095 36243 2462682 179376 1960 23326 126143 37882 597687 251179 64496 82197 28150 1079 70535 618496 897 9828 2521 1960 52967 54000 30620 4663 6622 208883 135486 44888 112789 191544
internal_value=-1.97634e-10 0.0205951 -0.0164261 -0.0208361 0.0105794 -0.002767 -0.0104078 0.0321879 -0.0319272 -0.0270204 -0.00872591 -0.00826988 -0.00159969 0.0191766 -0.00669692 -0.00943368 0.0269313 0.0205298 0.0284227 0.0171032 -0.00222063 0.00760635 0.00319899 0.00934088 -0.00797209 -0.0209883 -0.0148435 -0.0398901 -0.00646567 -0.0105749
internal_weight=8599.3 3815.47 4783.84 3616.29 2046.98 1167.55 1863.84 1768.49 1752.45 1248.31 1794.84 938.493 847.035 1199.95 1666.84 1399.13 1261.92 1162.64 1206.37 321.452 772.399 267.707 668.901 245.884 100.706 849.943 517.214 398.369 613.855 491.709
internal_count=6083582 193520 5890062 5171151 102732 718911 1470346 90788 3700805 1238123 1290970 695585 89865 12867 1164827 1040292 52906 11788 52009 15766 421796 124535 61715 13245 8582 595548 344369 642575 368829 304333
is_linear=0
shrinkage=0.05


Tree=43
num_leaves=31
num_cat=0
split_feature=37 81 84 94 28 81 44 96 69 15 68 42 42 79 98 22 5 94 24 63 22 65 98 67 74 93 70 52 28 21
split_gain=1066.02 164.552 104.767 161.282 82.6454 53.0663 53.0058 42.3429 42.8728 40.7645 33.7549 29.7775 29.2863 27.1159 23.4688 31.2555 23.4309 23.9315 20.7146 20.3366 18.89 18.8791 18.8711 17.349 17.3448 17.0065 17.406 16.848 16.2606 16.2508
threshold=0.00084944188711233448 0.25657895207405096 152.50000000000003 2.6233121156692509 0.77553281188011181 0.18465909361839297 0.0036599872400984172 0.0089325183071196097 0.024399845860898498 0.70833334326744091 0.076931707561016097 2.5000000000000004 1.5000000000000002 3.2523651123046879 51.426832199096687 1036.5000000000002 1.0000000180025095e-35 0.99286547303199779 0.061777736991643913 1.5000000000000002 8666.0000000000018 0.040972638875246055 13.703448772430422 1.0000000180025095e-35 0.027565558440983299 1.5753788352012636 0.39678856730461126 0.58346477150917064 0.99546834826469432 0.027376805432140831
decision_type=2 2 2 2 2 2 2 2 2 2 2 2 2 2 2 2 2 2 2 2 2 2 2 2 2 2 2 2 2 2
left_child=2 4 5 7 12 13 -5 -4 -9 16 -8 -6 18 28 15 22 17 -3 -2 -13 -16 -10 25 -14 -19 26 -12 -15 -1 -17
right_child=1 9 3 6 11 -7 10 8 21 -11 14 19 23 27 20 29 -18 24 -20 -21 -22 -23 -24 -25 -26 -27 -28 -29 -30 -31
leaf_value=-0.014358745947343116 -0.013818295626267647 0.033629255601305322 -0.044304721574912234 -0.044679842450549984 0.035897524878766109 0.018952589015536273 -0.033441764795674143 -0.040843518883537634 -0.025913701534886209 0.045991791963914133 -0.0020194885238979284 0.010428266908225415 -0.015801598382778937 0.013310755195488071 0.016589845815659969 -0.013275134437534095 -0.011177039896998078 0.0051220943295415162 0.011055174361111626 0.024727762845048414 -0.012228340911410321 -0.010181008771464361 0.013564191481794469 0.011243994684536433 0.030727959882593022 0.028386467306521303 -0.021046685796947975 -0.03909014443099601 0.01786829800180614 -0.034353801038664034
leaf_weight=696.03875486376637 98.95383811602369 745.21140566584654 469.57786546759598 104.21794288844103 236.77817732060794 223.05113842974242 120.77477758366149 366.31129755162692 535.76193731174862 420.68580052960897 374.77187734848121 612.29513877347927 297.6456481233763 172.70619254763005 181.79564309696434 476.9621331099188 37.609201573533937 152.36596826981986 543.1172979833791 418.64970500598429 82.746311252936721 296.05302790892893 155.89615283976309 74.046545689227059 116.85697036434431 33.856089840061031 176.94463737818296 16.834768129221629 41.473560674319742 113.12560406530974
leaf_count=612696 31160 33400 2455087 317354 2526 23326 114387 636653 405791 39328 205255 6096 30039 76398 68710 439430 745 10325 46761 4456 50839 189757 50393 2177 3714 11461 116627 5799 692 92200
internal_value=2.82903e-10 0.0198079 -0.0160304 -0.0203446 0.0113976 -0.00294322 -0.0100569 -0.0315785 -0.0265908 0.0328369 -0.00795523 0.0199075 0.000755783 -0.0082114 -0.0060267 -0.00872912 0.0275766 0.0290133 0.00722176 0.0162351 0.00757578 -0.0203142 -0.00189527 -0.0104137 0.0162364 -0.00601102 -0.00812183 0.00865658 -0.0125465 -0.0173161
internal_weight=8393.12 3754.22 4638.9 3488.8 2281.49 1150.1 1821.09 1667.7 1198.13 1472.73 1716.87 1267.72 1013.76 927.053 1596.1 1331.56 1052.04 1014.43 642.071 1030.94 264.542 831.815 741.469 371.692 269.223 585.573 551.717 189.541 737.512 590.088
internal_count=6083582 210727 5872855 5153944 123215 718911 1466656 3687288 1232201 87512 1149302 13078 110137 695585 1034915 915366 48184 47439 77921 10552 119549 595548 383736 32216 14039 333343 321882 82197 613388 531630
is_linear=0
shrinkage=0.05


Tree=44
num_leaves=31
num_cat=0
split_feature=37 81 22 98 28 81 94 96 57 15 70 84 69 42 15 99 42 44 5 95 68 1 5 10 58 42 83 69 24 1
split_gain=978.101 151.934 94.3338 84.6139 79.7443 55.709 56.0122 49.5645 42.5373 39.4624 36.2602 33.5422 33.1648 27.0899 26.6652 26.5493 26.1173 22.3197 21.1957 21.0317 19.9735 19.2882 19.2388 18.6502 34.854 21.7171 17.5173 17.9053 17.045 16.9675
threshold=0.00084944188711233448 0.25657895207405096 1070.5000000000002 51.426832199096687 0.82770204544067394 0.18465909361839297 3.3514167070388798 0.0019929724512621765 8.5000000000000018 0.70833334326744091 0.11810187995433809 61.500000000000007 0.0020432488527148966 1.5000000000000002 0.90000000596046459 0.023076206445693973 2.5000000000000004 0.0034856705460697417 1.0000000180025095e-35 0.014457915443927051 0.028580026701092724 0.28035087883472448 1.0000000180025095e-35 1.0000000180025095e-35 0.00019371762027731168 1.5000000000000002 0.0015959781594574454 0.05165418982505799 0.061777736991643913 0.30079366266727453
decision_type=2 2 2 2 2 2 2 2 2 2 2 2 2 2 2 2 2 2 2 2 2 2 2 2 2 2 2 2 2 2
left_child=2 4 5 7 13 6 11 14 -7 18 -9 -1 -13 28 -4 21 -6 -8 23 -5 -19 -14 26 24 -3 -25 27 -18 -2 -12
right_child=1 9 3 19 16 8 17 10 -10 -11 29 12 15 -15 -16 -17 22 20 -20 -21 -22 -23 -24 25 -26 -27 -28 -29 -30 -31
leaf_value=-0.0071263244080122913 -0.01236604469515889 0.025200114533682989 -0.044288651250604744 -0.030259385674187962 0.035064393040401848 0.01689322339308481 -0.027456724522874218 -0.062517436795755471 -0.096071450847396836 0.045504451827862731 -0.015677420183378903 -0.047714937542359614 -0.017689265368657302 -0.009921282419647643 -1.4848984542466674 -0.0092139229255060167 5.892403686937367e-05 -0.060425518675379923 -0.010264781307715895 0.0081672021553022764 0.00036745470898727874 -0.035705113979851703 -0.017984205345240374 0.048576626363578644 -0.022135889136772967 0.027468406482718255 0.025938563962427205 0.018457165962473335 0.010467357514536309 -0.028788131889492714
leaf_weight=491.4881684211723 96.30162493896205 381.58737126470078 401.41475768493547 42.762129905604525 224.95524818770355 235.75716414994531 84.14023029897362 57.088282910233829 8.6388051431276818 393.744040661084 551.39036027115071 119.55677171266871 310.38161641359329 375.46415770344902 0.032123852928633734 366.93985132768285 200.25078923359979 13.716873269935602 37.035374098923057 212.84898929312476 900.06284063344356 284.97094986558659 39.484947594464757 179.93851874058601 43.300204241997562 377.48294645809801 383.36101126048015 389.38107415975537 540.2503457016428 446.70183731117868
leaf_count=364697 31161 39819 2358565 46075 2498 30200 173518 146914 2477 39328 834521 165046 409397 32386 2415 343433 2237 19016 745 105234 447616 157632 925 2914 1530 3176 3947 3288 46773 266099
internal_value=1.72784e-10 0.0192117 -0.01554 -0.0247947 0.0111402 -0.00991209 -0.0120804 -0.0294509 0.0129002 0.0320604 -0.0237619 -0.0179577 -0.0228784 0.000730262 -0.0444039 -0.0197926 0.0196538 -0.00281419 0.0268673 0.00173868 -0.000545117 -0.0263127 0.0162299 0.0282673 0.0203761 0.0342822 0.0176183 0.0122088 0.00701298 -0.0215452
internal_weight=8190.43 3662.54 4527.89 1712.24 2249.45 2815.65 2571.26 1456.63 244.396 1413.09 1055.18 1573.34 1081.85 1012.02 401.447 962.292 1237.43 997.92 1019.34 255.611 913.78 595.353 1012.48 982.309 424.888 557.421 972.993 589.632 636.552 998.092
internal_count=6083582 210727 5872855 3759823 123215 2113032 2080355 3608514 32677 87512 1247534 1440205 1075508 110320 2360980 910462 12895 640150 48184 151309 466632 567029 10397 47439 41349 6090 9472 5525 77934 1100620
is_linear=0
shrinkage=0.05


Tree=45
num_leaves=31
num_cat=0
split_feature=80 81 94 28 81 73 28 5 37 89 69 8 94 24 76 2 54 24 5 42 42 69 68 34 18 73 79 75 20 22
split_gain=894.965 151.907 107.395 78.9643 61.6039 56.8237 30.8911 35.1071 30.7009 32.1918 25.3063 24.0031 23.7564 22.1745 21.7899 23.7322 21.1201 20.0679 18.835 18.1394 17.9396 18.6306 17.4795 16.6895 16.6643 16.3047 17.687 16.0817 15.9695 15.8787
threshold=0.045722585171461112 0.18465909361839297 1.0013056993484499 0.6829165816307069 0.73214286565780651 934.50000000000011 0.99990585446357738 1.0000000180025095e-35 0.0049768935423344382 12.500000000000002 0.020351968705654148 2.5000000000000004 0.99993506073951732 0.053985988721251495 0.20612406730651858 4.5000000000000009 0.39712680876255041 0.12992049753665927 1.0000000180025095e-35 1.5000000000000002 1.5000000000000002 0.051343591883778579 0.097823347896337523 0.33012820780277258 0.018522499129176143 3963.0000000000005 1.3099645972251894 1.9897190332412722 0.040667777881026275 24594.500000000004
decision_type=2 2 2 2 2 2 2 2 2 2 2 2 2 2 2 2 2 2 2 2 2 2 2 2 2 2 2 2 2 2
left_child=2 3 5 11 6 12 7 8 9 -3 22 28 16 -11 25 29 -1 27 20 -19 -5 -22 -4 -10 -23 -12 -27 -13 -2 -16
right_child=1 4 10 18 -6 -7 -8 -9 23 13 14 17 -14 -15 15 -17 -18 19 -20 -21 21 24 -24 -25 -26 26 -28 -29 -30 -31
leaf_value=-0.023534759922272261 -0.022989954662996449 0.010379168866810496 -0.037565964448260193 0.050452513310251274 0.044878910064355758 -0.037714883755827877 0.035598859637008665 -0.027914468964699159 0.024044229125573018 -0.0093905717707488817 -0.0092967242416581546 -0.018733688090968103 -0.054124845907660472 -0.097838427828390806 0.0076972830200898804 -0.012329670546752346 -0.0104291257225873 0.0097290578510837479 -0.024911034366821724 -0.016650194482090232 0.0070271832827219875 0.016462290961730779 -0.013800573612877627 -0.022437198255664915 0.036928916596925383 0.063479012592843304 -0.049633437352634084 -0.076205205956806479 0.012386325307077166 -0.082639797991676173
leaf_weight=703.43094324693084 37.516480773105286 158.29010600975016 89.72490145478514 38.09910810290603 363.78501455947116 601.14506858003733 349.62022309593158 38.776783695444465 1173.3431096744607 16.703374609234746 766.62091594946105 247.97988281253492 46.711984936031513 12.307841514586469 508.75683219183702 235.69528664334211 546.04245948875905 146.59679777314886 27.808967685559765 117.32397991413018 384.5884057727817 410.99589817383094 561.93588389261276 19.634992446633987 131.20816282829037 3.7705052886158219 41.432607711583842 12.800412635086102 213.13243380037602 4.91128185391426
leaf_count=748221 5066 17679 205024 540 53787 2589147 3932 983 57077 8671 406947 59831 78114 3259 249427 49188 566768 10718 766 9783 5879 4077 870113 1294 644 1304 50408 2691 14607 7637
internal_value=-2.16442e-11 0.0171557 -0.0162805 0.00631911 0.0261404 -0.0250089 0.0222862 0.0190063 0.0203245 0.00150498 -0.00879666 -0.00563723 -0.0191162 -0.0469141 -0.0053421 0.000806195 -0.0178074 -0.0117176 0.0156576 -0.00199764 0.0168268 0.0154445 -0.0170727 0.0232792 0.021415 -0.0110174 -0.0401984 -0.0215547 0.0070913 0.00683355
internal_weight=8010.69 3900.51 4110.18 1768.05 2132.46 1897.33 1768.68 1419.06 1380.28 187.301 2212.85 775.35 1296.19 29.0112 1561.19 749.363 1249.47 524.701 992.701 263.921 964.892 926.792 651.661 1192.98 542.204 811.824 45.2031 260.78 250.649 513.668
internal_count=6083582 261284 5822298 114602 146682 3982250 92895 88963 87980 29609 1840048 102696 1393103 11930 764911 306252 1314989 83023 11906 20501 11140 10600 1075137 58371 4721 458659 51712 62522 19673 257064
is_linear=0
shrinkage=0.05


Tree=46
num_leaves=31
num_cat=0
split_feature=37 81 28 84 94 73 8 44 42 89 81 5 1 94 42 94 70 84 81 7 76 89 28 20 39 21 45 29 48 69
split_gain=824.812 128.109 85.6288 82.9141 122.15 43.4357 42.0094 37.7485 36.784 29.2175 27.605 23.8147 22.3139 20.2064 17.8787 17.5512 18.559 29.2603 22.5715 17.1017 16.8821 16.5837 15.4948 15.2931 15.7499 15.1828 15.1793 16.2791 15.7817 15.0641
threshold=0.00084944188711233448 0.43650794029235845 0.36573067307472235 33.500000000000007 1.0013056993484499 910.50000000000011 3.5000000000000004 0.0036599872400984172 1.5000000000000002 31.500000000000004 0.051315790042281158 1.0000000180025095e-35 0.11269841343164445 0.99286547303199779 2.5000000000000004 0.99993506073951732 0.24278779327869418 451.50000000000006 0.32291667163372045 0.12310606241226198 0.99999400973320018 35.500000000000007 0.99900168180465709 0.0420166663825512 0.0047698570415377626 0.015627083368599418 0.93323877453804027 0.32514758408069616 0.90928685665130626 0.080420039594173445
decision_type=2 2 2 2 2 2 2 2 2 2 2 2 2 2 2 2 2 2 2 2 2 2 2 2 2 2 2 2 2 2
left_child=3 2 6 10 5 15 -2 9 -4 25 -1 19 20 -3 -8 16 17 18 -5 21 26 -10 -13 24 -18 -6 28 -28 -9 -29
right_child=1 13 8 4 7 -7 14 12 11 -11 -12 22 -14 -15 -16 -17 23 -19 -20 -21 -22 -23 -24 -25 -26 -27 27 29 -30 -31
leaf_value=-0.0075087888275056011 0.011709970044336708 0.039893444992891935 0.047611201695375666 -0.026135092284581486 -0.034792787206910092 -0.038293218069516077 -0.0019485564053257068 -0.0084614265042755009 0.010900921164481322 -0.062114614144481044 0.016114677170968747 -0.035908132340162206 -0.011866120528854406 0.01689564403903468 -0.022453048187038985 -0.055085747022722391 -0.0019692215101293877 -0.05085955093714542 0.012532239477967845 0.039809334464142879 0.01931216603872225 0.022533915835478827 0.013973682678311707 -0.021367603385286937 -0.039787561817625508 0.0028416122787389662 -0.021194999325421432 0.002800063648531758 -0.081224223531626116 0.029967334210922372
leaf_weight=239.34066501542111 606.63312763097929 635.08588940859772 116.61288838350447 270.9265936743468 57.183732585486723 567.75829146489559 396.40590596193215 426.79658163076965 483.66811956805759 54.403847614361439 255.8636762800852 32.213277896749787 1102.1485166012135 112.41836745885666 145.27013726445148 37.353610557649517 248.6917657176964 108.48747785569867 43.84916593064554 99.068457527784631 90.337341300677508 835.72966996853938 30.12958220904693 403.7966255407955 30.957539105962496 50.436430229339749 52.799213133519515 223.95625403197482 7.5844757650047532 66.081740474328399
leaf_count=233098 51355 58333 2058 275186 188680 2601255 57099 568619 5112 186033 22716 1161 380758 7329 18867 68046 345792 152312 9765 446 40653 8691 276 276020 85309 46812 75925 278716 12914 24246
internal_value=-1.3401e-10 0.0180834 0.0130874 -0.0145594 -0.0170404 -0.0269873 0.00267304 -0.00905284 0.0205737 -0.0322516 0.00469706 0.0184445 -0.00714456 0.0364348 -0.00744758 -0.0213765 -0.0202387 -0.0284664 -0.0207486 0.0197739 -0.00114625 0.0182695 -0.0118008 -0.0151433 -0.00615576 -0.0171553 -0.00352416 0.00434115 -0.0097319 0.00898981
internal_weight=7831.99 3493.24 2745.73 4338.75 3843.55 1711.82 1148.31 2131.73 1597.42 162.024 495.204 1480.81 1969.7 747.504 541.676 1144.06 1106.71 423.263 314.776 1418.47 867.556 1319.4 62.3429 683.446 279.649 107.62 777.218 342.837 434.381 290.038
internal_count=6083582 210727 145065 5872855 5617041 3813685 127321 1803356 17744 421525 255814 15686 1381831 65662 75966 1212430 1144384 437263 284951 14249 1001073 13803 1437 707121 431101 235492 960420 378887 581533 302962
is_linear=0
shrinkage=0.05


Tree=47
num_leaves=31
num_cat=0
split_feature=37 81 84 98 28 58 81 96 28 98 70 84 93 77 42 95 94 100 5 57 42 5 10 3 42 88 40 77 69 6
split_gain=757.765 122.874 77.1932 68.9554 64.9698 45.9003 42.157 33.3436 28.4953 32.3872 26.5925 23.6599 24.5006 23.2779 22.974 21.1615 20.5178 23.1964 19.7518 19.067 18.0562 17.5953 18.856 19.4606 18.4723 17.4978 16.1366 15.9654 15.7967 15.1228
threshold=0.0038948430446907882 0.2264957278966904 2373.5000000000005 51.426832199096687 0.27726890146732336 1.0000000180025095e-35 0.63392856717109691 0.0019929724512621765 0.99158766865730297 6.9702248573303232 0.11810187995433809 265.50000000000006 0.57229965925216686 1.0000000180025095e-35 1.5000000000000002 0.014457915443927051 3.6987943649291997 1.0000000180025095e-35 1.0000000180025095e-35 6.5000000000000009 1.5000000000000002 1.0000000180025095e-35 1.0000000180025095e-35 1.0000000180025095e-35 1.5000000000000002 0.16422794014215472 0.063798952847719206 1.0000000180025095e-35 0.019609500654041771 1.0000000180025095e-35
decision_type=2 2 2 2 2 2 2 2 2 2 2 2 2 2 2 2 2 2 2 2 2 2 2 2 2 2 2 2 2 2
left_child=2 4 5 7 13 8 21 -4 9 11 -9 27 -13 14 26 -5 17 25 20 -19 -6 22 23 29 -24 28 -2 -1 -7 -3
right_child=1 6 3 15 18 16 -8 10 -10 -11 -12 12 -14 -15 -16 -17 -18 19 -20 -21 -22 -23 24 -25 -26 -27 -28 -29 -30 -31
leaf_value=-0.005705918292978087 -0.005107680939270256 0.033042088028914708 -0.042523589869647514 -0.033562003993481825 0.051242164357926404 -0.034458983447231778 0.042916792244266866 -0.064561520246218113 0.022433462242807813 0.0086784869424896445 -0.021291059652975768 -0.063811797133179152 -0.014707511215159341 0.014340305562070067 -0.018324631601364275 0.0079342726635171137 -0.0076322533301783364 0.027822778775013081 -0.020731619942315246 -0.072676788979281148 0.016998133442055176 -0.0051033680535550177 0.047216978199023513 -0.0028392259799134962 0.026112995852687088 0.0064617356205343163 0.017869435212783974 0.019156467644665935 -0.019429375116939762 0.013290121433507454
leaf_weight=571.17298503679922 267.96098973770859 181.22668170760153 334.70827959798044 36.779227864928544 40.015688859508373 247.54094445216469 372.67157665095874 37.407987511629472 97.853961341344984 319.3810030927998 698.75800725279259 26.785037110967096 492.19314612765447 175.34451578056905 241.73278427723562 186.5930918326485 474.09482706343988 37.950620867602993 33.442380410269834 5.3897533409763119 1012.4749339712434 51.224800348863937 133.48641435880563 94.255035214067902 464.50321114133112 50.481723575561773 106.8933840773534 72.800346427829936 595.18073815158277 208.27573485439643
leaf_count=764545 46045 16217 2271722 46719 638 112985 37882 111755 2360 276269 859688 92133 947302 8688 27687 99908 86137 599 1045 227 10960 934 2433 3574 4201 10421 7279 16591 190701 25937
internal_value=6.54743e-11 0.0176879 -0.0139664 -0.024168 0.00915596 -0.00955178 0.028329 -0.0294389 -0.00369935 -0.00542447 -0.0234898 -0.00929756 -0.0172418 -0.00173463 -0.006306 0.00110173 -0.0161076 -0.020398 0.0170981 0.0153248 0.0183001 0.0235306 0.0248865 0.017547 0.0308239 -0.0221314 0.00144447 -0.00289526 -0.0238442 0.0224803
internal_weight=7668.58 3383.51 4285.07 1294.25 1877.86 2990.83 1505.64 1070.87 1580.19 1482.33 736.166 1162.95 518.978 791.932 616.587 223.372 1410.64 936.544 1085.93 43.3404 1052.49 1132.97 1081.75 483.757 597.99 893.203 374.854 643.973 842.722 389.502
internal_count=6083582 193520 5890062 3389792 102342 2500270 91178 3243165 2099200 2096840 971443 1820571 1039435 89699 81011 146627 401070 314933 12643 826 11598 53296 52362 45728 6634 314107 53324 781136 303686 42154
is_linear=0
shrinkage=0.05


Tree=48
num_leaves=31
num_cat=0
split_feature=81 28 79 15 28 42 76 77 37 88 93 96 35 22 38 5 44 38 71 89 69 55 38 79 79 58 79 6 101 40
split_gain=696.556 138.722 85.7468 74.0434 40.9276 43.2801 39.6483 38.8502 32.626 32.2115 28.9937 24.2703 21.8863 21.2515 22.3884 20.2586 19.5081 18.6965 18.5228 18.5044 18.0925 16.3882 16.6791 17.4033 22.0921 17.3671 16.8015 16.7797 16.2578 15.4155
threshold=0.10263158008456232 1.0000000180025095e-35 1.0000000180025095e-35 0.70833334326744091 0.82770204544067394 1.5000000000000002 0.57781264185905468 1.0000000180025095e-35 0.0023663972970098261 0.032896455377340324 1.5535441637039187 16.609210014343265 479.63728332519537 191.50000000000003 1.9920030236244204 1.0000000180025095e-35 0.0051303985528647908 0.70428937673568737 0.28626799583435064 33.500000000000007 0.03505044803023339 0.086350690573453917 7.3843193054199228 0.79532036185264599 1.7134138345718386 0.069959197193384184 2.4849358797073369 0.17966125160455707 38.500000000000007 0.0075805464293807754
decision_type=2 2 2 2 2 2 2 2 2 2 2 2 2 2 2 2 2 2 2 2 2 2 2 2 2 2 2 2 2 2
left_child=1 2 8 4 7 -6 9 17 -1 13 11 18 -13 14 -4 -3 19 -2 -11 -7 -15 -20 23 25 27 -23 -24 -25 -18 -12
right_child=3 15 6 -5 5 16 -8 -9 -10 10 29 12 -14 20 -16 -17 28 -19 21 -21 -22 22 26 24 -26 -27 -28 -29 -30 -31
leaf_value=-0.0349698132344178 -0.0048530528943906736 0.013042634747646178 -0.020771027530840758 0.041975506623918933 0.043515404457327295 0.0078079651209457118 0.0029151861679308482 0.021777740180414396 -0.012455810268724707 0.067628621037446587 -0.028015531772679153 0.010228039501612973 -0.015211032165578221 -0.042635557470985852 0.0077523794520295078 -0.04214521682600985 0.020513391966909714 0.01255713755823667 -0.021239831853902633 -0.052259397162387214 -0.021602003686871526 0.0075120638065187236 0.050026073412028686 -0.048137471687416999 -0.01419242972307746 -0.054633608446743268 -0.0026327385166801881 0.067949360661600358 0.059916693498168874 0.018861830413898967
leaf_weight=607.86306093445455 383.91642251965823 567.17244356012088 228.16620985665941 344.49863447148527 216.38022975312197 129.24144949711626 441.85478274378693 414.58252312697005 218.85094071557978 6.9135013084160155 20.554432533943327 217.29779417294776 138.40022789506475 156.78940360240813 98.492252200841904 17.131125330575742 912.34411607333459 257.71686520369258 573.20746859075734 14.233489234698935 293.85064342428814 128.56724060513079 16.280364087317139 70.68689556940808 654.32459518057294 12.319246083556207 217.72054208494956 3.2562429381068787 26.951335417106748 119.49009878431389
leaf_count=2649950 54370 7732 259744 54578 4603 1885 297139 36071 33930 2031 27829 116871 155924 316757 82110 616 8854 30997 988275 681 177550 89756 6717 101935 391786 4838 126763 114 248 52928
internal_value=6.26522e-11 -0.0114101 -0.0145682 0.0203245 0.0171578 0.0231007 -0.0110548 0.00984807 -0.0290098 -0.0131428 -0.0100256 -0.0115371 0.000329831 -0.0218813 -0.0121708 0.0114246 0.019021 0.00213988 -0.0140447 0.00184896 -0.0289201 -0.0143816 -0.010818 -0.014008 -0.0171199 0.00207799 0.00103094 -0.0430253 0.021644 0.0119816
internal_weight=7509.05 4809.19 4224.89 2699.87 2355.37 1299.15 3398.17 1056.22 826.714 2956.32 2179.02 2038.97 355.698 777.299 326.658 584.304 1082.77 641.633 1683.28 143.475 450.64 1676.36 1103.16 869.154 728.268 140.886 234.001 73.9431 939.295 140.045
internal_count=6083582 5891295 5882947 192287 137709 16271 3199067 121438 2683880 2901928 2065767 1985010 272795 836161 341854 8348 11668 85367 1712215 2566 494307 1710184 721909 588429 493835 94594 133480 102049 9102 80757
is_linear=0
shrinkage=0.05


Tree=49
num_leaves=31
num_cat=0
split_feature=37 81 22 98 28 96 15 28 42 70 46 96 42 76 79 44 79 73 76 70 5 42 38 96 24 67 70 60 49 69
split_gain=643.264 110.187 65.3624 69.7632 57.2722 41.7456 37.0964 37.0881 36.2009 32.8968 23.358 28.9022 22.7961 21.9898 21.6261 21.4234 20.1061 18.5985 18.2527 18.791 18.0371 16.8175 16.0932 17.084 15.2738 14.7007 14.5001 14.4525 15.0679 14.3119
threshold=0.0049768935423344382 0.23303167521953586 1070.5000000000002 51.426832199096687 0.27726890146732336 0.0019929724512621765 0.70833334326744091 0.99990585446357738 1.5000000000000002 0.11810187995433809 1.3309856653213503 6.0504374504089364 1.5000000000000002 0.77783694863319408 0.99698382616043102 0.0038210272323340182 1.5002085566520693 11530.500000000002 0.13498435914516452 0.22722952067852023 1.0000000180025095e-35 1.5000000000000002 6.9960153102874765 0.57875227928161632 0.27387949824333196 1.0000000180025095e-35 0.28368294239044195 0.03396569378674031 1.090221703052521 0.25084353983402258
decision_type=2 2 2 2 2 2 2 2 2 2 2 2 2 2 2 2 2 2 2 2 2 2 2 2 2 2 2 2 2 2
left_child=2 4 7 5 12 -4 -3 8 10 -7 11 13 24 14 22 -13 -16 26 19 -17 21 -6 23 -1 -2 -14 -5 28 -10 -12
right_child=1 6 3 17 20 9 -8 -9 27 -11 29 15 25 -15 16 18 -18 -19 -20 -21 -22 -23 -24 -25 -26 -27 -28 -29 -30 -31
leaf_value=-0.0045399781975432856 0.00091447909572748599 0.023176507410766878 -0.041684402788700142 -0.020794155476420596 0.050405022502728603 -0.062084444024832486 0.043274571070845966 0.032707398203618475 -0.028050476353564981 -0.018691599277690565 0.009786318087855227 -0.056100309051392294 -0.018437388535751439 0.017442957054227465 -0.04952741498868668 -0.062378418321043495 -0.016624362044569099 -0.060027046149593755 0.014155110223840653 -0.0021086746069251361 -0.020537578528025235 0.016104259489917019 0.041283525577424089 -0.054738262707738052 0.024433638050930184 0.0089034146742785064 0.012366009625362356 -0.0014796754111756334 -0.012466352370450821 -0.038785219689015181
leaf_weight=388.90423546428428 389.01322209805949 1093.3147210900788 317.09466593414254 39.980969745287439 37.054556705523282 45.866479459335096 290.62659891473595 54.073797366465442 360.19993452304334 915.15807133856288 290.20038918984937 14.142536241735796 231.7936086243717 60.783702077693306 50.264252109773224 15.003732778190168 608.59828546334757 10.996512624842579 247.305116737145 93.69542951049516 32.433801443199627 1003.4162385909294 18.236818585311994 17.72164655267261 83.923439085716382 62.400322556961328 187.91094889648957 107.11552735045552 272.40635112911696 16.002415435214061
leaf_count=471977 54170 53605 2365954 39951 655 147544 34208 1717 105614 1107333 240572 42777 27121 47128 116231 20166 724067 13497 111065 59991 1072 11041 18241 36820 3508 1973 98156 7261 68235 51932
internal_value=-5.03306e-11 0.0167387 -0.0130613 -0.0213176 0.00872217 -0.0259532 0.0273971 -0.00827109 -0.00913647 -0.0207626 -0.00534719 -0.00789342 -0.00171 -0.0118213 -0.0134626 0.00425169 -0.0191345 0.00348384 0.00664921 -0.0104277 0.0161812 0.0173258 -0.00466689 -0.00672773 0.005088 -0.0126382 0.00654845 -0.018464 -0.0213398 0.00724793
internal_weight=7355.64 3223.98 4131.66 1517.01 1840.04 1278.12 1383.94 2614.65 2560.58 961.025 1820.86 1514.66 767.131 1144.51 1083.73 370.147 658.863 238.888 356.004 108.699 1072.9 1040.47 424.863 406.626 472.937 294.194 227.892 739.722 632.606 306.203
internal_count=6083582 187353 5896229 3772435 99540 3620831 87813 2123794 2122077 1254877 1940967 1648463 86772 1414464 1367336 233999 840298 151604 191222 80157 12768 11696 527038 508797 57678 29094 138107 181110 173849 292504
is_linear=0
shrinkage=0.05


Tree=50
num_leaves=31
num_cat=0
split_feature=37 81 28 84 94 44 90 77 81 96 38 42 3 88 62 96 22 94 5 98 93 43 7 6 76 61 37 23 99 98
split_gain=590.3 96.3029 66.8171 62.9521 103.698 45.9491 35.1931 34.9239 32.5595 32.4554 31.919 31.7392 27.0287 24.9161 23.8727 23.711 19.5396 18.4596 17.9311 16.4743 15.8571 15.7094 16.0047 15.147 15.0497 17.2797 14.0039 21.4486 13.9957 13.9549
threshold=0.00084944188711233448 0.43650794029235845 0.36573067307472235 369.50000000000006 2.5666652917861943 0.00045469222823157912 0.3264270573854447 1.0000000180025095e-35 0.14642857760190967 0.0019929724512621765 3.1388497352600102 1.5000000000000002 0.020620748400688175 0.017417268827557567 0.093233961611986174 76.535903930664077 1036.5000000000002 0.99286547303199779 1.0000000180025095e-35 13.703448772430422 0.88918837904930126 34.500000000000007 0.093386627733707442 0.0029495833441615109 0.77783694863319408 0.82903733849525463 0.069076851010322585 17.870455741882328 0.09186930209398271 0.98338189721107494
decision_type=2 2 2 2 2 2 2 2 2 2 2 2 2 2 2 2 2 2 2 2 2 2 2 2 2 2 2 2 2 2
left_child=3 2 7 8 6 -6 -5 12 10 -8 24 -4 -2 -7 28 16 19 -3 21 29 -18 22 23 26 25 -1 27 -13 -11 -15
right_child=1 17 11 4 5 13 9 -9 -10 14 -12 18 -14 15 -16 -17 20 -19 -20 -21 -22 -23 -24 -25 -26 -27 -28 -29 -30 -31
leaf_value=-0.016677847190373105 0.0058285665266834957 0.037383661428429624 0.046492471007797881 -0.061592350853288985 -0.066805732600874967 -0.039589005081698797 -0.040556624400253816 0.016903761820621047 0.012245492337774199 -0.035746120126897561 0.0065086713219858179 0.061717498301312894 -0.012628694617968277 0.0124999754543144 -0.014602314736191974 0.011048681151404421 -0.032889995560964704 0.014119525635830667 -0.010654511070011701 0.01349574684546994 -0.011086608472087795 0.027914036798040859 0.033359261414092921 0.0098947195070154051 0.025915886695146481 -0.00019151440000100665 0.034100345598234293 -0.023969319581925889 0.064399611070410964 -0.011346588180560706
leaf_weight=762.27345518048969 406.56945373426424 522.42457789799664 95.265933672431856 78.227960599077051 33.210971704218537 57.176112333807396 300.40099984924018 297.76535532658454 236.71816062433572 226.22936986653076 294.60094273096183 10.019474113825707 387.29583104368066 76.099707347399089 479.77799253533885 178.79574493365362 100.10250734578585 101.90030576224672 57.581916464725509 135.49207675934304 499.49322114104871 300.44638807786396 105.98700932879001 770.73532339147641 25.181165800313465 200.80785283270234 131.36408854601905 26.938494898087811 3.5433820292237206 316.53614959691186
leaf_count=722796 66531 58333 2058 202258 140242 85405 2361363 18216 30145 441123 220160 89 42574 44805 397618 81390 152758 7329 1437 49595 524897 3405 531 8665 22422 158856 1191 368 1561 235461
internal_value=-5.5227e-11 0.0159591 0.01171 -0.0128094 -0.0177115 -0.0086968 -0.0292838 0.00230117 -0.00479261 -0.0267812 -0.00793653 0.0185648 -0.00317601 -0.00728164 -0.0209492 -0.0058678 -0.00854983 0.0335866 0.0166686 -0.00153712 -0.0147267 0.0178379 0.0149411 0.0128623 -0.0122426 -0.0132404 0.0264507 -0.000739232 -0.0342017 -0.00672471
internal_weight=7218.96 3214.29 2589.97 4004.67 2485.09 1396.91 1088.18 1091.63 1519.58 1009.95 1282.86 1498.34 793.865 1363.7 709.551 1306.52 1127.72 624.325 1403.07 528.128 599.596 1345.49 1045.04 939.057 988.262 963.081 168.322 36.958 229.773 392.636
internal_count=6083582 210727 145065 5872855 4718476 1314553 3403923 127321 1154379 3201665 1124234 17744 109105 1174311 840302 1088906 1007516 65662 15686 329861 677655 14249 10844 10313 904074 881652 1648 457 442684 280266
is_linear=0
shrinkage=0.05


Tree=51
num_leaves=31
num_cat=0
split_feature=37 81 22 94 28 76 81 44 89 8 44 89 81 89 69 76 84 2 94 92 81 62 84 42 68 96 85 5 10 4
split_gain=543.119 92.608 57.6512 90.456 50.7186 36.4577 35.6509 27.7657 26.7824 20.6033 20.0449 23.4469 19.0237 21.5739 19.0175 18.2392 26.4307 19.1986 18.2041 18.1022 17.9168 17.7028 16.7067 16.1968 16.027 15.7657 15.2139 14.967 18.5478 16.3837
threshold=0.00084944188711233448 0.23303167521953586 21.500000000000004 1.0013056993484499 0.54554802179336559 0.0026654039975255732 0.63392856717109691 0.0036599872400984172 31.500000000000004 10.500000000000002 0.016294787637889389 10.500000000000002 0.37980769574642187 30.500000000000004 0.00057628584909252833 0.3337771892547608 4621.5000000000009 8.5000000000000018 0.99993506073951732 0.70076727867126476 0.051315790042281158 0.22818010300397876 2306.5000000000005 3.5000000000000004 0.24879215657711032 2.6154358386993413 0.99995744228363048 1.0000000180025095e-35 1.0000000180025095e-35 13.500000000000002
decision_type=2 2 2 2 2 2 2 2 2 2 2 2 2 2 2 2 2 2 2 2 2 2 2 2 2 2 2 2 2 2
left_child=2 4 20 5 9 12 27 8 -5 19 11 -7 -4 -14 -13 16 -9 -17 24 22 25 -11 -2 -6 -12 -1 -21 28 29 -3
right_child=1 6 3 7 23 10 -8 15 -10 21 18 14 13 -15 -16 17 -18 -19 -20 26 -22 -23 -24 -25 -26 -27 -28 -29 -30 -31
leaf_value=-0.010335686357309342 -0.0047589047238057805 0.01583462206520032 -0.037897526699180235 -0.01421063641326418 0.025038488914016818 -0.013373725556024821 0.040755288393503057 -0.006066252235133348 -0.060600120163563968 -0.025015939866945947 -0.015576690670442331 -0.069002557049268831 0.021106565375698574 -0.16120418077621951 -0.031444990840904651 0.0044668051132714104 -0.025924424975024171 -0.020986339169946765 -0.052195437154722982 0.00074109730613185481 0.015079917409222125 0.014856543553167137 -0.066937768442067599 0.011370329234300288 0.0071045071070466237 0.035285929824013372 0.02116633575797568 -0.0062723538159002931 0.028849425328504603 -0.097564872168544758
leaf_weight=181.71750258258544 236.42653080052696 448.69660634861793 431.42154343231232 101.89091211048071 308.60156359750545 123.03621316526551 298.59335125144571 994.79519707561121 44.791009968699655 135.10053382412298 665.49026050030079 47.27070365381951 22.269270879973195 1.750261875509749 117.4512238708412 552.77518660569331 201.50026725878706 85.549843166954815 30.708482999179978 203.86872296832735 217.34826039021209 35.062683639640454 11.320249205280559 728.17752441298217 88.21005868021166 21.140119233750738 164.92093984317034 47.549534559249878 524.67615216603735 3.2079203992616376
leaf_count=193439 29109 50477 2533408 237261 3601 162368 41914 737774 183422 27928 620989 74841 10006 2410 294383 346679 277999 21986 68080 27536 21990 2552 2826 8889 62460 23360 8323 905 6528 139
internal_value=1.43315e-10 0.015481 -0.0123963 -0.0144922 0.0081749 -0.0236348 0.025553 -0.00744307 -0.0283762 -0.00139797 -0.0186005 -0.029888 -0.0354863 0.0078219 -0.042223 -0.00576942 -0.0094111 0.00105551 -0.0144597 0.00285299 0.00510552 -0.0168001 -0.00760003 0.0154387 -0.0129222 -0.00558138 0.00987516 0.0211207 0.0224544 0.0150296
internal_weight=7075.32 3146.2 3929.12 3508.91 1823.48 1527.61 1322.72 1981.3 146.682 786.7 1072.17 287.758 455.441 24.0195 164.722 1834.62 1196.3 638.325 784.409 616.536 420.206 170.163 247.747 1036.78 753.7 202.858 368.79 1024.13 976.581 451.905
internal_count=6083582 210727 5872855 5634066 110764 3828945 99963 1805121 420683 98274 1283121 531592 2545824 12416 369224 1384438 1015773 368665 751529 67794 238789 30480 31935 12490 683449 216799 35859 58049 57144 50616
is_linear=0
shrinkage=0.05


Tree=52
num_leaves=31
num_cat=0
split_feature=81 28 76 15 28 58 42 37 96 55 77 69 71 60 76 36 76 4 79 69 48 86 79 5 56 38 69 69 24 66
split_gain=499.955 105.564 67.1061 57.5373 40.8706 33.0286 29.049 23.5572 26.7103 23.4284 23.153 22.8898 21.413 19.9321 18.9779 23.3241 16.6024 16.5844 21.6413 15.9887 15.4645 15.4415 15.1661 14.9953 14.6026 14.5199 13.8797 13.5458 19.4254 13.5186
threshold=0.10263158008456232 1.0000000180025095e-35 0.010936356149613859 0.77500000596046459 0.99577265977859508 0.0081992582418024557 1.5000000000000002 0.0097982627339661139 0.30580142140388494 0.087525337934494032 1.0000000180025095e-35 0.021449933759868148 0.95315107703208934 0.0031136111356318001 0.14798315614461902 1.298421382904053 0.2917946875095368 4.5000000000000009 0.089333616197109236 0.034056905657053001 0.64514842629432689 0.76357144117355358 3.9312237501144414 1.0000000180025095e-35 0.22653958946466449 0.57602435350418102 0.063003465533256545 0.020742218010127548 0.19128321111202243 1.3940083980560305
decision_type=2 2 2 2 2 2 2 2 2 2 2 2 2 2 2 2 2 2 2 2 2 2 2 2 2 2 2 2 2 2
left_child=1 2 7 4 10 9 -6 8 -1 12 13 16 -4 20 15 17 -7 18 25 -15 -2 -19 -23 26 -21 -11 -3 28 -8 -14
right_child=3 23 5 -5 6 11 27 -9 -10 14 -12 -13 29 19 -16 -17 -18 21 -20 24 -22 22 -24 -25 -26 -27 -28 -29 -30 -31
leaf_value=-0.035824638301301275 -0.071195798220096793 0.0032675330844640672 -0.028676911862305327 0.040425371168298391 0.044040601058149956 -0.035521617985672091 0.021478464645286421 -0.0077703212116810904 -0.012818678578579041 -0.069208206967857955 0.020124442856550354 -0.011897288533517686 -0.00015642391533720904 0.0011848626089954902 0.0056413162691359578 0.018869851295269358 -0.010814016742968731 -0.018039204177831884 -0.022347620262326128 0.016317852996293177 -0.0056963461038987036 -0.0050803680116947893 0.029807316573451231 -0.038091242078829732 -0.023758867384283275 0.086435673084499842 0.019285985326637015 0.024074874300678673 -0.013336030066505355 -0.016105055452511622
leaf_weight=483.15744110149535 13.873956586932762 254.51014559454052 156.33479810180143 258.15541502452834 153.23923615799868 208.3816643490718 100.2644685083651 148.71919329895172 170.75227159605129 1.8752891378244365 420.8915325642447 1000.6773089316266 283.34963334890199 480.20871869701659 575.67634986847406 73.371517838328145 100.91843105574662 79.602152820269112 258.10148890441633 435.99353937793057 25.712891481700353 71.798252838576445 55.023496937035816 15.503895585425196 23.979433487867936 7.4567206096835434 288.55100577021949 485.42851930682082 66.736231639864855 250.19045168638695
leaf_count=2587320 2075 4775 463199 53831 3922 128630 1513 19619 193894 4815 36708 236911 518563 66408 455889 50547 41362 42243 477810 19277 1478 34240 17428 616 903 2195 2957 5001 1171 608282
internal_value=1.27047e-10 -0.00994316 -0.0128371 0.0180909 0.0154776 -0.00952278 0.0244504 -0.0257321 -0.0298172 -0.00515154 0.0103164 -0.0155718 -0.0124035 0.00610297 -0.000696184 -0.00736314 -0.02746 -0.011425 -0.0196431 0.00756634 -0.0286519 -0.000778099 0.0100562 0.0103946 0.0142286 0.0551587 0.0117788 0.0198491 0.00756602 -0.00763514
internal_weight=6948.44 4483.95 3925.39 2464.48 2206.33 3122.76 805.668 802.629 653.91 1812.78 1400.66 1309.98 689.875 979.769 1122.91 547.229 309.3 473.857 267.433 940.182 39.5868 206.424 126.822 558.565 459.973 9.33201 543.061 652.429 167.001 533.54
internal_count=6083582 5891295 5882947 192287 138456 3082114 11607 2800833 2781214 2675211 126849 406903 1590044 90141 1085167 629278 169992 578731 484820 86588 3553 93911 51668 8348 20180 7010 7732 7685 2684 1126845
is_linear=0
shrinkage=0.05


Tree=53
num_leaves=31
num_cat=0
split_feature=37 81 22 98 28 96 81 94 81 70 89 99 73 8 68 73 76 53 59 42 69 26 5 10 42 3 6 87 95 54
split_gain=458.352 80.5646 49.2806 52.2332 41.693 33.3097 30.6546 38.5724 30.0769 27.5242 22.0358 19.2375 22.2653 18.936 17.0703 16.6608 16.2959 16.204 20.3411 14.7527 14.4518 14.096 14.0117 18.2656 17.842 16.0555 15.9014 13.9359 15.7654 13.6405
threshold=0.0097982627339661139 0.23303167521953586 1070.5000000000002 51.426832199096687 0.27726890146732336 0.0019929724512621765 0.14642857760190967 3.3514167070388798 0.73214286565780651 0.11810187995433809 46.500000000000007 0.023076206445693973 60.500000000000007 12.500000000000002 0.028580026701092724 11530.500000000002 0.013352222274988891 0.96636754274368297 1.4664794206619265 1.5000000000000002 0.0053726772312074908 0.90720537304878246 1.0000000180025095e-35 1.0000000180025095e-35 1.5000000000000002 1.0000000180025095e-35 1.0000000180025095e-35 0.96352866291999828 0.027355306781828407 0.42699566483497625
decision_type=2 2 2 2 2 2 2 2 2 2 2 2 2 2 2 2 2 2 2 2 2 2 2 2 2 2 2 2 2 2
left_child=2 4 6 5 13 -4 7 11 22 -7 -8 12 -1 17 -9 -5 -13 18 -2 -6 -16 -18 23 25 -25 26 -3 -11 -29 -28
right_child=1 8 3 15 19 9 10 14 -10 27 -12 16 -14 -15 20 -17 21 -19 -20 -21 -22 -23 -24 24 -26 -27 29 28 -30 -31
leaf_value=-0.011961131388116646 -0.0025348966731171692 0.031435117720041698 -0.038278845121579794 0.006310346455587282 0.047911709137585516 -0.06003917100403814 0.011127287535311727 -0.055053952405018536 0.042862463846777249 -0.020652946487098797 -0.070278497215768093 -0.02196471070557662 -0.028340827324630807 -0.019917312877870824 -0.021224303255493251 -0.059989174370690325 -0.0046213015382380587 0.01091772883879734 -0.058875448177362261 0.013465542026227705 0.0019131555846614138 0.025408684718849196 -0.005138822878915237 0.045272097556677722 0.023796971074201562 -0.0050229417906745219 -0.0019866896566628749 -0.029539255736144406 -0.00044701709574646075 0.025331514094484937
leaf_weight=494.73231420028605 288.93141078099143 157.77883188196574 269.68200016858464 215.96354763577983 32.097057507082354 37.855868152764742 271.31602916246993 14.320603699656202 196.26038399527897 613.09809424252308 8.5757484184578043 122.66885819208983 357.31349802337354 114.13130838412326 73.649305406201165 9.9106591565068793 307.34392232102982 284.58285482472274 16.960799994063564 984.28427570234635 806.84062434712541 44.769828490971122 47.194129984010942 127.44409741053823 401.17965698917396 80.698940851318184 105.39692526223371 60.044272134342464 207.49152227630839 80.668800112442113
leaf_count=493368 29003 14151 2370177 138427 669 147817 47010 32722 28440 790910 3028 157348 451509 19525 176314 13634 312229 23793 2228 11894 432377 31251 979 3147 4120 3241 14039 110713 212238 7281
internal_value=5.46342e-11 0.0150018 -0.0111782 -0.018639 0.0080736 -0.0228289 -0.00696091 -0.0089255 0.0249659 -0.0182926 0.00863305 -0.0143359 -0.0188301 -0.0012733 -0.000902928 0.00340133 -0.0062706 0.00233035 -0.00565881 0.0145533 -2.21962e-05 -0.000803111 0.0214548 0.0227715 0.0289743 0.015048 0.0197585 -0.016498 -0.00697632 0.00985712
internal_weight=6833.19 2917.61 3915.58 1414.05 1720.99 1188.17 2501.53 2221.64 1196.62 918.49 279.892 1326.83 852.046 704.606 894.811 225.874 474.783 590.475 305.892 1016.38 880.49 352.114 1000.36 953.167 528.624 424.543 343.845 880.634 267.536 186.066
internal_count=6083582 162510 5921072 3783916 87112 3631855 2137156 2087118 75398 1261678 50038 1445705 944877 74549 641413 152061 500828 55024 31231 12563 608691 343480 46958 45979 7267 38712 35471 1113861 322951 21320
is_linear=0
shrinkage=0.05


Tree=54
num_leaves=31
num_cat=0
split_feature=81 28 94 81 28 42 43 77 69 85 68 99 76 0 50 38 76 4 58 83 44 55 56 13 74 5 91 28 75 37
split_gain=424.564 93.6824 61.1595 50.9613 32.2247 33.6253 32.178 28.4087 20.0543 19.7622 18.6156 18.468 19.3105 17.5673 17.2692 15.6872 14.6528 14.9536 14.3242 14.058 13.4615 13.4285 13.2557 14.1827 13.6323 13.1477 13.0646 19.6033 15.1841 23.3217
threshold=0.10263158008456232 1.0000000180025095e-35 2.6934126615524296 0.73214286565780651 0.82770204544067394 1.5000000000000002 73.500000000000014 1.0000000180025095e-35 0.03505044803023339 0.99837544560432445 0.097823347896337523 0.02183298580348492 0.77783694863319408 0.022788472473621372 82.500000000000014 0.70428937673568737 0.050971619784832008 1.5000000000000002 0.004641896579414607 0.010233360808342697 0.0034856705460697417 0.090921618044376387 0.033997895196080215 0.8059479594230653 0.051392633467912681 1.0000000180025095e-35 1.3686061501502993 0.99927806854248058 1.9991554617881777 0.14744786918163302
decision_type=2 2 2 2 2 2 2 2 2 2 2 2 2 2 2 2 2 2 2 2 2 2 2 2 2 2 2 2 2 2
left_child=1 2 6 4 7 -6 11 15 10 -8 -4 12 21 20 26 -2 17 -13 -10 -15 -12 -1 -22 -24 -25 -3 28 -28 -7 -30
right_child=3 25 8 -5 5 14 9 -9 18 -11 13 16 -14 19 -16 -17 -18 -19 -20 -21 22 -23 23 24 -26 -27 27 -29 29 -31
leaf_value=-0.028280760304794813 -0.005396350062147115 0.011395055664357905 -0.030237625583390566 0.040318418101553358 0.040831502766714559 0.027098665818257942 -0.032980102446051665 0.018893375530119199 0.0060669742157411968 0.01908346605295283 -0.031082155911282501 -0.058778570077314442 0.021953536157708536 -0.016970080340457879 0.048391171821322548 0.011111316437654726 0.00031122923718143936 -0.012572670145873561 -0.006397590619272097 0.024516700716025908 0.0078368601029956807 -0.015991690090113388 -0.084242544313189768 -0.063916283927231407 0.023508147879627274 -0.035714368533288118 -0.014298751641602051 0.024875675097920855 0.0035341630186776067 0.024290987486543486
leaf_weight=325.20887834396854 357.2901026927866 531.96942970296368 107.43258114188211 214.29812670699903 170.49169653304853 287.64024408601108 386.0493560241739 368.99744799046312 465.44906501891091 19.129833533079363 29.72590907063568 18.661848226154689 28.345698452263605 386.56609117399785 41.545680590905249 240.98977009044029 289.65902995417127 283.74366818781709 456.60400989401387 21.558176177786663 257.20239670720184 702.44544578109344 8.0806839186989254 6.7036741202464354 13.317334791528991 15.234819358098319 81.819458164391108 52.378452786826529 299.72705356014194 246.71617333189351
leaf_count=541427 54377 7732 226601 53817 4790 3260 2426139 36236 302852 1718 195038 117067 24847 315389 450 31012 280258 197079 67315 8191 415126 716605 21367 13376 12552 616 879 556 4348 2562
internal_value=-3.20069e-11 -0.00926084 -0.0120421 0.0170682 0.0147482 0.0202927 -0.0178981 0.00798247 -0.00518176 -0.030522 -0.010817 -0.0147945 -0.0187577 -0.00793185 0.0168251 0.00125301 -0.00772582 -0.0154241 -0.000105523 -0.0147786 0.000938223 -0.0198807 0.00427443 -0.0283309 -0.00576435 0.0100835 0.0154707 0.000991321 0.0178003 0.0129058
internal_weight=6714.98 4353.09 3805.88 2361.89 2147.6 1180.32 2053.24 967.277 1752.64 405.179 830.587 1648.06 1056 723.154 1009.83 598.28 592.065 302.406 922.053 408.124 315.03 1027.65 285.304 28.1017 20.021 547.204 968.281 134.198 834.083 546.443
internal_count=6083582 5891295 5882947 192287 138470 16845 4305140 121625 1577807 2427857 1207640 1877283 1282879 981039 12055 85389 594404 314146 370167 323580 657459 1258032 462421 47295 25928 8348 11605 1435 10170 6910
is_linear=0
shrinkage=0.05


Tree=55
num_leaves=31
num_cat=0
split_feature=37 81 22 94 28 84 81 69 89 8 55 67 76 88 68 96 35 44 72 83 5 96 28 96 35 42 62 10 42 74
split_gain=393.39 70.0196 44.4319 61.0671 37.7312 30.1818 27.0421 23.5257 17.0473 17.0189 16.4471 16.2952 18.3569 16.2299 15.928 16.8369 21.8865 15.5708 15.2088 17.079 15.199 15.1219 14.5662 14.1311 13.8255 15.1373 13.5579 13.5464 16.8996 14.4157
threshold=0.0097982627339661139 0.2264957278966904 21.500000000000004 2.3998601436614995 0.27726890146732336 3595.5000000000005 0.73214286565780651 0.0015868004411458971 11.500000000000002 10.500000000000002 0.45789763331413275 1.0000000180025095e-35 0.010936356149613859 0.040597369894385345 0.097823347896337523 76.535903930664077 479.29913330078131 0.027208344079554084 0.88949939608573925 0.0054762801155447969 1.0000000180025095e-35 0.35275216400623327 0.99942120909690868 2.6154358386993413 476.69984436035162 6.5000000000000009 0.21871259063482287 1.0000000180025095e-35 1.5000000000000002 0.03089601639658213
decision_type=2 2 2 2 2 2 2 2 2 2 2 2 2 2 2 2 2 2 2 2 2 2 2 2 2 2 2 2 2 2
left_child=2 4 10 5 9 11 20 8 -5 -2 22 12 -4 -14 -9 16 -16 -15 -18 -20 27 -19 23 -1 -6 -26 -11 -3 -29 -30
right_child=1 6 3 7 24 -7 -8 14 -10 26 -12 -13 13 17 15 -17 18 21 19 -21 -22 -23 -24 -25 25 -27 -28 28 29 -31
leaf_value=0.0015611440441042222 0.0027458743667119288 0.015053293910741145 -0.027467995449357165 -0.0098872374292164437 0.0089003552856451226 -0.031018337550713766 0.041841114426048202 -0.015568540900366327 -0.056058717334040831 -0.025003303482899808 -0.046765059516494054 0.0067541659487837212 -0.022564811828704592 -0.019320664680670521 0.00053991203738667441 0.013613603977314129 -0.021388164449522504 0.014771463370007449 0.0052970123186537356 -0.038647677612156366 -0.0071633204252497642 -0.0081521925316837465 0.03641979301128153 0.04558197025052213 0.028480722900685457 0.0087671772475488869 0.010962747176944482 0.044218623150888342 0.014389240350349213 0.033663517519287298
leaf_weight=325.85012946312781 544.48291488812538 406.72827375560883 301.52884955018817 41.323921027040342 569.34186117138597 406.32350639865035 174.32152754362323 270.07579034662922 38.72668312319729 111.01214593579061 14.61292017965752 78.185238210731768 303.35460266355949 206.88721071349573 814.66533064690884 148.50336754100863 248.67474570020568 96.935929645143915 137.51740191123099 26.346017835370731 47.400566485710442 279.01012230820197 38.576385732827475 19.311015994579066 254.08660479425453 157.88688862157869 34.298334853898268 114.31725806515897 232.9836134861107 166.22342437363113
leaf_count=205560 50598 38830 541133 95192 6963 2455377 28440 254958 155680 21094 12307 27487 406014 370728 538388 67416 309187 64761 148118 35362 1009 212475 1164 19765 3300 2139 2735 3166 2540 1696
internal_value=1.43719e-10 0.0141707 -0.0105003 -0.0123523 0.00764974 -0.0191618 0.0237133 -0.00575444 -0.032224 -0.00131139 0.00529811 -0.0153561 -0.0168116 -0.0131857 -0.00446696 -0.00228752 -0.00421171 -0.00830402 -0.0135951 -0.00176843 0.0204475 -0.00224144 0.0072807 0.00402401 0.0139488 0.0209256 -0.0165141 0.0218697 0.0272686 0.0224147
internal_weight=6609.49 2813.08 3796.41 3398.06 1671.11 1672.23 1141.97 1725.83 80.0506 689.793 398.35 1265.9 1187.72 886.188 1645.78 1375.71 1227.2 582.833 412.538 163.863 967.653 375.946 383.738 345.161 981.315 411.973 145.31 920.253 513.524 399.207
internal_count=6083582 162510 5921072 5682276 86829 4077975 75681 1604301 250872 74427 238796 1622598 1595111 1053978 1353429 1098471 1031055 647964 492667 183480 47241 277236 226489 225325 12402 5439 23829 46232 7402 4236
is_linear=0
shrinkage=0.05


Tree=56
num_leaves=31
num_cat=0
split_feature=37 81 84 94 28 44 44 96 81 68 28 79 52 88 17 96 22 59 79 79 79 2 64 98 5 10 42 52 77 72
split_gain=365.205 66.2023 44.1837 77.1744 41.3353 31.0553 29.4967 29.4134 27.49 20.9053 19.6809 22.8854 17.8138 15.8806 14.6823 14.6265 18.0204 14.5126 15.3871 23.1613 15.9491 14.4779 14.1858 14.1732 13.6641 16.735 16.0923 13.8546 13.2915 12.6953
threshold=0.00084944188711233448 0.2264957278966904 152.50000000000003 2.6233121156692509 0.54554802179336559 0.00045469222823157912 0.018642315641045574 0.0089325183071196097 0.73214286565780651 0.076931707561016097 0.99158766865730297 3.2523651123046879 0.58346477150917064 0.27718676626682287 28.500000000000004 76.535903930664077 1036.5000000000002 0.67082044482231151 0.79532036185264599 1.7306897640228274 2.0789707899093632 6.5000000000000009 1.2005155086517336 13.703448772430422 1.0000000180025095e-35 1.0000000180025095e-35 1.5000000000000002 0.048004684969782836 1.0000000180025095e-35 0.90098044276237499
decision_type=2 2 2 2 2 2 2 2 2 2 2 2 2 2 2 2 2 2 2 2 2 2 2 2 2 2 2 2 2 2
left_child=2 4 10 6 14 -5 -4 -8 24 -7 11 28 -13 17 -2 16 23 -9 21 -20 22 -19 -21 -11 25 27 -27 -3 -1 -28
right_child=1 8 3 5 -6 9 7 13 -10 15 -12 12 -14 -15 -16 -17 -18 18 19 20 -22 -23 -24 -25 -26 26 29 -29 -30 -31
leaf_value=-0.010558132798474139 -0.0063079112194007808 -0.010604203924206787 -0.038153406778049043 -0.048464056407899581 0.013880775441000526 -0.02804175536301767 -0.035369513946932184 -0.036779758290449611 0.040801622229949305 -0.0039330167085842339 0.017823907264297091 0.017318328405742284 -0.041250711028685598 0.068227448234980892 0.0090603808043731165 0.010494503417905934 -0.012281794550783369 0.019912999955221097 -0.045259911663470695 -0.069377564029834207 -0.015282381111438877 -0.010290060403840558 0.045370397290179179 0.013379576504779689 -0.006908610867013578 0.043715898141877686 0.027459702749544623 0.016729303012971656 0.01349119224195653 0.0071341716204357426
leaf_weight=590.12904602760682 527.00550403597299 52.738279105513357 263.11779111572832 42.475371742417337 966.95651257334976 92.948501812148606 214.41316458678193 68.331353489105823 174.56679114147846 518.2071796644741 118.4436033036036 155.04267774061009 14.1690190169611 5.7935985842486835 220.40876051492523 163.5327543716412 535.40142001767526 60.154729675123235 64.070777070810436 3.1489184932725065 365.43891438684659 116.55656877554429 18.619810698844958 153.15756200137548 47.421327934833243 109.92388351733098 290.61470052262302 383.32266242586775 63.648918175949802 104.43043054392911
leaf_count=618488 74257 16947 880914 179130 12335 126056 2124617 81186 38793 367890 2897 76647 5797 1206 23879 78215 657959 64218 119781 4994 309211 90453 10708 57406 1016 3307 3245 35862 15082 1086
internal_value=1.64209e-10 0.0133016 -0.0105531 -0.0138207 0.00705494 -0.00631816 -0.0233971 -0.0191608 0.0225096 -0.00509474 -0.00123241 -0.00397497 0.012414 -0.014211 -0.00177588 -0.00353823 -0.00543985 -0.0148969 -0.0125158 -0.0174134 -0.0128057 -8.56201e-06 0.0287717 1.64826e-05 0.0192791 0.0205988 0.026795 0.0134235 -0.0082168 0.0220866
internal_weight=6504.19 2877.39 3626.8 2685.37 1714.37 1505.72 1179.65 916.528 1163.02 1463.25 941.433 822.99 169.212 702.115 747.414 1370.3 1206.77 696.321 627.99 451.278 387.208 176.711 21.7687 671.365 988.451 941.03 504.969 436.061 653.778 395.045
internal_count=6083582 210727 5872855 5153944 110471 1466656 3687288 2806374 100256 1287526 718911 716014 82444 681757 98136 1161470 1083255 680551 599365 444694 324913 154671 15702 425296 61463 60447 7638 52809 633570 4331
is_linear=0
shrinkage=0.05


Tree=57
num_leaves=31
num_cat=0
split_feature=37 8 10 22 94 42 63 5 42 81 44 65 55 89 76 17 47 88 96 73 37 88 25 53 59 29 23 76 81 96
split_gain=337.641 59.7603 58.8932 38.3149 54.593 29.1605 26.1026 23.8004 22.6241 21.3255 18.57 18.2408 15.9818 15.0516 14.958 14.7314 14.1397 16.1721 14.1167 19.667 13.5987 13.3433 13.081 12.5448 21.693 12.4202 12.336 12.2521 12.1178 13.2009
threshold=0.0097982627339661139 1.5000000000000002 1.0000000180025095e-35 21.500000000000004 2.3998601436614995 1.5000000000000002 10.500000000000002 1.0000000180025095e-35 2.5000000000000004 0.34166666865348821 0.0036599872400984172 0.021166687831282619 0.50347641110420238 20.500000000000004 0.77783694863319408 28.500000000000004 0.0013549192226491871 0.032896455377340324 25.938841819763187 395.50000000000006 0.067807879298925414 0.040597369894385345 0.026261001825332645 0.96636754274368297 1.1837170720100405 0.5526486635208131 0.75787749886512767 0.068117346614599242 0.18465909361839297 2.6154358386993413
decision_type=2 2 2 2 2 2 2 2 2 2 2 2 2 2 2 2 2 2 2 2 2 2 2 2 2 2 2 2 2 2
left_child=3 7 5 12 6 23 14 9 -4 20 13 25 28 -6 21 -13 27 -18 19 -19 22 -5 -2 24 -3 -10 -23 -12 29 -1
right_child=1 2 8 4 10 -7 -8 -9 11 -11 16 15 -14 -15 -16 -17 17 18 -20 -21 -22 26 -24 -25 -26 -27 -28 -29 -30 -31
leaf_value=-0.0024122325630976417 -0.0069655283369769588 0.0018971021874833174 0.027258069967536849 -0.022498405230389717 -0.0090788678675807442 -0.018023468330239233 -0.030078357373620541 -0.011319243437669456 0.0015897285137642823 0.036507066781183546 -0.014528784429638031 0.010480208715688215 -0.057451856150696069 -0.045598632472330591 0.021367126772458674 0.026331284208094798 -0.021041991610659706 0.0001952047732898887 0.010063473757401136 -0.019356660426123121 0.02770446131897716 0.061510705747435085 0.020352160998380487 0.011744916930558005 -0.039588972084962738 -0.051992392680370952 -0.012185630157393809 0.0039212261392333201 0.020184859726468645 0.040222113657212628
leaf_weight=246.87241656583501 73.71669498027768 239.52916609722888 306.44266245096514 447.31166695676802 65.865677924157353 212.38327100320021 360.65284297075414 42.557411607762333 200.38094565476058 332.9856423830206 105.39136082641198 461.79675435231184 10.005556725576751 49.356465180433588 27.944281363626942 214.73475750832586 192.51704829419032 298.17322719738877 131.85372079169611 226.18196810170775 222.69523990197922 5.7209440869046366 108.06035087595228 260.16201062203618 36.28374509641435 11.432099627796559 763.07936138991499 615.43644206383033 114.29056874580419 19.597428200388094
leaf_count=195929 5323 30517 5519 620287 158445 24399 2448203 1171 2390 38999 154546 5740 9011 212194 26742 2719 88312 85235 45162 134625 4311 2274 6063 28912 6303 144 980469 725782 13425 20431
internal_value=-8.08175e-11 0.0133473 0.00865445 -0.0098762 -0.0116346 -0.00234423 -0.0182346 0.025038 0.0155435 0.0271361 -0.00534817 0.0115024 0.00492581 -0.0247224 -0.0148011 0.0155114 -0.00392589 -0.00829945 -0.00456107 -0.00823854 0.0194214 -0.0156322 0.00927392 0.00386876 -0.00356047 -0.00130224 -0.0116372 0.00122367 0.00656496 0.000723295
internal_weight=6403.41 2723.16 1943.15 3680.25 3289.49 748.358 1604.71 780.015 1194.79 737.458 1684.78 888.345 390.766 115.222 1244.06 676.532 1569.55 848.726 656.209 524.355 404.472 1216.11 181.777 535.975 275.813 211.813 768.8 720.828 380.76 266.47
internal_count=6083582 162510 106643 5921072 5682276 90131 4077975 55867 16512 54696 1604301 10993 238796 370639 1629772 8459 1233662 353334 265022 219860 15697 1603030 11386 65732 36820 2534 982743 880328 229785 216360
is_linear=0
shrinkage=0.05


Tree=58
num_leaves=31
num_cat=0
split_feature=80 81 94 28 73 81 44 37 66 50 69 1 16 31 55 91 18 90 70 81 96 76 40 86 40 21 44 76 73 17
split_gain=313.15 56.0772 39.6209 38.7185 33.5982 29.7103 20.4408 18.3793 17.0804 16.911 15.0055 14.889 14.2608 14.0826 13.6076 13.5039 13.0334 12.8618 12.9873 11.7585 11.4848 13.2527 11.3244 10.9805 14.3118 10.8792 12.6043 10.6043 15.0197 14.0488
threshold=0.6319451928138734 0.17914438992738727 2.4793454408645634 0.97155532240867626 910.50000000000011 0.81666666269302379 0.01895235758274794 0.087418120354414 0.96101266145706188 6.5000000000000009 0.07854193821549417 0.27178031206130987 0.059891549870371825 0.062001183629035957 0.24914956837892535 0.80925628542900097 0.032813332974910743 1.5020661354064944 0.69754144549369823 0.25657895207405096 0.070614378899335875 0.77783694863319408 0.016010883264243606 0.75919586420059215 0.032185155898332603 0.048018055036664016 0.0097476718947291392 0.45163711905479437 2250.5000000000005 64.500000000000014
decision_type=2 2 2 2 2 2 2 2 2 2 2 2 2 2 2 2 2 2 2 2 2 2 2 2 2 2 2 2 2 2
left_child=2 3 4 9 7 6 -3 11 14 -2 12 15 25 -13 19 20 17 18 27 -8 -1 -22 -19 24 -18 -4 -27 28 29 -14
right_child=1 5 10 -5 -6 -7 8 -9 -10 -11 -12 13 16 -15 -16 -17 23 22 -20 -21 21 -23 -24 -25 -26 26 -28 -29 -30 -31
leaf_value=0.0019987176830245021 -0.0094680389577175648 0.0079354527718750283 -0.046406952995093328 0.013121845004779992 -0.027511213725487572 0.039675628294888521 -0.017338847496580476 0.0091702781737524868 0.024758357224352764 0.0076006111450454038 0.0036290078099779884 -0.021246258687979424 -0.008379687791289182 0.0024755637788670942 0.030254747279357425 0.0027051718993546269 -0.064029516088779242 -0.045969311516677103 -0.085765945127051588 0.011023505076967961 -0.019735386390511721 0.026216134254944762 0.025266848351922153 -0.061950950969624378 0.0356443192691209 0.056813765800193219 -0.067166345727747198 0.0011625769258199379 -0.024569604694367031 0.019580066775628679
leaf_weight=99.930715092050377 442.06582279852591 462.81641792698065 37.440379962485167 684.22974874603096 428.59465304054174 153.54029920819266 55.108226240670774 100.06067831887049 682.47421369342192 216.0291890600347 416.67143419908825 554.43380256206729 584.14403788877826 70.522349687096721 54.809968719200697 209.1799023860367 6.0511083353194399 6.2540347795002154 5.1548872694838783 108.47548913778155 307.46399611413653 16.534545426024124 51.684203268785495 19.059665328197298 8.8959465750958753 6.0060439964581729 3.1123018392827362 338.00271452678135 135.54186517260678 48.670740371424472
leaf_count=134837 69413 56188 95272 9553 2637493 52671 2197 3566 28313 17237 114648 384769 770922 47885 1443 348139 3956 12776 7488 4260 664483 21487 25978 10420 902 4835 5915 270336 240442 35758
internal_value=-1.6831e-11 0.0122379 -0.0101334 0.00479378 -0.015306 0.0188238 0.016476 -0.0114543 0.0208637 -0.00386501 -0.0045883 -0.0130946 -0.00732739 -0.0185694 0.00869315 -0.00769038 -0.00627695 -0.00538965 -0.00658681 0.00146877 -0.0128199 -0.0173904 0.0175774 -0.0367905 -0.00470725 -0.0344792 0.0144965 -0.00621789 -0.00946459 -0.00622926
internal_weight=6312.96 2859.55 3453.41 1342.32 1786.72 1517.22 1363.68 1358.13 900.868 658.095 1666.69 1258.07 1250.02 624.956 218.394 633.109 1203.46 1169.45 1111.51 163.584 423.929 323.999 57.9382 34.0067 14.9471 46.5587 9.11835 1106.36 768.357 632.815
internal_count=6083582 241275 5842307 96203 4242659 145072 92401 1605166 36213 86650 1599648 1601600 1485000 432654 7900 1168946 1378978 1363700 1324946 6457 820807 685970 38754 15278 4858 106022 10750 1317458 1047122 806680
is_linear=0
shrinkage=0.05


Tree=59
num_leaves=31
num_cat=0
split_feature=37 15 28 84 69 94 77 96 46 62 42 5 28 79 3 73 79 17 89 79 45 64 64 3 36 78 52 99 65 60
split_gain=290.111 52.1594 42.4843 36.9533 70.4686 58.1345 24.6118 23.8608 21.8428 22.409 21.4709 18.311 18.0582 20.0618 17.5505 16.2163 16.9499 15.542 15.4296 14.9251 15.2799 15.4157 14.2381 13.9802 14.4653 13.9427 13.8907 19.0959 15.4024 12.5963
threshold=0.00084944188711233448 0.45000000298023229 0.36573067307472235 369.50000000000006 0.00057628584909252833 8.1092505455017108 1.0000000180025095e-35 0.0019929724512621765 1.3360757231712344 0.093233961611986174 2.5000000000000004 1.0000000180025095e-35 0.98714968562126171 6.9755074977874765 0.020620748400688175 12244.500000000002 69.662006378173842 28.500000000000004 423.50000000000006 2.4849358797073369 1.0132317543029787 0.71897438168525707 2.4624077081680302 0.16784037649631503 1.7174921631813052 0.64872691035270702 0.39887447655200964 0.011373435612767937 0.020358664914965633 0.0023812500294297938
decision_type=2 2 2 2 2 2 2 2 2 2 2 2 2 2 2 2 2 2 2 2 2 2 2 2 2 2 2 2 2 2
left_child=3 2 6 12 -5 7 14 -6 9 -9 -4 29 13 23 -2 16 19 22 -18 -7 -21 -22 -12 -1 -25 -19 -15 28 -28 -3
right_child=1 11 10 4 5 15 -8 8 -10 -11 17 -13 -14 26 -16 -17 18 25 -20 20 21 -23 -24 24 -26 -27 27 -29 -30 -31
leaf_value=-0.0039364676806899037 0.0038767607858939154 0.034241364789671637 0.026568367480092493 -0.064945757650521393 -0.035343147370598751 0.021311269207490616 0.014543286214962379 -0.030992198593305837 0.0091277496498170449 -0.013005791049496172 0.0055207610673507351 -0.014168419601374133 0.014584637439694251 0.016557957146917327 -0.011582495229123531 -0.055724545807942442 0.023670330796431813 -0.015212336787397467 -0.0016118728232730154 -0.01284150420305501 -0.081452330015690133 0.0065277165104969063 0.034524631017140893 -0.018487428397963548 0.041526332404074662 0.025419336860685079 -0.040505319123842025 -0.055965715058915101 0.031360032236613766 0.016711007146250966
leaf_weight=695.33364649557552 383.43179992469959 332.23951177533309 302.2727219745575 65.073742312626564 209.43836531719717 45.30333259285544 253.37686588935321 259.80936586564349 75.707277585548582 519.29873742090422 652.38790295328363 26.09941897256067 129.81480943615315 156.21892347405083 352.25354485033313 14.589988628315039 101.19494958323776 23.199648947396781 149.50963604770368 500.36933490925003 5.1226922745408947 177.41397032733948 45.248518918873742 310.83669208567881 10.37592488703376 234.77875008920091 10.97083079931326 17.422113959328271 23.269404664868489 148.17153162590694
leaf_count=941398 66713 52775 4972 284592 2361903 55306 17927 590178 64385 461494 8319 914 3449 73698 42578 27905 40063 326 86310 584639 8181 153520 536 118866 1848 2938 4707 6751 3662 12729
internal_value=-3.9317e-11 0.0121243 0.00885698 -0.00960113 -0.0137181 -0.0120981 0.0011035 -0.020218 -0.0165122 -0.0190037 0.0149534 0.0266187 -0.00314757 -0.00502756 -0.00352529 -0.00339995 -0.00262009 0.0112795 0.00859309 -0.00648051 -0.00832419 0.00405865 0.00740194 -0.00792178 -0.0165488 0.0217654 0.00912529 -0.0133499 0.00833383 0.0288345
internal_weight=6230.53 2753.46 2246.95 3477.07 2122.83 2057.76 989.062 1064.25 854.815 779.108 1257.89 506.51 1354.24 1224.43 735.685 993.504 978.914 955.615 250.705 728.209 682.906 182.537 697.636 1016.55 321.213 257.978 207.881 51.6623 34.2402 480.411
internal_count=6083582 210727 144309 5872855 4718476 4433884 127218 3477960 1116057 1051672 17091 66418 1154379 1150930 109291 955924 928019 12119 126373 801646 746340 161701 8855 1062112 120714 3264 88818 15120 8369 65504
is_linear=0
shrinkage=0.05


Tree=60
num_leaves=31
num_cat=0
split_feature=37 4 28 84 96 69 89 5 42 68 98 42 67 68 18 28 73 70 24 89 79 63 1 62 91 65 54 81 12 64
split_gain=271.687 46.948 40.0376 32.7143 51.7085 34.9407 52.105 25.4043 23.0871 21.9887 24.6952 21.3329 20.8388 18.935 18.371 17.1535 17.1167 15.6355 15.5067 14.8252 19.1899 24.8346 15.7602 17.0439 14.7081 16.5496 13.7708 13.6358 13.5086 13.2835
threshold=0.0097982627339661139 2.5000000000000004 0.36573067307472235 33.500000000000007 0.019914684817194942 0.00025462562916800385 12.500000000000002 1.0000000180025095e-35 1.5000000000000002 0.25625456869602209 64.557643890380874 1.5000000000000002 1.0000000180025095e-35 0.028580026701092724 0.024118889123201374 0.99984624981880199 4361.0000000000009 0.2809723168611527 0.26857100427150732 54.500000000000007 6.8306694030761728 2.5000000000000004 0.23112535476684573 0.045030560344457633 1.3067193031311037 0.02141706366091967 0.52694708108901989 0.18465909361839297 0.95350372791290294 1.2240908145904543
decision_type=2 2 2 2 2 2 2 2 2 2 2 2 2 2 2 2 2 2 2 2 2 2 2 2 2 2 2 2 2 2
left_child=3 -2 11 27 12 6 -6 8 -4 10 13 18 -5 -7 19 -9 17 -12 29 20 21 -15 23 28 25 -10 -19 -1 -21 -3
right_child=1 2 7 4 5 9 -8 15 24 -11 16 -13 -14 14 -16 -17 -18 26 -20 22 -22 -23 -24 -25 -26 -27 -28 -29 -30 -31
leaf_value=-0.0015472703477646807 0.029228307494997247 -0.010229059524048838 0.042241326459387149 -0.033887586419587411 -0.011198913904824949 -0.044120313259082632 -0.068635484248962444 -0.038885456401723736 0.0065005311409218509 0.0075621244964569779 -0.023846362893897508 -0.010388090532605171 0.005286583051495139 -0.0041219892382219608 -0.026792529519913639 0.012581516327775825 -0.015660701346306993 0.02666475506411712 0.020931076900609122 -0.04360860157428418 0.010419774226772939 -0.040220074123301218 -0.017153596676165537 -0.003321413942006116 0.0025058652144251282 0.021162724764228084 -0.082652806260879175 0.018565847060287164 0.032918711642644947 0.0076008811198698097
leaf_weight=292.94642980591743 352.12709136922786 149.13030585809611 82.264585386845283 294.91655289198388 121.62856025887595 40.011201361950953 58.466774432898092 35.428915803553537 260.28923162489082 233.62292875783169 19.757852934271796 267.09776975624845 38.363975261672749 514.30912133936363 141.86443027657515 29.812923167017289 53.609560273238458 120.68188827901031 143.18958614493022 44.079762716341065 203.91559875203529 52.510968974180287 624.52944311239116 557.51990708527592 200.6187545680441 738.47856573181343 2.9512898573593693 118.29608863408976 6.634529325325274 348.74085066770203
leaf_count=241560 47997 20627 2697 2498328 219296 95818 177181 1468 3122 170299 19985 26942 25710 638909 47277 305 46816 47143 6539 193778 153150 116627 408023 791583 2281 8900 2419 14254 12916 41632
internal_value=1.40301e-10 0.0122489 0.00959761 -0.00901966 -0.010762 -0.00854298 -0.0298453 0.0150683 0.0166176 -0.00707645 -0.00851195 0.00148405 -0.0293782 -0.0100404 -0.00940477 -0.0153671 0.00844314 0.0174548 0.00643057 -0.00817358 -0.00273403 -0.00746616 -0.0115744 -0.00584579 0.0148601 0.0173416 0.0240552 0.00423837 -0.0335972 0.00226017
internal_weight=6147.8 2607.18 2255.05 3540.62 3129.37 2796.09 180.095 1346.89 1281.65 2616 2382.38 908.159 333.281 2185.37 2145.36 65.2418 197.001 143.391 641.061 2003.5 770.736 566.82 1232.76 608.234 1199.39 998.768 123.633 411.243 50.7143 497.871
internal_count=6083582 162510 114513 5921072 5665258 3141220 396477 18773 17000 2744743 2574444 95740 2524038 2458081 2362263 1773 116363 69547 68798 2314986 908686 755536 1406300 998277 14303 12022 49562 255814 206694 62259
is_linear=0
shrinkage=0.05


Tree=61
num_leaves=31
num_cat=0
split_feature=37 100 77 84 98 69 89 42 28 88 42 5 38 42 55 71 22 96 93 79 81 20 10 42 5 7 92 79 1 96
split_gain=251.044 46.1922 37.9412 31.4062 58.2531 42.6916 32.7129 30.685 29.2553 24.6893 23.2432 19.258 19.0673 17.4144 16.1264 15.6703 15.4874 15.3648 17.0295 15.1597 20.6266 13.6656 13.4005 15.728 13.2187 20.4034 12.371 12.2657 12.1593 16.2167
threshold=0.00084944188711233448 1.0000000180025095e-35 1.0000000180025095e-35 71.500000000000014 0.0098186512477695959 0.00057628584909252833 12.500000000000002 1.5000000000000002 0.19815301150083545 0.0049196169711649427 1.5000000000000002 1.0000000180025095e-35 0.99962577223777782 2.5000000000000004 0.084224317222833647 0.95315107703208934 24793.500000000004 96.60968399047853 1.5535441637039187 8.4845237731933612 0.051315790042281158 0.12934416532516482 1.5000000000000002 9.5000000000000018 1.0000000180025095e-35 0.012175324838608505 1.1338308453559878 6.1983599662780771 0.52704679965972911 0.0089325183071196097
decision_type=2 2 2 2 2 2 2 2 2 2 2 2 2 2 2 2 2 2 2 2 2 2 2 2 2 2 2 2 2 2
left_child=3 2 8 19 -5 6 -6 -3 12 -7 14 13 26 27 15 -11 17 18 -16 20 -1 -17 23 24 25 -9 -2 -10 -15 -30
right_child=1 7 -4 4 5 9 -8 22 11 10 -12 -13 -14 28 16 21 -18 -19 -20 -21 -22 -23 -24 -25 -26 -27 -28 -29 29 -31
leaf_value=-0.0085936124940721309 -0.014954835894391297 0.043974010882976325 0.020343002238881601 -0.034098846908339329 -0.015035194741721235 -0.04300540892618445 -0.066993606943931139 0.013025930842959464 0.045253412516450937 -0.028505894575748161 -0.015156579548688841 -0.02389154426305436 0.0083295429507539952 0.01339441474294573 -0.0032150381191330272 -0.0024472943146042906 -0.054206206130740731 0.019445961817912045 0.023320044364814885 0.036248086445705846 0.010336496693103795 -0.024067501729292017 0.03585669142024283 -0.034104955364967007 -0.033906541527934375 0.045558058787294624 0.00040631791640374169 0.0021632607952323029 0.031071799248183082 -0.013002420399633566
leaf_weight=340.13182739332842 298.15615392746986 136.8200072501495 456.42731425743841 254.39953157215859 69.438125197877525 48.036056556513358 53.736753901204793 361.83145961735863 63.084336834202986 102.78509408379614 613.96762505191873 37.667362575070001 259.48742074327311 507.79392210353399 1012.2367948251267 357.63508657833154 13.295851116243282 94.028501587104984 64.305787595541915 29.325178706320003 249.42587531891877 91.862096820725128 83.050041031296132 16.378875313559547 12.964534797240047 55.603254013461992 233.88021674629999 22.371518327243393 26.310358992035617 100.94265604601242
leaf_count=411179 51882 5861 66596 2481062 156794 107160 194226 4681 1195 287638 211143 1352 34360 6332 962816 769563 29289 37176 35262 7611 30512 151424 1256 237 271 360 34234 431 301 1378
internal_value=1.05741e-10 0.0114619 0.00767278 -0.00902464 -0.0112955 -0.00899471 -0.0377028 0.0228645 0.00394105 -0.0075202 -0.00679488 0.0109604 -0.00278253 0.0127824 -0.00383787 -0.0108932 -0.000546522 6.29681e-05 -0.00163 0.00116049 -0.000584797 -0.00686574 0.0174134 0.013985 0.015815 0.0173593 -0.00820216 0.0339728 0.00993094 -0.0038898
internal_weight=6067.38 2672.77 2006.12 3394.61 2775.73 2521.33 123.175 666.648 1549.69 2398.15 2350.12 758.17 791.524 720.503 1736.15 552.282 1183.87 1170.57 1076.54 618.883 589.558 449.497 529.828 446.778 430.399 417.435 532.036 85.4559 635.047 127.253
internal_count=6083582 210727 198061 5872855 5423553 2942491 351020 12666 131465 2591471 2484311 10989 120476 9637 2273168 1208625 1064543 1035254 998078 449302 441691 920987 6805 5549 5312 5041 86116 1626 8011 1679
is_linear=0
shrinkage=0.05


Tree=62
num_leaves=31
num_cat=0
split_feature=81 28 96 42 81 28 42 62 77 101 69 88 27 79 93 27 24 76 75 3 60 26 76 69 1 98 92 5 32 5
split_gain=235.039 58.5883 40.9898 30.4706 29.8925 25.6062 23.4958 20.0919 16.9258 15.3394 14.2578 14.3605 13.9313 13.6413 13.2149 14.4504 13.8523 14.4964 12.8871 11.8285 11.8952 12.2098 11.7846 11.7305 12.0088 13.0896 11.7008 11.3603 13.1925 11.3391
threshold=0.10263158008456232 1.0000000180025095e-35 0.019914684817194942 1.5000000000000002 0.81666666269302379 0.82770204544067394 1.5000000000000002 0.10420059412717821 1.0000000180025095e-35 33.500000000000007 0.031563011929392822 0.25507982075214392 0.093507125973701491 333.27758789062506 1.5535441637039187 0.036171836778521545 0.26857100427150732 0.1460378244519234 0.99999690055847179 0.2522727251052857 0.0031136111356318001 0.67961919307708751 0.77783694863319408 0.63068181276321422 0.28035087883472448 76.741386413574233 2.5760368108749394 1.0000000180025095e-35 0.0077962500508874663 1.0000000180025095e-35
decision_type=2 2 2 2 2 2 2 2 2 2 2 2 2 2 2 2 2 2 2 2 2 2 2 2 2 2 2 2 2 2
left_child=1 2 18 7 5 8 -7 12 13 27 11 -5 22 19 15 16 17 -9 -1 20 21 -2 23 24 -4 -26 -14 -8 -29 -3
right_child=4 29 3 10 -6 6 9 14 -10 -11 -12 -13 26 -15 -16 -17 -18 -19 -20 -21 -22 -23 -24 -25 25 -27 -28 28 -30 -31
leaf_value=-0.027905480747606178 -0.10293607841968949 0.0099632737833390897 -0.0085691680345551333 -0.02761624993212148 0.03724239794458338 0.037136570595969864 0.014943826466907334 -0.006517471633819244 0.014952792317627087 0.053647823918186871 -0.011366874492878459 0.047178535419181128 0.029001506144291273 0.056667682296404079 0.019593922575712092 -0.016953632026588974 0.043961824483218413 0.0061034776350656446 -0.00086496756276265106 -0.030543865826108546 0.0030297806205537687 -0.014723644437759482 0.0042403078623757156 0.082202787878337888 -0.023625969316229362 0.016825274331515302 -0.075928084281855296 0.039027915889896111 -0.024152199299202488 -0.035911013220475241
leaf_weight=350.4213283493882 4.9726539421826628 494.27430515887681 577.58768145614886 241.53320571507356 127.30001958472531 133.74616386299022 820.31625598669052 438.43574395083851 330.001150475131 24.540696131065488 596.54307738963689 6.5926961268996811 33.997214938572142 10.66009752237005 81.670959031500388 129.12192434810277 18.305289618903771 472.94192319066497 50.399191474425606 30.793472612276673 489.80826833509491 18.57914118678309 119.71420162680442 3.2598795713856807 286.14405949865613 21.501426120026736 2.8820413259672923 10.620561076910233 37.211372212623246 13.847794364555737
leaf_count=2523179 824 7732 1567699 130285 52676 5262 10813 491627 36624 322 154326 836 39306 954 46219 115486 682 298201 4585 3296 78202 2252 122636 560 369285 9926 8109 126 936 616
internal_value=1.37306e-10 -0.0071323 -0.00947892 -0.00749131 0.013782 0.0122194 0.0175928 -0.00437433 0.00598607 0.0146647 -0.0155564 -0.025629 -0.00938235 0.000652696 0.000214823 -0.00127998 0.000896899 3.19274e-05 -0.0245054 -0.000444651 0.00136083 -0.0333485 -0.0104864 -0.0124707 -0.0128193 -0.0207988 0.0208015 0.0135627 -0.0101237 0.00871307
internal_weight=5977.72 3939.17 3431.05 3030.23 2038.55 1911.25 1026.44 2185.56 884.815 892.689 844.669 248.126 1045.09 554.814 1140.48 1058.8 929.683 911.378 400.821 544.154 513.36 23.5518 1008.21 888.493 885.233 307.645 36.8793 868.148 47.8319 508.122
internal_count=6083582 5891295 5882947 3355183 192287 139611 17459 3069736 122152 12197 285447 131121 2117521 85528 952215 905996 790510 789828 2527764 84574 81278 3076 2070106 1947470 1946910 379211 47415 11875 1062 8348
is_linear=0
shrinkage=0.05


Tree=63
num_leaves=31
num_cat=0
split_feature=37 81 84 76 96 84 69 37 81 89 79 28 18 5 28 84 71 59 42 93 66 101 101 36 96 88 45 75 79 79
split_gain=220.194 38.9511 26.2179 29.1518 25.3182 25.6657 26.2891 23.7913 23.0893 21.7794 17.6064 21.2569 17.356 17.1687 17.1274 16.7351 15.737 13.7537 13.0614 12.6173 14.2948 12.9664 12.5966 12.5303 12.4408 12.4095 12.0348 12.0318 12.0109 18.1302
threshold=0.0097982627339661139 0.12132352963089944 4126.5000000000009 0.27374035120010382 11.108557224273683 134.50000000000003 0.00025462562916800385 0.16003048419952395 0.73214286565780651 20.500000000000004 3.0991312265396123 0.77553281188011181 0.015809583477675918 1.0000000180025095e-35 0.99583369493484508 33775.000000000007 1.1666498184204104 0.25040192902088171 1.5000000000000002 1.0792631506919863 1.3208251595497134 5.5000000000000009 15.500000000000002 0.27097900211811071 4.940498113632203 0.030140656046569351 0.93524214625358593 0.99744582176208507 0.79532036185264599 1.7134138345718386
decision_type=2 2 2 2 2 2 2 2 2 2 2 2 2 2 2 2 2 2 2 2 2 2 2 2 2 2 2 2 2 2
left_child=2 7 4 23 5 10 9 -2 13 16 11 28 17 14 22 19 -7 -8 -16 20 21 -5 -3 -4 -14 -6 -22 -24 -1 -30
right_child=1 8 3 15 25 6 12 -9 -10 -11 -12 -13 24 -15 18 -17 -18 -19 -20 -21 26 -23 27 -25 -26 -27 -28 -29 29 -31
leaf_value=-0.0035065176764616833 -0.0023491081593133372 0.0093885143342366806 -0.064314590548618142 -0.026902536489622753 -0.015238645254012757 -0.040475993547779039 -0.046705166998060134 0.01515247625099253 0.037512881562993879 -0.07085352864401126 0.014830961951378063 0.013222191656578459 -0.022538112518984417 -0.011079981505640034 0.042658822514885043 -0.053424281009662705 0.017593440353534287 -0.0080595686406800104 0.019602542872815175 0.013965813852688556 -0.013176206786215389 0.026941881674374748 -0.062408029068265827 -0.023039036512852593 -0.070514278293130728 0.0085744875253628752 -0.061084876986952023 0.033248985846515373 -0.050829177300177546 -0.011428440552236289
leaf_weight=352.52042061972861 626.52982955321204 803.49874013285444 19.244156917011424 15.807747256651053 64.208194463586551 30.790839070410584 23.451160633616382 281.39131487929262 116.32838301590527 33.089517955209885 144.57027752134309 136.29974807144026 97.681019194740657 63.40497245133156 71.485229488724144 15.879672027767809 18.785213246272178 1260.5634789205142 436.52239782054676 93.571449419818236 80.851434986689128 38.199821135669481 3.4226546464487901 412.94455507773819 15.681882835691793 369.80130874867609 15.644923468731575 83.116033754282398 36.497644851086079 145.95452383598604
leaf_count=336433 52993 60008 136912 30888 58677 99227 47569 5183 28440 77366 74546 3688 39995 1652 2832 26266 32357 1756288 5525 83580 87487 17476 666 2482318 6402 243496 31539 5211 71448 177114
internal_value=1.48407e-10 0.0113261 -0.00822705 -0.0169187 -0.00602335 -0.00811693 -0.0120419 0.00307514 0.0160741 -0.0394397 -0.000996515 -0.00440524 -0.0104211 0.0143676 0.0155217 -0.0036877 -0.0184725 -0.00876539 0.0228469 -0.000451809 -0.00941555 0.0111819 0.0113406 -0.0248769 -0.0291748 0.00505153 -0.0209436 0.0294657 -0.00889634 -0.0193101
internal_weight=5907.74 2485.7 3422.04 692.144 2729.9 2295.89 1480.04 907.921 1577.78 82.6656 815.843 671.272 1397.38 1461.45 1398.05 259.955 49.5761 1284.01 508.008 244.075 150.504 54.0076 890.037 432.189 113.363 434.01 96.4964 86.5387 534.973 182.452
internal_count=6083582 162510 5921072 2896466 3024606 2722433 2059204 58176 104334 208950 663229 588683 1850254 75894 74242 277236 131584 1803857 8357 250970 167390 48364 65885 2619230 46397 302173 119026 5877 584995 248562
is_linear=0
shrinkage=0.05


Tree=64
num_leaves=31
num_cat=0
split_feature=37 15 28 43 98 84 69 99 89 42 98 28 18 38 95 42 54 70 55 29 12 5 71 52 96 43 54 98 76 91
split_gain=202.143 37.5179 29.2147 24.6583 20.9488 26.7169 28.6287 23.5557 22.6153 19.1105 18.5059 17.4039 16.8513 16.035 15.7637 15.608 14.9643 16.9712 14.6278 14.5833 14.8968 14.3382 13.6257 13.4104 13.2163 13.1839 13.0274 12.3218 18.3739 12.3124
threshold=0.0097982627339661139 0.45000000298023229 0.36573067307472235 117.50000000000001 13.703448772430422 134.50000000000003 0.00025462562916800385 0.0071026938967406758 20.500000000000004 1.5000000000000002 2.3275107145309453 0.77553281188011181 0.0091444444842636603 113.91308212280275 0.014545646961778404 1.5000000000000002 0.21539211273193362 0.11810187995433809 0.087525337934494032 0.34483742713928228 0.94723504781723034 1.0000000180025095e-35 1.1666498184204104 0.70695146918296825 0.0055618609767407188 34.500000000000007 0.34701344370841986 0.16652945429086688 0.013976891525089742 1.1373865604400637
decision_type=2 2 2 2 2 2 2 2 2 2 2 2 2 2 2 2 2 2 2 2 2 2 2 2 2 2 2 2 2 2
left_child=3 2 9 4 5 10 8 -6 22 -2 11 -1 16 14 -5 -4 -8 -18 19 -19 26 -3 -7 -9 -20 29 -21 28 -26 -17
right_child=1 21 15 13 7 6 12 23 -10 -11 -12 -13 -14 -15 -16 25 17 18 24 20 -22 -23 -24 -25 27 -27 -28 -29 -30 -31
leaf_value=-0.007537153220015142 0.0059461852853719393 0.026897576695984513 0.040453269671136806 -0.052896702497669194 -0.025644414818153213 -0.038976051988882376 -0.036376691525005417 0.0093694528108635641 -0.070363800573492105 -0.010327378733388822 0.018413761450581177 0.012202520472288371 -0.025289795971156704 -0.00088207016822089044 -0.019758130353259282 0.012353652564077911 0.012051622976205559 -0.034272952314502989 -0.038846689450630259 0.038188914963061281 0.0230661574442712 -0.013147622524320732 0.015413993960377546 -0.044894989153034914 -0.022565825681028932 0.022284573461917558 -0.01752968556002997 -0.0063042279062236811 0.028439651212915015 -0.0018913171794465089
leaf_weight=567.1308530448805 618.11754191119689 391.3434660693456 50.555809583805967 40.271113401791808 60.438296952845121 29.766533247355255 46.226615157080232 395.44108929471258 35.691901824848173 254.75788319052663 109.80850869932328 139.03691548595089 165.57894328195835 100.93713055367698 329.60725091292261 681.57196692560683 103.04809758605552 93.658827581704827 28.465584050249163 10.936071015370542 27.998453467531363 23.707056994084269 18.779606985743158 11.723022454127202 24.823907924015657 245.87934757841867 257.50801933139155 726.33087835005426 61.15409553895006 195.11598771697027
leaf_count=567461 69306 48618 1911 226970 69886 102718 100909 287774 107257 27006 93930 3778 73859 124265 2113021 8931 167189 221539 426286 12639 33415 897 32228 3742 23870 3484 487559 594776 46001 2357
internal_value=-7.21118e-11 0.0109036 0.00812308 -0.00792891 -0.00621327 -0.00806703 -0.0117644 0.00348342 -0.0401497 0.00119657 -0.000681348 -0.00365062 -0.0102174 -0.0185458 -0.0233661 0.0132768 -0.00840918 -0.00743998 -0.00907181 -0.0170739 -0.01164 0.0246103 -0.0179358 0.00780708 -0.00535901 0.0120529 -0.0152598 -0.00418551 0.0137131 0.00918329
internal_weight=5845.41 2461.05 2046 3384.36 2913.55 2445.94 1629.97 467.602 84.238 872.875 815.976 706.168 1545.73 470.815 369.878 1173.12 1380.15 1333.92 1230.88 390.101 296.443 415.051 48.5461 407.164 840.774 1122.57 268.444 812.309 85.978 876.688
internal_count=6083582 162510 112995 5921072 3456816 3095414 2430245 361402 242203 96312 665169 571239 2188042 2464256 2339991 16683 2114183 2013274 1846085 755152 533613 49515 134946 291516 1090933 14772 500198 664647 69871 11288
is_linear=0
shrinkage=0.05


Tree=65
num_leaves=31
num_cat=0
split_feature=37 4 28 94 73 69 96 42 28 42 24 78 22 18 90 5 28 47 12 98 84 72 57 79 42 76 61 101 89 91
split_gain=187.028 36.4595 36.905 26.2181 45.362 21.1739 17.9387 16.9456 16.2913 16.2155 15.139 16.7211 14.7423 13.7742 14.8185 13.146 13.0239 12.6595 14.2618 12.3233 14.9995 12.5142 12.3967 15.3603 12.2768 12.2569 13.4365 11.9713 16.4452 12.5483
threshold=0.0023663972970098261 2.5000000000000004 0.36573067307472235 2.4793454408645634 54.500000000000007 0.021685210987925533 0.0089325183071196097 1.5000000000000002 0.9651446044445039 1.5000000000000002 0.061777736991643913 0.85223019123077404 24793.500000000004 0.0083645833656191843 0.75088652968406688 1.0000000180025095e-35 0.99984624981880199 0.010605482384562494 -0.96222341060638417 70.055755615234389 1343.5000000000002 0.8919985592365266 99.500000000000014 2.2078487873077397 1.5000000000000002 0.77783694863319408 0.82903733849525463 7.5000000000000009 688.00000000000011 1.1522655487060549
decision_type=2 2 2 2 2 2 2 2 2 2 2 2 2 2 2 2 2 2 2 2 2 2 2 2 2 2 2 2 2 2
left_child=3 -2 7 4 8 -6 -7 10 25 -4 11 17 19 14 -8 27 -17 -3 -19 20 -5 22 -22 -24 -10 26 -1 28 29 -11
right_child=1 2 9 12 5 6 13 -9 24 15 -12 -13 -14 -15 -16 16 -18 18 -20 -21 21 -23 23 -25 -26 -27 -28 -29 -30 -31
leaf_value=-0.011300829937322052 0.025878200300135268 -0.054102525160141912 0.037015672255499364 -6.0413992070258374e-05 -0.031927132742213198 -0.030106091119168017 -0.028392621282295496 -0.010216385027072139 0.04518853814276242 0.01479005707088908 0.0075285740319341937 -0.11200055678435757 -0.048504956961549453 -0.0290504481420224 -0.0039430521358667986 -0.035668231677126329 0.012575794853852915 -0.077048886709233363 0.0060511815877097403 0.010277856467642864 -0.028647281994936043 0.00026503343660997015 0.041178051335133491 -0.01253980084118003 0.005849080908153434 0.037276190922634546 0.006976645640768434 0.025465842583331174 -0.050313171621571 0.00082499648542858116
leaf_weight=468.72022847179687 324.04811559911468 13.536031690775415 69.155126841011224 837.38986313604255 246.09994488964367 154.27315088787145 72.891154174314579 269.03035779375932 24.507945357792778 754.6476515608083 580.37803856868413 4.2349544114549635 17.736695719955605 88.494182010981604 413.73174739908427 27.979464829550125 27.97727869625669 5.6443905606865874 60.552431807445828 164.33430777105968 127.8374194217613 171.19245667292125 14.197003664143265 212.44399026447354 103.94553022077889 15.772130371362435 128.01499883101496 171.16590233249008 10.771467688027768 204.43304924762924
leaf_count=516422 62203 9452 3005 672626 979534 2058452 109645 30935 1350 9814 58136 2472 35344 33967 455486 1258 305 3291 16802 96255 302268 247650 11916 236003 2330 16027 105822 2164 141 2507
internal_value=8.54951e-11 0.0102205 0.00791374 -0.00790785 -0.0121611 -0.0192453 -0.0149663 0.000370451 -0.00283473 0.0134746 0.00465765 -0.015186 -0.00318298 -0.0109051 -0.00760535 0.0121145 -0.0115472 -0.0100437 -0.00103449 -0.00265669 -0.00421611 -0.0108361 -0.0161973 -0.00917486 0.0133547 -0.00622995 -0.00737984 0.0132749 0.0111233 0.0118133
internal_weight=5785.14 2523.55 2199.51 3261.58 1716.45 975.49 729.39 933.376 740.961 1266.13 664.346 83.9678 1545.13 575.117 486.623 1196.97 55.9567 79.7329 66.1968 1527.4 1363.06 525.671 354.478 226.641 128.453 612.507 596.735 1141.02 969.852 959.081
internal_count=6083582 202485 140282 5881097 4279035 3637084 2657550 121088 641951 19194 90153 32017 1602062 599098 565131 16189 1563 29545 20093 1566718 1470463 797837 550187 247919 3680 638271 622244 14626 12462 12321
is_linear=0
shrinkage=0.05


Tree=66
num_leaves=31
num_cat=0
split_feature=80 28 94 77 42 73 28 96 5 79 79 69 79 88 48 1 4 23 34 44 42 74 34 14 22 93 46 63 64 53
split_gain=174.482 34.5825 28.4858 26.6169 24.2597 19.8129 19.7717 19.8261 19.7501 13.8162 35.7544 18.8578 16.7171 15.5989 13.6427 13.4473 18.4924 13.7878 12.7975 12.7173 12.5282 12.5225 12.1965 12.4805 11.6545 11.6515 11.6301 12.8119 12.3932 14.0716
threshold=0.6319451928138734 0.99583369493484508 2.5666652917861943 1.0000000180025095e-35 1.5000000000000002 910.50000000000011 0.60310113430023204 11.41226387023926 1.0000000180025095e-35 0.79532036185264599 1.7306897640228274 0.027182622812688354 0.67959511280059826 0.2122144550085068 0.75025355815887462 0.52976614236831676 5.5000000000000009 14.926265239715578 0.055027848109602935 0.0071207736618816861 3.5000000000000004 0.03089601639658213 0.091899126768112196 0.3724255114793778 24793.500000000004 1.8864523172378542 1.664604723453522 7.5000000000000009 1.7130554318428042 0.77083510160446178
decision_type=2 2 2 2 2 2 2 2 2 2 2 2 2 2 2 2 2 2 2 2 2 2 2 2 2 2 2 2 2 2
left_child=2 3 5 6 -3 9 7 20 22 12 13 -12 -1 -11 15 16 -5 -18 19 -9 25 -6 26 -24 -4 -2 27 -8 29 -29
right_child=1 4 24 14 21 -7 8 18 -10 10 11 -13 -14 -15 -16 -17 17 -19 -20 -21 -22 -23 23 -25 -26 -27 -28 28 -30 -31
leaf_value=-0.0050510490634470568 -0.0040035925779689863 0.03955187329153112 -0.0025068976594303746 0.014882847094897997 0.0090522187321841474 -0.022841479189504181 0.0089221623257064505 -0.090708048848247527 -0.039807910970705643 -0.045208445493332805 -0.025453401346579918 -0.0041745285909734111 0.058523184122182582 0.036461214303515489 0.029529373617119804 0.036467742081099756 -0.075492498997865073 -0.0059843901106832083 0.036448705906445111 0.0072062126713236157 -0.028251883696384147 0.022900477157580392 0.0025127515696846195 -0.048733008936262909 -0.042002219025991154 -0.10156778232909787 0.062212577298964414 -0.042167526861718575 0.070129643194733485 0.030244783672419902
leaf_weight=573.90926508367556 549.45485742665187 115.81107785677887 1521.951955926168 218.43833533904217 394.87704638049763 359.53915273119856 366.7474006216944 3.4787339084432451 19.796173723094398 103.15162583455094 137.56475947319996 428.26675637033622 10.530184833245583 6.1980415207217439 131.78681755406433 44.234413686397602 7.8040516211767672 83.159592858632095 44.814016488031484 70.989592888159677 61.991580726578832 278.29354533887818 59.571102085756138 14.841095854586454 18.910534072725568 3.0772663181414819 12.236372214858418 7.6981092206551684 16.286020697269123 52.215052735205973
leaf_count=741665 98979 6642 1555835 65011 6973 2639105 5165 2415 1015 229869 311779 317001 7256 4519 16943 2379 692 6736 3826 6931 11158 3694 738 216 35278 473 181 122 217 769
internal_value=1.168e-10 0.00970882 -0.00785795 0.00582554 0.0184138 -0.012489 0.00205291 -0.00331735 0.00922582 -0.009534 -0.014406 -0.00934784 -0.0039056 -0.0405793 0.0157984 0.0106813 0.00699471 -0.0119477 0.015337 0.00263222 -0.00693826 0.0147772 0.0110587 -0.00770793 -0.00299161 -0.00454697 0.0141266 0.0127982 0.0314538 0.0209407
internal_weight=5717.62 2557.6 3160.02 1768.62 788.982 1619.16 1283.2 733.806 549.391 1259.62 675.181 565.832 584.439 109.35 485.423 353.636 309.402 90.9636 119.282 74.4683 614.524 673.171 529.595 74.4122 1540.86 552.532 455.183 442.947 76.1992 59.9132
internal_count=6083582 241275 5842307 223966 17309 4251194 132205 123782 8423 1612089 863168 628780 748921 234388 91761 74818 72439 7428 13172 9346 110610 10667 7408 954 1591113 99452 6454 6273 1108 891
is_linear=0
shrinkage=0.05


Tree=67
num_leaves=31
num_cat=0
split_feature=37 15 28 38 84 96 46 69 8 96 69 51 65 42 93 66 48 31 47 53 55 60 90 18 57 29 66 33 6 24
split_gain=168.777 32.0627 26.1675 21.8766 31.6124 23.5297 17.6933 20.3611 15.8932 14.8916 16.8402 15.4628 14.2408 13.0441 14.9149 15.9038 13.7807 12.9729 12.6989 13.7801 12.6563 13.0023 12.3369 12.3359 12.1571 14.7612 11.7965 11.6286 13.2638 11.6247
threshold=0.01162060769274831 0.45000000298023229 0.27726890146732336 6.8336112499237069 33.500000000000007 0.019914684817194942 1.3309856653213503 0.019609500654041771 10.500000000000002 0.86417171359062206 0.00095625236281193804 0.12846180051565173 0.051016258075833328 3.5000000000000004 0.93780079483985912 1.6823913455009463 0.79426923394203197 0.010926248505711557 0.0015351231559179725 1.0066195130348208 0.13335111737251285 0.071365833282470717 0.7278747856616975 0.018889999948441986 9.5000000000000018 0.66119116544723522 3.2129032611846928 0.035246476531028754 1.4463670849800112 0.19396558403968814
decision_type=2 2 2 2 2 2 2 2 2 2 2 2 2 2 2 2 2 2 2 2 2 2 2 2 2 2 2 2 2 2
left_child=3 2 8 4 -1 18 7 20 17 12 -11 -12 -5 14 16 23 -4 29 19 -6 21 26 -18 -16 25 -15 -7 -23 -29 -2
right_child=1 -3 13 9 5 6 -8 -9 -10 10 11 -13 -14 24 15 -17 22 -19 -20 -21 -22 27 -24 -25 -26 -27 -28 28 -30 -31
leaf_value=0.0033306897406335358 -0.010553980792914343 0.023665375398293151 0.036817046752774141 0.033881337878811695 0.0075821282606316895 -0.023681136607991569 0.0036666487596834539 -0.0084512681022734775 -0.014947475497015028 -0.049866308334262109 -0.0093113012424850608 0.004116275231640122 -0.040352351892435662 -0.0064911787551423352 0.0005158539750570525 0.032115900794496686 -0.05745842905453024 0.010244685606621159 -0.032780535956266316 -0.030167277491710106 -0.058492812492603845 -0.03186303227135022 0.026056825317583545 0.034012997285058875 0.012591597829320312 0.042422928714992071 0.062101343220889706 0.040841251604925174 -0.06620884429118111 0.0094492884299805981
leaf_weight=383.53028471505786 204.63000405655475 377.33178048327682 141.68745567076257 48.916378041583812 50.085663411773567 332.93670042724989 205.44710103559919 1088.1502563580871 131.41762399801519 18.318045860418351 365.36121800739784 518.92391830004635 7.4437237908277885 177.46727003382694 182.06707003945485 76.588149903691374 7.7059462615288821 379.68747397945845 195.54778725336655 46.731757653586101 22.048035027350124 12.3255036551418 10.376297029317355 32.371956786111696 477.85611086265999 16.891910449485295 4.0565300296584601 22.595573347498433 3.3185446851712177 112.59469933342189
leaf_count=254872 28146 46680 2338 33005 797986 793814 173807 950866 22665 143245 455577 535452 8713 2594 3012 1241 110 33137 637745 1092092 38116 4657 163 361 6715 178 2364 4512 2735 6684
internal_value=1.14688e-10 0.0103234 0.00774344 -0.00722841 -0.00980971 -0.0123509 -0.0100862 -0.0119884 0.00100165 -0.000857621 -0.00241458 -0.00143161 0.024077 0.0127162 0.0192965 0.0125579 0.0315712 0.0040092 -0.0254482 -0.0106387 -0.0216765 -0.0195133 -0.00953412 0.00557262 0.0083033 -0.00224001 -0.0226485 0.00811688 0.0271325 -0.00345409
internal_weight=5654.41 2328.67 1951.34 3325.74 2366.77 1983.24 1690.88 1485.43 828.33 958.963 902.603 884.285 56.3601 1123.01 450.797 291.027 159.77 696.912 292.365 96.8174 397.281 375.233 18.0822 214.439 672.215 194.359 336.993 38.2396 25.9141 317.225
internal_count=6083582 154024 107344 5929558 4753566 4498694 1970871 1797064 90632 1175992 1134274 991029 41718 16712 7225 4614 2611 67967 2527823 1890078 846198 808082 273 3373 9487 2772 796178 11904 7247 34830
is_linear=0
shrinkage=0.05


Tree=68
num_leaves=31
num_cat=0
split_feature=37 8 10 22 98 22 70 42 42 46 79 50 75 64 96 5 28 49 28 76 34 12 53 59 25 81 14 76 70 78
split_gain=157.89 29.2999 36.9111 21.3428 21.9639 24.2796 26.1218 19.2376 16.144 15.9443 15.917 15.1929 14.2562 15.2226 14.2248 14.1438 14.1295 17.289 13.4195 13.5275 13.1258 13.0462 12.8068 17.651 12.7235 12.2289 12.1442 12.0949 16.2783 11.8607
threshold=0.01162060769274831 1.5000000000000002 1.0000000180025095e-35 24793.500000000004 64.557643890380874 1070.5000000000002 0.11810187995433809 1.5000000000000002 1.5000000000000002 1.3309856653213503 333.27758789062506 19.500000000000004 1.9991554617881777 1.0480030775070193 6.0504374504089364 1.0000000180025095e-35 0.40576072037220007 1.090221703052521 0.98498064279556286 0.77783694863319408 0.052582206204533584 0.70548826456069957 0.96636754274368297 1.4664794206619265 0.021866461262106899 0.34166666865348821 -0.30217367410659784 0.13498435914516452 0.22722952067852023 0.81583696603775036
decision_type=2 2 2 2 2 2 2 2 2 2 2 2 2 2 2 2 2 2 2 2 2 2 2 2 2 2 2 2 2 2
left_child=3 15 7 4 5 8 -7 10 9 14 22 12 13 26 18 25 17 -10 19 -1 -21 -8 23 24 -3 -2 -4 28 -16 -30
right_child=1 2 11 -5 -6 6 21 -9 16 -11 -12 -13 -14 -15 27 -17 -18 -19 -20 20 -22 -23 -24 -25 -26 -27 -28 -29 29 -31
leaf_value=-0.0094683171950289829 0.015510352730656894 0.0051244793237577371 0.015512982082665109 -0.040719660363500956 0.009809689974716887 -0.061931798129212193 -0.015827348449413702 -0.015955722793669035 -0.023843157230331462 0.0093942672307378849 0.065321677651732218 0.025962846746628111 0.0027183693867463194 0.023143599475894863 -0.059711817033874237 -0.010961801323376694 0.0031717236916274706 -0.0049773663732075755 0.032831653001972098 0.02645315607357587 -0.042580629235649453 -0.00065575795850015021 0.0098500291846431859 -0.072008275696097093 -0.01946472359544478 0.030506250324264003 -0.01035740765764679 0.012283780348434324 0.0049581089107044235 -0.071409689644801072
leaf_weight=887.84361791298761 345.38590171380201 145.08191346257809 108.3884195497958 46.295340116557782 193.43894711506437 27.947393681995891 720.93795084874728 189.04997730988543 268.66172335868032 261.08089920297061 9.9901300449855608 177.20654191960057 382.7748235422041 278.73374040229828 13.833371121312664 35.859556374649401 130.95962096979201 221.61051011300151 20.577580401004525 46.376412863261066 8.0861916381400061 176.35993027538643 233.84032424454927 9.8949511516839248 82.538482975331135 224.20171402776032 78.013755698557361 201.55121979346586 69.12614453403512 5.487908521667122
leaf_count=1379458 14841 19580 1462 344644 120491 190645 2633791 23459 108803 293135 758 2976 6415 4375 33049 1167 3633 70718 1383 40479 6791 511901 26702 2336 12093 36712 1148 131669 50588 8380
internal_value=1.79122e-10 0.0100536 0.00668202 -0.00700962 -0.00653001 -0.00756278 -0.0143281 -0.00244059 -0.00463115 -0.00184615 0.00286752 0.0126479 0.00986523 0.0157466 -0.00418847 0.0194955 -0.0114183 -0.0153155 -0.00711228 -0.00798456 0.0162035 -0.0128454 0.00154384 -0.00663384 -0.00379193 0.0214131 0.00468561 0.00551948 -0.00989481 -0.000658789
internal_weight=5601.13 2300.96 1695.51 3300.17 3253.88 3060.44 925.245 670.396 2135.2 1513.96 481.346 1025.12 847.911 465.136 1252.88 605.447 621.232 490.272 962.884 942.306 54.4626 897.298 471.356 237.515 227.62 569.588 186.402 289.999 88.4474 74.6141
internal_count=6083582 154024 101304 5929558 5584914 5464423 3336337 84928 2128086 1944932 61469 16376 13400 6985 1651797 52720 183154 179521 1428111 1426728 47270 3145692 60711 34009 31673 51553 2610 223686 92017 58968
is_linear=0
shrinkage=0.05


Tree=69
num_leaves=31
num_cat=0
split_feature=37 28 8 42 94 73 69 96 53 59 91 0 86 18 90 55 27 28 65 79 79 47 73 22 19 95 53 64 69 71
split_gain=148.038 30.7237 29.5761 27.4021 21.8055 36.2729 20.058 15.1101 13.4666 17.5589 13.5524 15.3885 14.5439 13.2703 12.8453 12.6844 12.0173 11.9291 11.7742 11.7541 26.2604 11.498 11.65 16.6178 14.1979 11.3737 11.2391 12.4961 10.8694 13.8228
threshold=0.0023663972970098261 0.98165029287338268 1.5000000000000002 1.5000000000000002 2.4793454408645634 54.500000000000007 0.019609500654041771 0.0089325183071196097 0.96636754274368297 1.1080541610717776 1.4801852703094485 0.13856624811887744 0.66629213094711315 0.0083645833656191843 0.75088652968406688 0.66786572337150585 0.056670680642127998 0.9995555877685548 0.018692488782107834 0.79532036185264599 1.7007654905319216 0.0061864841263741263 8739.5000000000018 21808.500000000004 -0.61653360724449147 0.099839229136705412 0.9187617599964143 1.3644135594367983 0.030332273803651336 0.95207139849662792
decision_type=2 2 2 2 2 2 2 2 2 2 2 2 2 2 2 2 2 2 2 2 2 2 2 2 2 2 2 2 2 2
left_child=4 2 -2 -3 5 15 -7 21 9 16 -10 12 -12 14 -9 17 -4 -1 -5 25 -21 22 -8 24 -24 -16 27 -22 29 -6
right_child=1 3 8 18 28 6 7 13 10 -11 11 -13 -14 -15 19 -17 -18 -19 -20 20 26 -23 23 -25 -26 -27 -28 -29 -30 -31
leaf_value=-0.0033133855359789434 0.01586118911540696 0.040347312186911378 -0.00034964841669045459 0.0016668213900478284 -0.022734494426407351 -0.031206078665025352 -0.024865458277481645 -0.026339301839725261 0.010182751614816826 -0.025492088399082465 -0.11228888127841385 -0.022734913924794927 0.032717423910436715 -0.028300494720298209 0.0033199184431125395 -0.050262049286843927 -0.065929128256284344 0.025262064153825359 0.015856372807503068 -0.053078288841085577 -0.037570679239202605 -0.04325596622144133 0.43666451520893912 -0.008160904420731906 0.082200364959108235 0.046498366461074261 0.0042678435696293952 -0.0020010339443057002 0.0008103711836382262 -0.0041153541615650798
leaf_weight=664.94348004349195 395.53112470403721 102.58928350578935 385.55520739106578 180.83474026690237 124.33019239066925 210.84615240775383 59.758727279404411 71.945029535199865 361.92525637670769 95.012644108093809 1.8635684375185544 71.720243397721788 23.984139790787594 84.537482613261091 98.986729056778131 13.733994653026455 7.1146277421212281 38.645365428907098 763.2278604444291 30.016262044271571 42.400467658066191 67.176265811147459 0.30395588043029409 11.33452613398549 4.0023007405470699 18.029216639260994 165.78862276760628 59.121241659784573 878.75397816374607 502.81194659275207
leaf_count=629820 64454 5888 48287 2473 321114 892953 1388655 117940 39444 16795 663 8632 3322 35275 108747 10505 1591 1626 10936 84897 58572 396927 1796 263848 59965 11068 148399 68042 443894 837054
internal_value=1.70916e-10 0.00938351 0.00437768 0.0158053 -0.00712338 -0.0111094 -0.0176572 -0.0136528 -0.000417724 -0.00620474 0.00572431 -0.0108141 0.0222628 -0.0100161 -0.00683751 -0.00267279 -0.00153786 -0.00174385 0.0131384 -0.00345128 -0.0087344 -0.028213 -0.0148106 0.0236061 0.10722 0.00997263 -0.00375503 -0.0168567 -0.00277822 -0.00780658
internal_weight=5536.82 2389.36 1342.71 1046.65 3147.47 1641.57 924.247 713.401 947.176 487.682 459.493 97.568 25.8477 570.825 486.288 717.323 392.67 703.589 944.063 414.343 297.327 142.576 75.3995 15.6408 4.30626 117.016 267.31 101.522 1505.9 627.142
internal_count=6083582 202485 183188 19297 5881097 4279035 3637084 2744131 118734 66673 52061 12617 3985 632940 597665 641951 49878 631446 13409 479725 359910 2111191 1714264 325609 61761 119815 275013 126614 1602062 1158168
is_linear=0
shrinkage=0.05


Tree=70
num_leaves=31
num_cat=0
split_feature=37 81 37 38 84 69 81 51 96 15 96 87 69 88 50 96 89 65 43 48 47 53 95 93 76 76 54 56 28 34
split_gain=136.694 28.3184 22.8673 18.9157 26.249 34.8191 15.0862 13.968 13.9416 13.4852 13.2361 15.1019 18.1797 15.8853 13.6219 13.3565 13.954 12.2743 11.7688 11.6355 11.5722 11.6535 11.5463 11.2385 12.442 11.819 11.717 10.8488 10.7165 12.1713
threshold=0.01162060769274831 0.17156863212585452 0.16003048419952395 6.8336112499237069 354.50000000000006 0.00025462562916800385 0.17914438992738727 0.029161646962165836 0.0019929724512621765 0.77500000596046459 0.86417171359062206 0.9716889262199403 0.0015868004411458971 0.029799751006066803 154.50000000000003 40.072095870971687 423.50000000000006 0.051016258075833328 1.5000000000000002 0.77283328771591198 0.0014513194328173997 1.0066195130348208 0.14239631593227389 1.5535441637039187 0.75001633167266857 0.003066221135668457 0.42425258457660681 0.0057915272191166886 0.75724896788597118 0.051341960206627853
decision_type=2 2 2 2 2 2 2 2 2 2 2 2 2 2 2 2 2 2 2 2 2 2 2 2 2 2 2 2 2 2
left_child=3 2 28 4 6 -6 23 -7 20 -3 17 12 -12 -13 15 -14 -17 -5 -4 27 21 22 -9 24 -1 -25 -26 -18 -2 -30
right_child=1 9 18 10 5 7 -8 8 -10 -11 11 13 14 -15 -16 16 19 -19 -20 -21 -22 -23 -24 25 26 -27 -28 -29 29 -31
leaf_value=-0.008552003920093601 -0.005292578827554557 0.013660105847846764 0.0012633158131774081 0.032142063158784866 -0.062885940511487479 -0.050743873477900631 0.010370855671444988 0.010848323962442633 -0.0094966021574266861 0.032924704388552092 -0.067019927986986735 -0.06670158575084903 -0.0093263191435342379 0.0086487730383314459 -0.083519990942973868 0.025432556481846825 -0.085894967134551678 -0.038362525574509553 0.020610936181631005 -0.046207741843136044 -0.036183460460452309 -0.028745237408844888 -2.1419074906032178 -0.060175801983250926 0.039558406163942433 0.020050009750157992 -0.037275903762868788 0.0077989164786484433 0.012422014831327838 -0.0075540992773516155
leaf_weight=845.64350127195212 472.79187858090154 943.92960959375341 113.83989587903488 48.284688445652137 35.554693375943316 23.575895138994383 167.31551945311912 35.909328438683588 959.65320747912483 100.51321166817797 12.276285035761246 7.161595220110029 415.33120323313051 299.98299763217801 5.5426376616815096 65.33147879075841 3.2482274943613438 7.0780073872301719 253.90180290138233 14.50090042472584 98.400535619695802 40.071691827284667 0.0062297175754782988 4.9652890728248158 24.359022592834666 60.878655615029857 6.2311548453290007 63.257838210978662 244.7270141721383 110.76463234057883
leaf_count=917769 60012 54470 2458 33005 168663 64377 31138 764320 1114951 26765 115405 17830 548615 319552 11574 42471 10982 8713 4537 17694 566421 1049442 414 9084 18326 38403 10258 50151 3967 1815
internal_value=-1.19651e-10 0.00949869 0.00424569 -0.00655913 -0.009001 -0.0141487 -0.00346458 -0.0126518 -0.0118599 0.0155141 -0.000590369 -0.00207139 -0.00682215 0.00689185 -0.00551928 -0.00474956 0.00824 0.0231282 0.0146216 -0.00562566 -0.0248649 -0.0102077 0.0104749 -0.00592179 -0.00741881 0.0140002 0.0239074 0.00322281 -0.000361003 0.00619783
internal_weight=5485.03 2240.47 1196.03 3244.56 2302.56 1193.17 1109.39 1157.62 1134.04 1044.44 941.996 886.633 579.489 307.145 567.212 561.67 146.338 55.3627 367.742 81.007 174.388 75.9872 35.9156 942.078 876.234 65.8439 30.5902 66.5061 828.284 355.492
internal_count=6083582 154024 72789 5929558 4753566 3728588 1024978 3559925 3495548 81235 1175992 1134274 796892 337382 681487 669913 121298 41718 6995 78827 2380597 1814176 764734 993840 946353 47487 28584 61133 65794 5782
is_linear=0
shrinkage=0.05


Tree=71
num_leaves=31
num_cat=0
split_feature=28 77 94 42 96 46 55 3 5 28 35 79 94 84 42 6 75 50 20 31 44 64 93 96 88 15 65 88 92 53
split_gain=128.064 51.4682 36.146 28.5392 15.446 16.247 14.4605 14.3186 14.1443 14.7328 13.953 18.9873 14.5028 14.1585 15.6373 12.9814 12.7397 12.4203 15.7439 13.6937 12.3556 12.3124 12.0418 18.1518 11.9616 11.2576 11.1396 11.328 11.1285 11.1233
threshold=0.36573067307472235 1.0000000180025095e-35 3.3514167070388798 1.5000000000000002 0.019914684817194942 1.2953025698661806 0.086350690573453917 0.18237251043319705 1.0000000180025095e-35 0.99984624981880199 479.68345642089849 37.106147766113288 26.789289474487308 354.50000000000006 1.5000000000000002 0.023128749802708629 2.9947247505187993 8.5000000000000018 0.062976390123367323 0.014782878104597332 0.00078369953553192328 2.3149194717407231 1.2494725584983828 0.03340882062911988 0.024099761620163921 1.0000000180025095e-35 0.053233496844768531 0.049300262704491622 1.9917355179786684 1.0708019733428957
decision_type=2 2 2 2 2 2 2 2 2 2 2 2 2 2 2 2 2 2 2 2 2 2 2 2 2 2 2 2 2 2
left_child=1 2 4 -2 15 6 -6 22 -5 -10 11 13 -13 -4 20 -1 -17 18 -12 -19 -15 28 25 -24 -14 -8 27 -27 -22 -7
right_child=3 -3 10 8 5 29 7 -9 9 -11 17 12 24 14 -16 16 -18 19 -20 -21 21 -23 23 -25 -26 26 -28 -29 -30 -31
leaf_value=-0.026864006768265267 0.034884530958217329 0.012172476146074737 0.0072633318098204031 0.011856705778238543 -0.019200900521684341 -0.0050488571220681667 -0.0032453546390495977 -0.015729421822541452 -0.037275947201486824 0.01199301258242863 -0.05060306229130597 -0.013728564071332628 -0.02037219865407619 -0.061584892628169921 -0.023135168876163556 -0.01251116562151575 0.049488519545198277 -0.0161770421940905 -0.0051714805740915443 0.0050125062579028969 -0.0037167347493521647 -0.05306612883146733 0.071079371971053421 -0.038309404393852706 0.021321206356841236 0.0056229442948219337 -0.03291880819636693 0.051604133973679626 0.015175621416794141 0.016071273671361883
leaf_weight=244.44141217077777 134.63344773694553 413.72711907763914 303.85109390570142 1210.4149821631145 371.46158061288952 171.92893689302582 462.20347079990097 331.78714729471903 30.639948480180465 30.058613150264136 37.112400994083146 42.413093370851129 18.679248602406005 8.6585284951652266 108.51977255570091 206.56199767395447 8.6317578895250318 141.04488880439021 39.223447794000094 165.96259295201162 425.14154673958546 11.274636878108138 4.1938085980364113 39.621801779489033 217.60332185001607 27.623485527758021 8.7521231052232888 26.004157891264185 95.448178206075681 97.807544540730305
leaf_count=2505658 8469 90872 216083 19178 808553 175883 625699 147931 1411 419 170479 14039 22397 89018 28793 51609 535 138579 38611 143008 472286 16576 886 55702 85578 3148 1025 1531 85558 64068
internal_value=-8.88357e-11 -0.004533 -0.00644439 0.0129942 -0.0109354 -0.00853651 -0.0109007 -0.00747567 0.0106756 -0.0128774 -0.000879745 0.00171317 0.0131927 -0.0016443 -0.00581443 -0.0189799 -0.0100243 -0.00921014 -0.0272591 -0.00472236 -0.00233698 -0.00137244 -0.00265777 -0.0278393 0.0180251 -0.00055449 0.0193835 0.0279193 -0.000252892 0.00260939
internal_weight=5435.43 4029.68 3615.95 1405.75 2001.02 1541.38 1271.65 900.186 1271.11 60.6986 1614.93 1231.59 278.696 952.894 649.043 459.635 215.194 383.343 76.3358 307.007 540.523 531.864 568.399 43.8156 236.283 524.583 62.3798 53.6276 520.59 269.736
internal_count=6083582 6054105 5963233 29477 4442228 1884426 1644475 835922 21008 1830 1521005 1030328 122014 908314 692231 2557802 52144 490677 209090 281587 663438 574420 687991 56588 107975 631403 5704 4679 557844 239951
is_linear=0
shrinkage=0.05


Tree=72
num_leaves=31
num_cat=0
split_feature=37 81 28 38 84 96 68 69 54 55 60 12 79 69 15 35 21 47 31 54 5 26 73 96 65 99 35 2 46 72
split_gain=122.317 24.3571 20.3995 17.5607 23.6316 18.0671 15.3791 14.1668 18.1021 16.1161 15.5748 15.5284 12.776 16.4793 11.8999 11.5959 11.7588 11.2722 11.2609 12.4559 11.1393 11.0002 11.6585 13.7061 11.6317 13.1004 11.1294 10.639 11.4115 12.5702
threshold=0.01162060769274831 0.17156863212585452 0.36573067307472235 6.8336112499237069 33.500000000000007 0.019914684817194942 0.037058057263493545 0.019609500654041771 0.94294649362564098 0.13016123324632647 0.071365833282470717 -0.69378021359443653 0.99698382616043102 0.00095625236281193804 0.90000000596046459 476.92933654785162 0.013416111003607513 0.0015351231559179725 0.083624709397554411 0.76723104715347301 1.0000000180025095e-35 0.51119467616081249 305.50000000000006 154.86376953125003 0.057341778650879867 0.028737093321979049 471.86810302734381 5.5000000000000009 1.2000575065612795 0.37647637724876409
decision_type=2 2 2 2 2 2 2 2 2 2 2 2 2 2 2 2 2 2 2 2 2 2 2 2 2 2 2 2 2 2
left_child=3 2 -2 4 -1 17 -7 9 -9 10 15 -12 -5 -14 20 16 -8 -6 19 21 -3 -15 -23 24 25 26 -24 28 29 -17
right_child=1 14 -4 12 5 6 7 8 -10 -11 11 -13 13 18 -16 27 -18 -19 -20 -21 -22 22 23 -25 -26 -27 -28 -29 -30 -31
leaf_value=0.0029505937978963346 -0.0032950609102894153 0.014468823882719804 0.0099660413405482963 0.032745989424727111 -0.0085498395018717022 -0.039736808716450557 -0.021737594460641788 -0.0059491448142833716 0.058261350494758751 -0.054819961626856734 -0.033342206496918603 0.033766485241893227 -0.049354646731669033 -0.055110563803740666 0.034294432027988049 0.0080525723892366612 0.0042195124715870679 -0.030411565204598857 0.031224085224525633 -0.075391841972343665 -0.010927506503057198 0.0073458322968922192 -0.055054680200150467 0.019353803836054676 0.013024662574630802 -0.060880332308276913 -0.0074372103824697422 -0.039488218522644163 0.020355351542227462 -0.037060909271931695
leaf_weight=368.3820347703022 513.89343009129516 900.03540918215003 665.63440287720005 28.064742278278572 89.003438569481659 39.512438495534298 82.494835048790264 1159.9706456027343 11.081180027453227 25.222838246823812 11.985576431696243 30.698385424650041 17.645517978038697 9.3123575713252631 72.317022567302047 22.081032204798248 92.612026685441379 174.69609985899842 27.023485955054639 5.6741965034452724 45.35292503603705 304.90700889682921 12.657955688075161 52.629294653364923 60.427348759927554 12.483429437037556 401.32703408133239 80.913037549686123 18.594647716432519 51.345240506885602
leaf_count=254872 62814 53981 9975 34086 1890078 94358 225891 1002243 3345 41778 6142 6880 144683 25490 25898 63262 110601 637745 17325 9505 1356 211533 23221 28232 57034 27719 597164 143463 42161 230747
internal_value=-1.99298e-10 0.0090784 0.00418848 -0.00625163 -0.0086346 -0.0108924 -0.00892416 -0.008157 -0.00534155 -0.0160836 -0.013583 0.0149225 -0.000477716 -0.00150905 0.0147459 -0.0170789 -0.00800918 -0.0230328 -0.000556634 -0.00155594 0.0132505 -0.00106521 -0.000469203 -0.00488579 -0.00750588 -0.0104149 -0.00889316 -0.0262626 -0.0146335 -0.0234942
internal_weight=5387.98 2197.23 1179.53 3190.75 2258.59 1890.21 1626.51 1587 1171.05 415.948 390.725 42.684 932.152 904.088 1017.71 348.041 175.107 263.7 886.442 859.419 945.388 853.744 844.432 539.525 486.896 426.468 413.985 172.934 92.0209 73.4263
internal_count=6083582 154024 72789 5929558 4753566 4498694 1970871 1876513 1005588 870925 829147 13022 1175992 1141906 81235 816125 336492 2527823 997223 979898 55337 970393 944903 733370 705138 648104 620385 479633 336170 294009
is_linear=0
shrinkage=0.05


Tree=73
num_leaves=31
num_cat=0
split_feature=37 28 8 42 43 98 99 73 69 57 95 79 52 98 79 28 58 53 54 18 62 49 13 35 95 96 45 25 30 86
split_gain=115.44 23.114 19.9451 19.8412 16.9103 15.6836 18.0606 17.0793 17.3423 33.3572 13.9872 13.7667 15.2269 15.2041 13.0682 12.9768 14.7587 13.1933 12.2156 14.2348 12.2108 12.1147 11.1611 10.7912 10.784 10.6105 10.6053 10.6031 10.4626 11.8384
threshold=0.01162060769274831 0.99215236306190502 1.5000000000000002 1.5000000000000002 119.50000000000001 13.703448772430422 0.0071026938967406758 18.500000000000004 0.00057628584909252833 8.5000000000000018 0.015894068405032161 3.1445991992950444 0.58346477150917064 0.082926861941814436 31.249619483947757 0.27726890146732336 0.00021886175090912732 1.0557107329368594 0.21539211273193362 0.025320556014776233 0.79945653676986705 1.0707182884216311 0.86305728554725658 479.86058044433599 0.095054946839809432 69.91666412353517 1.906760096549988 0.022311793640255932 15.500000000000002 0.96206358075141918
decision_type=2 2 2 2 2 2 2 2 2 2 2 2 2 2 2 2 2 2 2 2 2 2 2 2 2 2 2 2 2 2
left_child=4 2 27 -3 5 7 20 11 9 -9 -6 13 -13 -1 15 16 26 21 -10 23 22 -18 -7 -20 28 -12 -4 -2 29 -17
right_child=1 3 14 -5 10 6 -8 8 18 -11 25 12 -14 -15 -16 24 17 -19 19 -21 -22 -23 -24 -25 -26 -27 -28 -29 -30 -31
leaf_value=0.0059257652895571772 0.003375213593838881 0.039601567049978907 0.00079226540495760814 0.013071234034369503 -0.03999592560245286 -0.01383335346947108 0.0076887688289837223 -0.013453273691243391 -0.03320125702305831 -0.072404501041762784 -0.016252439792656444 0.029773785261095205 -0.049946094783816911 -0.013280675580589525 0.015827392870694915 0.032550953489572147 -0.021090366848958458 -0.0014605875629466339 -0.0044769838290497485 -0.025726891270311133 0.028976493707119289 -0.065055260241674323 -0.064099302045947382 -0.028825447277939193 -0.018251015552011592 0.0054978785004207728 -0.073953378601515449 0.021600445644917247 0.0028730841183460835 -0.001370516481857339
leaf_weight=265.31624979909793 122.21048558280017 78.265809362732398 367.94045339242439 707.78483690749272 51.19442527936917 28.736179108338547 391.58824018041196 129.30436325722258 43.606555229227524 29.464278297344208 291.51176719034083 63.850172654274502 6.6099854147178112 168.46819216237054 138.2713493751362 78.908853698143503 74.370255049056141 68.044423786894185 1466.4225166418528 89.752338325601158 9.5226995446137135 19.851485352875898 17.936188503794256 46.9629573649745 39.188665862078778 69.42547425228986 4.8076173985027699 229.98863572270056 212.11586909968173 38.158747206674889
leaf_count=114134 18306 5258 53734 10572 272273 40100 294251 238019 93327 108697 2103598 32953 3804 254301 10136 1279 9960 7102 2084093 41317 1634 3575 28185 169930 662 48942 1066 28424 3265 685
internal_value=3.76733e-11 0.00885679 0.00499041 0.0157128 -0.00609116 -0.00467929 0.00388481 -0.00633958 -0.00861175 -0.0243934 -0.0155379 0.00179625 0.0222951 -0.00153341 0.00151256 -0.00067845 -0.00565098 -0.0182375 -0.00709018 -0.00637994 -0.0226226 -0.0303533 -0.0331506 -0.00523256 0.00654353 -0.0120688 -0.000171786 0.0152764 0.00949528 0.0214941
internal_weight=5349.58 2179.91 1393.86 786.051 3169.67 2757.54 447.783 2309.76 1805.51 158.769 412.132 504.245 70.4602 433.784 1041.66 903.386 535.014 162.266 1646.74 1603.14 56.1951 94.2217 46.6724 1513.39 368.372 360.937 372.748 352.199 329.183 117.068
internal_count=6083582 154024 138194 15830 5929558 3504745 364170 3140575 2735383 346716 2424813 405192 36757 368435 91464 81328 75437 20637 2388667 2295340 69919 13535 68285 2254023 5891 2152540 54800 46730 5229 1964
is_linear=0
shrinkage=0.05


Tree=74
num_leaves=31
num_cat=0
split_feature=28 81 94 42 5 28 3 44 6 89 86 55 46 76 31 44 91 51 94 76 96 79 94 97 66 45 25 49 37 42
split_gain=109.931 40.1251 24.9457 24.4952 12.8599 13.2429 11.6398 11.3628 11.6484 11.2374 12.457 11.0362 16.7161 10.8474 10.5376 11.0418 12.5913 12.8529 13.1955 12.4235 17.1657 12.2943 14.9461 12.1523 11.0387 15.1707 11.3622 10.367 10.0237 12.1303
threshold=0.27726890146732336 0.17156863212585452 7.5437426567077646 1.5000000000000002 1.0000000180025095e-35 0.99984624981880199 0.18237251043319705 0.06473203003406526 0.031558889895677573 17.500000000000004 0.60521170496940624 0.086350690573453917 1.2769510149955752 0.010936356149613859 0.023733668960630897 0.0023081368999555711 0.32287645339965826 0.12209137156605722 27.421107292175297 0.2877644151449204 1.7978380322456362 39.934017181396491 139.13469696044925 0.17304675281047824 1.6459430456161501 0.8152933418750764 0.090761989355087294 0.59916898608207714 0.17433109134435656 2.5000000000000004
decision_type=2 2 2 2 2 2 2 2 2 2 2 2 2 2 2 2 2 2 2 2 2 2 2 2 2 2 2 2 2 2
left_child=1 2 6 -2 28 -6 11 14 9 -9 -11 12 -1 -8 15 -4 17 18 -17 -18 -21 -20 -23 27 -16 -26 -27 -19 -5 -30
right_child=3 -3 7 4 5 -7 13 8 -10 10 -12 -13 -14 -15 24 16 19 23 21 20 -22 22 -24 -25 25 26 -28 -29 29 -31
leaf_value=-0.017824465374722358 0.033577523508683746 0.0078148039994776191 -0.041407747366626529 0.0077466074794764993 -0.036215569963234884 0.011116091222249651 -0.024376435305592345 0.055485282268153795 0.046467333275262458 -0.023439429135480475 0.0071199960346583855 -0.0039434150613249369 0.0050844260028925147 -0.010790746853799093 0.013213307711029312 0.006302460723453542 -0.021645794459094689 -0.039926855364784283 -0.055855319100414608 -0.091136105544255039 -0.00077472476925790148 0.043392778759498485 -0.069309739481910174 -0.088959754430008267 -0.071166327690922543 -0.015757040884902446 0.026267352638218167 0.025658120412110803 0.03612092248078607 0.01357851705124557
leaf_weight=387.63283062696428 121.95961959272972 586.8561173213493 22.715379019984539 755.05029200248828 29.695706385769881 29.418057120521553 206.68033035835288 10.700755275785921 17.980728374794126 38.012983028485905 271.70222587572061 998.69108759817027 100.2142268210664 508.2080117098194 153.65918754108498 57.359153485274874 160.34795218695217 6.4910083382856092 21.677352414852066 5.395890992411295 202.40236010387889 8.7270936629647604 4.4374886969017089 2.5866511468193485 8.8939858603844169 49.146959186902677 23.908806881983764 83.997529476939235 71.361914179520682 364.47529070917517
leaf_count=1179639 8504 135484 167476 14122 1444 419 301323 1798 603 17312 80454 2746800 253907 227334 164111 73980 259658 8667 64795 7188 158107 5809 14537 3264 18938 66196 18014 78495 1100 4104
internal_value=-1.53817e-12 -0.00424597 -0.0063578 0.0121887 0.0101019 -0.0126609 -0.00947574 -0.000389918 0.0073073 0.00510977 0.00336928 -0.00695446 -0.0131185 -0.0147185 -0.00359869 -0.00724173 -0.00583937 0.00479168 -0.00843981 -0.0111896 -0.00312114 -0.0327095 0.00540326 0.0178989 0.00530966 -0.00951 -0.00200381 0.0209535 0.0112318 0.0172695
internal_weight=5310.39 3938.43 3351.57 1371.96 1250 59.1138 2201.43 1150.14 338.397 320.416 309.715 1486.54 487.847 714.888 811.747 576.138 553.422 185.276 92.2011 368.146 207.798 34.8419 13.1646 93.0752 235.609 81.9498 73.0558 90.4885 1190.89 435.837
internal_count=6083582 6053889 5918405 29693 21189 1863 4709003 1209402 100167 99564 97766 4180346 1433546 528657 1109235 841976 674500 249547 159121 424953 165295 85141 20346 90426 267259 103148 84210 87162 19326 5204
is_linear=0
shrinkage=0.05


Tree=75
num_leaves=31
num_cat=0
split_feature=37 100 1 101 89 79 44 55 42 22 5 88 77 53 28 21 69 27 85 29 99 29 78 64 45 55 26 97 88 20
split_gain=102.021 23.6892 17.9417 17.2753 15.3073 21.2937 15.8827 14.6843 14.3026 11.8222 11.4988 11.4971 11.078 10.1769 13.2338 14.3711 14.9638 13.8082 12.4999 9.98907 13.743 14.1186 10.3879 10.1372 11.0405 12.7265 16.1658 11.6115 11.2171 9.90016
threshold=0.0038948430446907882 1.0000000180025095e-35 0.24407060444355014 14.500000000000002 54.500000000000007 19.760710716247562 0.0045741670764982709 0.10629973188042642 1.5000000000000002 10101.000000000002 1.5000000000000002 0.021444287151098255 1.0000000180025095e-35 1.0900405049324038 0.87632870674133312 0.080908052623271956 0.0064960615709424028 1.0000000180025095e-35 0.99918034672737133 0.44451138377189642 0.016762118786573414 0.47268831729888922 0.86449250578880321 0.95160031318664562 2.1813640594482426 0.074175588786602034 0.74307569861412059 0.082415748387575163 0.066356688737869277 0.039284998551011092
decision_type=2 2 2 2 2 2 2 2 2 2 2 2 2 2 2 2 2 2 2 2 2 2 2 2 2 2 2 2 2 2
left_child=2 3 19 7 -4 6 -6 12 -3 11 -9 -7 13 14 15 16 -2 -16 -17 22 21 -21 -1 -22 25 26 -25 28 -27 -29
right_child=1 8 4 -5 5 9 -8 10 -10 -11 -12 -13 -14 -15 17 18 -18 -19 -20 20 23 -23 -24 24 -26 27 -28 29 -30 -31
leaf_value=-0.0040729378964182526 0.013984533411215791 0.037443786162450032 -0.0045648795151944236 0.021104601212411339 -0.063686438644562554 -0.04152825177723652 -0.019080735192685709 0.0080857907553085282 0.014022944947898042 -0.027115361648162396 -0.093660839477420807 0.0021347263704627815 0.0091032288747820173 0.004292115801273695 -0.0065527338627236614 0.046659245325702925 -0.027668354593495554 0.035383452878948195 -0.088138384523805902 0.040937133372633855 -0.03850043385082344 0.0069065336704668958 -0.046836745647953482 0.02648351218756716 0.05546452232069176 -0.026255071952877396 -0.03834530043474188 -0.010693743584052092 0.049133160186003368 0.013728577720222136
leaf_weight=1004.6120426888701 24.766845847771037 76.656974159719539 756.35333039261968 156.92666884145001 20.835086248171137 16.01160036692454 473.26383185391023 916.75219348150131 435.58277634042315 48.844413560400426 2.7852896553231394 258.15588035084511 166.45654951507458 164.10638479271438 90.63254485935613 12.912870039232073 166.64120594479027 25.055509063822683 1.9840680870693166 42.811937246420712 17.894579660567615 105.79576357689075 14.404463906990712 12.55740227406204 8.7956822957858076 6.2580335709499222 41.054982569910862 101.71551697761606 23.324241282556613 70.090603253684094
leaf_count=3009683 7127 5816 449736 13680 69709 15715 835972 55174 6773 38545 55 114107 38928 22080 1711 2152 39192 480 352 56369 71517 151861 62396 26937 24461 29845 197739 614772 24008 96690
internal_value=-1.74378e-12 0.00808374 -0.00599374 0.00528582 -0.00969077 -0.0144355 -0.0209617 0.00370678 0.0175279 -0.0044527 0.0077776 -0.000415227 -0.00202954 -0.00584177 -0.0110066 -0.0185972 -0.0222788 0.00252973 0.028706 -0.00198003 0.00440785 0.0167103 -0.00467743 -0.00208238 0.000388026 -0.00151171 -0.0231607 0.00425155 0.033185 -0.000730331
internal_weight=5264.04 2241.26 3022.78 1729.02 1573.46 817.111 494.099 1572.09 512.24 323.012 919.537 274.167 652.556 486.099 321.993 206.305 191.408 115.688 14.8969 1449.32 430.299 148.608 1019.02 281.691 263.796 255.001 53.6124 201.388 29.5823 171.806
internal_count=6083582 193520 5890062 180931 1523784 1074048 905681 167251 12589 168367 55229 129822 112022 73094 51014 48823 46319 2191 2504 4366278 1294199 208230 3072079 1085969 1014452 989991 224676 765315 53853 711462
is_linear=0
shrinkage=0.05


Tree=76
num_leaves=31
num_cat=0
split_feature=28 42 24 42 94 73 46 71 96 35 69 5 28 17 52 99 44 70 24 64 2 85 17 36 51 69 96 86 13 73
split_gain=97.6698 36.6403 29.6783 20.585 13.9898 15.7888 14.0762 13.0234 14.7142 12.0898 14.4344 11.5088 11.8465 11.2891 13.308 14.9501 11.9997 11.0414 10.845 12.5244 16.8074 11.156 10.6978 10.6822 10.462 10.2477 10.0417 10.3695 11.2807 10.0345
threshold=0.27726890146732336 1.5000000000000002 0.076055172830820097 1.5000000000000002 8.1092505455017108 778.50000000000011 1.2869529724121096 1.2574979066848757 0.050185246393084533 479.68345642089849 0.023457398638129238 1.0000000180025095e-35 0.99984624981880199 50.500000000000007 0.067136172205209746 0.01219178829342127 0.0051303985528647908 0.2599212527275086 0.19989258795976642 1.9593489170074465 4.5000000000000009 0.99817192554473888 5.5000000000000009 0.87363705039024364 0.28368294239044195 0.25084353983402258 206.56623840332034 0.94356521964073192 0.94661989808082592 348.50000000000006
decision_type=2 2 2 2 2 2 2 2 2 2 2 2 2 2 2 2 2 2 2 2 2 2 2 2 2 2 2 2 2 2
left_child=1 2 4 -2 5 6 7 -1 -9 -6 13 -5 -13 22 16 -16 -15 18 19 20 -4 24 23 -11 -20 29 27 28 -12 -8
right_child=3 -3 17 11 9 -7 25 8 -10 10 26 12 -14 14 15 -17 -18 -19 21 -21 -22 -23 -24 -25 -26 -27 -28 -29 -30 -31
leaf_value=-0.0063174992591081393 0.032047011253924888 -0.012492930263469012 0.0052006730706275154 0.010821055821061068 0.0046092567026849614 -0.017839928649754058 0.0039954834122070812 0.033915920994641795 -0.064192608695350026 -0.059367218177857208 -0.0088064704968991419 -0.034850820176900298 0.010615556774084278 -0.083771859728016207 0.038257467601524334 -0.068112638027168923 0.0096598120480883426 0.012173056572791587 -0.065949604178564755 0.020853863780785006 -0.040052552666145699 0.020145972132183929 -0.053457748068599299 0.093853740348422532 0.049645304927401282 -0.049105652524214408 0.033448270424273251 0.014371296745818541 -0.073114967617886814 0.033498802660710071
leaf_weight=863.47282047900808 113.04544567967241 959.57029905021409 35.007314380236494 1172.049376128547 638.71602187937242 272.60170769606339 194.61869289967581 4.8071850206324624 18.643411412966088 2.0054074987929189 55.65630122377479 28.665458568953909 28.641726055764593 3.6985536782267436 4.2060464497553793 15.389982969409173 48.509393948901561 472.87235030362353 7.585192422004182 22.22684428159846 49.575001265358878 63.706738400600443 33.859078599300119 2.6284991974825971 2.6381849425379187 8.0294653514138172 22.040244390402222 46.63872376542713 7.7715328154445151 33.829620227134001
leaf_count=1393483 8504 396884 9296 19326 718151 2666072 211669 4304 38644 23331 57886 1444 419 25589 7003 39967 63588 58271 1407 4483 10150 5838 133019 2566 231 51847 7875 42394 15815 64126
internal_value=6.34765e-11 -0.0040127 -0.00123613 0.0116289 -0.00393181 -0.00704537 -0.00442599 -0.00731598 -0.0440811 0.00100117 -0.00850588 0.00975132 -0.012127 -0.0218589 -0.0101468 -0.0452816 0.00304086 0.00815536 -0.00235622 -0.012546 -0.0213229 0.0123653 -0.0437064 0.0275446 -0.0361199 0.0064131 0.00264268 -0.00352598 -0.0166859 0.00836446
internal_weight=5232.71 3890.3 2930.73 1342.4 2277.12 1396 1123.4 886.923 23.4506 881.12 242.404 1229.36 57.3072 110.297 71.804 19.596 52.2079 653.612 180.739 106.809 84.5823 73.9301 38.493 4.63391 10.2234 236.478 132.107 110.067 63.4278 228.448
internal_count=6083582 6053889 5657005 29693 5567329 4430145 1764073 1436431 42948 1137184 419033 21189 1863 295063 136147 46970 89177 89676 31405 23929 19446 7476 158916 25897 1638 327642 123970 116095 73701 275795
is_linear=0
shrinkage=0.05


Tree=77
num_leaves=31
num_cat=0
split_feature=37 4 28 38 84 96 69 55 63 6 93 38 18 58 79 79 49 40 46 69 17 79 67 0 58 89 29 22 69 49
split_gain=91.3337 18.5484 23.3806 15.3924 15.7095 13.761 12.3661 13.4895 12.5017 13.8162 12.2544 11.8255 11.4329 11.4985 10.9668 19.6895 13.3131 12.29 11.9956 11.5974 11.048 12.0289 10.7133 10.7063 11.5839 10.1685 12.8748 9.88798 13.5111 10.567
threshold=0.011427151970565321 3.5000000000000004 0.27726890146732336 2.4024729728698735 33.500000000000007 0.019914684817194942 0.0060987607575953015 0.10499665886163713 37.500000000000007 0.22624847292900088 0.94719415903091442 0.57142606377601635 0.031084721907973293 0.28223288059234625 0.79532036185264599 1.609208405017853 1.469465494155884 0.0111494567245245 0.86355674266815197 0.00057628584909252833 1.5000000000000002 0.49832127988338476 1.0000000180025095e-35 0.31399999558925634 0.12500616163015368 26.500000000000004 0.67917558550834667 191.50000000000003 0.0015868004411458971 0.54298031330108654
decision_type=2 2 2 2 2 2 2 2 2 2 2 2 2 2 2 2 2 2 2 2 2 2 2 2 2 2 2 2 2 2
left_child=3 -2 6 4 -1 22 -3 8 -8 -10 -7 -9 13 14 17 18 19 20 -16 -17 21 -12 -6 24 -19 26 -4 -5 -29 -30
right_child=1 2 25 27 5 10 7 11 9 -11 12 -13 -14 -15 15 16 -18 23 -20 -21 -22 -23 -24 -25 -26 -27 -28 28 29 -31
leaf_value=0.0013651300700285648 0.017380514930480939 0.049760088388975207 -0.00011781037268046617 0.0084299429655619301 -0.025644936918258879 -0.014651388853222497 -0.014590541117298475 -0.0010735142309948867 0.042413375911692031 -0.094453104479717484 -0.0038829220025045916 0.020338856941786908 -0.024801677886929926 0.026441714848735722 0.057404922763143199 -0.048687161820406138 0.018349874582980492 0.029772335750576653 -0.048786621267128009 -0.0064261480251550417 -0.030232600590449812 0.080018093414218672 0.0038598103538042723 -0.0037807986922008458 -0.065868386030997816 0.01381319796107475 0.03532938871979615 -0.044013900331868507 -0.034521961842242981 -0.0015217680239429771
leaf_weight=344.03587298653474 423.12628999647131 11.52336116041988 289.18215751061507 223.58078491172637 209.33081649670385 488.15084427080728 236.90734788434929 320.83902260730974 16.959825875703249 2.068802260735537 23.753565986800826 80.698980289744213 64.559044263205578 32.025416145013878 2.859932062769075 16.911018302856974 53.529928961572296 78.05631903844187 37.924090319320385 405.42698094358639 36.173894052571995 5.2087903612846267 36.067704924906138 48.528703858042718 3.2998395610193247 699.8218019601627 28.106113590591121 19.888435425229545 24.904416836863675 934.98725082617602
leaf_count=241466 59792 769 4764 206872 2499470 700803 40503 29500 1365 746 42862 5349 28464 6199 3156 45602 37400 85414 105039 441719 84589 1987 27778 46417 1978 11647 393 184083 54800 1082656
internal_value=6.27788e-11 0.00802066 0.00567182 -0.00547631 -0.00829564 -0.0104513 -0.00158802 -0.00248799 -0.0114587 0.0275332 -0.00839617 0.00322983 -0.0046183 -0.00286622 -0.00418508 -0.00799848 -0.00514096 0.00591741 -0.0413401 -0.00811834 -0.011807 0.0112064 -0.0213084 0.0148061 0.0258931 0.0104469 0.00302218 -0.00105802 -0.00322312 -0.00237796
internal_weight=5198.44 2109.23 1686.11 3089.2 1885.84 1541.81 668.997 657.474 255.936 19.0286 1296.41 401.538 808.258 743.698 711.673 516.652 475.868 195.021 40.784 422.338 65.1363 28.9624 245.399 129.885 81.3562 1017.11 317.288 1203.36 979.78 959.892
internal_count=6083582 154828 95036 5928754 4400343 4158877 78232 77463 42614 2111 1631629 34849 930826 902362 896163 632916 524721 263247 108195 487321 129438 44849 2527248 133809 87392 16804 5157 1528411 1321539 1137456
is_linear=0
shrinkage=0.05


Tree=78
num_leaves=31
num_cat=0
split_feature=28 77 94 42 24 96 46 55 2 76 54 35 74 76 78 53 98 14 74 87 3 11 5 32 33 38 87 0 80 73
split_gain=86.6084 33.1685 29.646 18.3498 12.3627 12.1935 12.5416 12.3198 12.1901 12.3285 11.6371 11.3638 12.9202 11.144 11.4593 11.0776 12.4208 11.1304 11.1023 10.8749 10.7824 10.7018 10.625 10.8195 10.57 10.3748 10.2714 11.5452 11.5324 10.2277
threshold=0.27726890146732336 1.0000000180025095e-35 3.3514167070388798 1.5000000000000002 0.076761558651924147 0.019914684817194942 1.2953025698661806 0.086350690573453917 4.5000000000000009 0.037409866228699691 0.52011492848396312 479.66056823730474 0.0064829993061721334 0.1460378244519234 0.84692811965942394 1.096610486507416 6.9702248573303232 -0.89861917495727528 0.10288902744650842 0.68526136875152599 0.18237251043319705 3.5000000000000004 1.0000000180025095e-35 0.0077962500508874663 0.27044624090194708 4.6530854701995858 0.70177689194679271 0.62529543042182933 0.98766121268272411 5.5000000000000009
decision_type=2 2 2 2 2 2 2 2 2 2 2 2 2 2 2 2 2 2 2 2 2 2 2 2 2 2 2 2 2 2
left_child=1 2 5 -2 8 21 7 -7 11 -10 20 13 -13 14 -4 24 17 -17 -19 -11 -9 -1 -5 -24 29 -16 -21 28 -28 -8
right_child=3 -3 4 22 -6 6 15 10 9 19 -12 12 -14 -15 25 16 -18 18 -20 26 -22 -23 23 -25 -26 -27 27 -29 -30 -31
leaf_value=-0.018091385972965564 0.030883970485970292 0.010159890582320703 -0.00078117761545817702 0.010328084945731411 0.012324341975893348 -0.017450301824351918 -0.058131461687023683 -0.0011505525522307045 0.013058647399180291 -0.029921153895631589 -0.042902028359505774 -0.037236053707812314 -0.0031899808118894184 0.0090222729656729821 -0.096882516359722073 0.050099557285816124 -0.071663830216128196 0.019285219880289403 -0.033955159758419499 0.034466163070083392 -0.012943590340749132 0.039553663140377136 0.035056993347174534 -0.022252012368969943 -0.043547232553808178 -0.018500437824589641 -0.01468669445879593 0.0032477800219902391 -0.10648646612550937 0.0018159265333235525
leaf_weight=417.79451542231618 107.15814353265159 383.30820297447463 202.62538141501864 1156.5373189610109 174.30314276236459 349.61306590312961 7.474463036938686 537.86897274386138 59.626019689989334 65.705930488031299 21.207933650162886 33.334825628218823 169.85756860553374 472.37610568994933 5.6921409213755423 22.99041935907735 3.8455619639280476 54.669879348017275 11.928473085281437 13.826765861529564 303.01346341892531 8.2096225795685296 10.034832611097952 45.936957387253642 16.166270879082731 16.342313898268912 222.17361286432424 117.12143626222678 3.4746935243019825 147.95897470030104
leaf_count=2557180 8504 90858 288777 19326 16202 808529 13738 665344 19541 35263 26804 166974 256795 526652 6547 11456 4322 37218 8817 3484 143725 523 216 1647 17692 31839 112251 54928 1732 146698
internal_value=-8.439e-12 -0.00379541 -0.00534177 0.0110512 -0.000223933 -0.00952821 -0.00737839 -0.00953339 -0.00180639 -0.0082241 -0.00632276 0.00162927 -0.00877543 0.00466233 -0.00450501 0.002474 0.0163271 0.0201041 0.0097493 -0.0112291 -0.00540019 -0.0169805 0.00929842 -0.0119774 -0.00506886 -0.0387488 -0.00778489 -0.00948922 -0.0161003 -0.00106682
internal_weight=5162.18 3842.51 3459.2 1319.67 1556.46 1902.74 1476.74 1211.7 1382.16 481.928 862.09 900.228 203.192 697.036 224.66 265.034 93.4343 89.5888 66.5984 422.302 840.882 426.004 1212.51 55.9718 171.6 22.0345 356.597 342.77 225.648 155.433
internal_count=6083582 6053889 5963031 29693 1520985 4442046 1884343 1644402 1504783 227199 835873 1277584 423769 853815 327163 239941 61813 57491 46035 207658 809069 2557703 21189 1863 178128 38386 172395 168911 113983 160436
is_linear=0
shrinkage=0.05


Tree=79
num_leaves=31
num_cat=0
split_feature=37 28 8 94 22 69 57 42 69 65 79 18 96 2 35 78 56 48 54 65 92 59 21 48 6 46 62 81 76 75
split_gain=83.1639 17.5709 14.3791 14.2607 23.7097 25.5996 14.0809 13.7509 12.7607 12.3226 12.1241 12.024 10.9681 11.2397 12.0489 11.871 10.9077 10.7122 10.4697 10.2436 9.76363 11.8338 9.96633 9.64503 12.2454 9.74841 11.7383 10.3257 9.58944 9.56384
threshold=0.0097982627339661139 0.99215236306190502 1.5000000000000002 8.1092505455017108 191.50000000000003 0.00025462562916800385 8.5000000000000018 1.5000000000000002 0.00057628584909252833 0.0081013902090489882 333.27758789062506 0.0090387500822544115 0.86417171359062206 4.5000000000000009 479.66056823730474 0.70109698176383983 0.022920473478734497 0.33498349785804754 0.39549754559993749 0.018692488782107834 1.6609579324722292 1.1037771701812746 0.0044147917069494733 0.63652092218399059 1.0000000180025095e-35 0.88169324398040783 0.070604853332042708 0.16228070110082629 1.0000000180025095e-35 1.999047636985779
decision_type=2 2 2 2 2 2 2 2 2 2 2 2 2 2 2 2 2 2 2 2 2 2 2 2 2 2 2 2 2 2
left_child=3 2 -2 4 -1 6 18 -3 -5 28 -4 17 -10 14 -14 -15 -16 -11 -6 23 -18 -22 -23 25 -25 26 27 -9 -7 -21
right_child=1 7 10 8 5 9 -8 19 12 11 -12 -13 13 15 16 -17 20 -19 -20 29 21 22 -24 24 -26 -27 -28 -29 -30 -31
leaf_value=-0.0020104223887507842 0.013240853020377773 0.036274736915014746 0.00072289621748589713 -0.043253288028988056 -0.063627836597210732 0.049489452985818153 -0.079302719651815443 0.050999094514164449 0.025959458018517324 0.020251475663222385 0.050468492064885212 -0.025813383190746365 0.0069341720651439733 -0.020402294458509052 -0.020916049507872257 -0.00058348457991433433 0.011794902201008296 -0.0096062860586742255 0.016741815984310942 0.022954195494818933 -0.071714142002819184 0.045866265820165189 -0.087894141242835025 0.027379592445920233 -0.028761610230916293 -0.0044907952189753766 0.06256298287802485 -0.03768707024298807 -0.055505863190235538 0.0094540681052815521
leaf_weight=939.79271977717144 335.98843233520893 62.483294992860465 1013.9531332853949 17.188020488694747 7.1583280902086726 2.3995494739210725 21.891695648044333 5.6094960529153486 39.681043893418973 31.149265669897432 12.398187752114607 113.90661673870818 482.41827816831938 127.53885002039897 87.162297686343663 185.37961286456266 72.699263932503527 843.73076427370688 9.3386886515945644 214.70178535729065 8.516302105199431 5.8327434431412248 1.8293375033535992 12.452270470326765 44.151439073728397 40.713530619774247 15.813373783137648 7.9103093797457404 23.204532270057825 337.27058120490983
leaf_count=913587 49821 5333 95747 137419 34159 308 130173 111 18991 65667 972 112254 533751 69520 238442 79368 78506 3395802 20172 3223 15670 5556 3081 230 667 565 222 138 68646 5481
internal_value=-1.2947e-10 0.00763341 0.00426287 -0.00531527 -0.00778312 -0.0129363 -0.0530154 0.0138293 -0.000532977 -0.0114195 0.00132382 -0.0105327 0.00019327 -0.000859287 0.00284841 -0.00866121 -0.00834817 -0.00854323 -0.0181319 0.0117627 0.00397715 -0.0311528 0.0139307 -0.00106174 -0.0164111 0.0113418 0.033317 -0.000890336 -0.045666 0.0147052
internal_weight=5124.26 2103.45 1362.34 3020.82 1992.57 1052.78 38.3887 741.106 1028.25 1014.39 1026.35 988.787 1011.06 971.377 658.458 312.918 176.04 874.88 16.497 678.623 88.8776 16.1784 7.66208 126.65 56.6037 70.0467 29.3332 13.5198 25.6041 551.972
internal_count=6083582 162510 146540 5921072 4740768 3827181 184504 15970 1180304 3642677 96719 3573723 1042885 1023894 875006 148888 341255 3461469 54331 10637 102813 24307 8637 1933 897 1036 471 249 68954 8704
is_linear=0
shrinkage=0.05


Tree=80
num_leaves=31
num_cat=0
split_feature=28 42 24 42 96 73 95 5 40 72 69 36 25 24 86 72 52 44 5 28 79 93 79 2 87 57 0 59 38 94
split_gain=79.1912 31.2708 24.2212 16.533 13.3792 12.8033 16.8264 12.1675 11.4617 11.9481 13.4725 11.1657 10.3103 11.4731 10.9372 10.7408 16.6187 10.7049 9.79566 10.6393 9.76474 15.1311 13.0412 12.7565 10.7082 12.8551 9.5674 10.6065 9.33307 11.8382
threshold=0.27726890146732336 1.5000000000000002 0.18487438559532168 1.5000000000000002 69.91666412353517 818.50000000000011 0.015194695442914965 1.0000000180025095e-35 0.0041637772228568801 0.80735492706298839 0.012550919316709043 1.0109319090843203 0.019792378880083564 0.050129801034927375 0.43702211976051336 0.93218484520912182 0.042316116392612464 0.012081834487617018 1.0000000180025095e-35 0.99984624981880199 6.1983599662780771 1.7853302359580996 0.99698382616043102 30.500000000000004 0.5997847616672517 6.5000000000000009 0.026798611506819729 1.0773969292640688 6.8336112499237069 5.8100671768188485
decision_type=2 2 2 2 2 2 2 2 2 2 2 2 2 2 2 2 2 2 2 2 2 2 2 2 2 2 2 2 2 2
left_child=1 2 4 -2 5 20 8 -4 -7 26 -11 -9 14 -14 -8 16 -15 -17 -5 -20 21 22 23 28 -22 -26 27 -10 29 -1
right_child=3 -3 7 18 -6 6 12 11 9 10 -12 -13 13 15 -16 17 -18 -19 19 -21 24 -23 -24 -25 25 -27 -28 -29 -30 -31
leaf_value=0.0010860938304421111 0.030215059263411743 -0.011600381359648498 0.01512889570886743 0.010029863938357746 0.01106565590491552 -0.05644999447230209 0.046081860341235847 -0.1035450216416287 -0.04118741025669679 0.037409436770970153 -0.021911219566163917 0.017782815303034733 -0.0080221616640932768 -0.09315628389491834 -0.040941019135116601 0.039100594952079959 0.02369102391873203 -0.046139807847836098 -0.033704409385692462 0.010236131349915592 -0.018368804033846886 0.036262436665884488 -0.010004762278996724 -0.045817884394443439 0.02858745044045613 0.003251986483018296 -0.055677233808698358 0.040579663454944355 0.032220570993570168 -0.064907807475340903
leaf_weight=558.07850975249312 99.833571667695651 932.21123330267073 259.05386067298241 1141.659327307847 169.12135749198205 26.149647564441693 4.0586778401921029 4.2040750845626453 9.4537252686532174 15.591854404265176 24.788429437941886 3.4544806303456426 353.3179712505007 3.1672434108913867 32.705106291796255 5.054711999109716 77.562130957157933 13.574957626646208 27.327218383084983 27.780621830723248 49.986389203739236 22.926526821989683 593.79801163666161 14.549060888530219 55.649893403715396 499.13561251022838 26.224788432842615 6.8322557558349208 23.839509557081328 6.87919652655546
leaf_count=797804 8504 396884 23671 19326 114907 275585 2946 176 56029 25119 72607 49 2438246 563 183743 1533 15465 3830 1444 419 60611 31201 981170 13877 62365 377371 52155 24768 26900 14314
internal_value=6.34515e-11 -0.00364789 -0.00105502 0.0106667 -0.00253112 -0.00348003 -0.00982621 0.0132927 -0.0275884 -0.0184834 0.000993994 -0.0488187 -0.00586904 -0.00380094 -0.0313338 0.0112096 0.0191068 -0.0230119 0.00903601 -0.0115534 -0.00139871 -0.00397379 -0.00474436 0.000432799 0.00379628 0.00579336 -0.0369847 -0.00688468 0.00157564 0.00028252
internal_weight=5087.97 3791.37 2859.16 1296.6 2592.45 2423.32 598.482 266.712 109.041 82.8911 40.3803 7.65856 489.441 452.677 36.7638 99.359 80.7294 18.6297 1196.77 55.1078 1824.84 1220.07 1197.14 603.346 604.772 554.786 42.5108 16.286 588.797 564.958
internal_count=6083582 6053889 5657005 29693 5633109 5518202 3152589 23896 506263 230678 97726 225 2646326 2459637 186689 21391 16028 5363 21189 1863 2365613 1865266 1834065 852895 500347 439736 132952 80797 839018 812118
is_linear=0
shrinkage=0.05


Tree=81
num_leaves=31
num_cat=0
split_feature=28 42 37 42 94 73 29 31 27 64 35 98 27 76 43 1 62 43 62 35 65 70 98 69 21 12 91 35 56 39
split_gain=73.6762 29.7588 22.9307 14.7612 13.3572 13.0864 14.0752 10.7754 10.3814 12.4229 11.4054 12.1112 10.818 10.3001 10.074 10.9732 9.90282 10.1606 10.0724 11.3576 14.1192 12.8779 9.86699 12.7691 12.6844 9.73471 9.53155 9.32673 12.9753 9.75023
threshold=0.27726890146732336 1.5000000000000002 0.022236407734453682 1.5000000000000002 8.1092505455017108 778.50000000000011 0.83852505683898937 0.015073149465024473 0.036730976775288589 1.9147638678550722 478.67608642578131 0.2363916411995888 0.06459637358784677 0.22760069370269778 38.500000000000007 0.25176055729389196 0.48331478238105779 17.500000000000004 0.1012759990990162 477.75679016113287 0.05269127897918225 0.39591667056083685 0.33708859980106359 0.00095625236281193804 0.014694027602672579 0.76796957850456249 1.6139423847198489 479.68345642089849 0.022920473478734497 0.0032098449300974612
decision_type=2 2 2 2 2 2 2 2 2 2 2 2 2 2 2 2 2 2 2 2 2 2 2 2 2 2 2 2 2 2
left_child=1 2 4 -2 5 6 8 -4 16 10 11 26 13 -13 15 -11 17 -1 19 20 -19 25 24 -24 -6 -21 -10 -25 29 -29
right_child=3 -3 7 -5 22 -7 -8 -9 9 14 -12 12 -14 -15 -16 -17 -18 18 -20 21 -22 -23 23 27 -26 -27 -28 28 -30 -31
leaf_value=-0.0068306928369360215 0.029128473346348039 -0.01130986553343004 0.0016047160444739421 0.008804255435461197 -0.091760739667892097 -0.016330737197630923 0.027194972771129575 0.015509466202429937 0.036720872633827173 0.0027606306737723608 -0.072783721003391214 -0.050662982939438855 -0.077803997471211014 0.024896599344751229 0.048405639856843395 -0.06175806891128497 0.015362429013214527 -0.03647269877787853 0.020542627630024297 -0.02138994898789371 0.0499366283483441 -0.073781342272443706 -0.0490758601627167 0.0050073054859309761 0.074326026558559452 0.044010742048037503 -0.065799054488293082 -0.027627313243662289 0.0056136714221732935 0.0027713004079758701
leaf_weight=799.02714620911502 96.588541468841868 926.43171053284823 299.40501096586377 1190.0856490655424 1.3313742717728008 261.37893427655763 35.204028593027033 260.60713881839911 11.22067190891539 29.643722559478192 14.974828652320864 9.8717722561414174 11.685505240558994 8.304505145933943 8.572440837917382 8.4741905220289464 66.055528485623654 6.9022218707250458 73.347681533297873 26.055428782368836 15.003953961320802 9.2526920489035529 12.512971945292518 620.29319498104451 8.419008032535201 7.2794572193379272 2.8412761397084969 83.251921586117533 111.39113100278337 38.612748258281499
leaf_count=1225574 8504 396884 42778 21189 1628 2668673 37775 30537 21900 36387 67724 16062 23643 3633 4943 8832 59998 18534 85843 74004 14929 29821 144927 617196 1472 11893 34717 198240 110859 64483
internal_value=9.45404e-11 -0.00352802 -0.00099034 0.01033 -0.00321618 -0.00623701 -0.00393025 0.00807543 -0.00491872 -0.0198313 -0.0351011 -0.022254 -0.0402708 -0.0161408 -0.00056885 -0.0115829 -0.00334871 -0.00466797 0.0078687 -0.00654516 0.0227107 -0.0215938 0.00163025 0.00106714 0.0516476 -0.00710817 0.0160063 0.00180223 -0.00672097 -0.0179955
internal_weight=5054.03 3767.35 2840.92 1286.67 2280.91 1405.1 1143.72 560.012 1108.51 105.589 58.8986 43.9237 29.8618 18.1763 46.6904 38.1179 1002.92 936.869 137.841 64.4938 21.9062 42.5876 875.812 866.062 9.75038 33.3349 14.0619 853.549 233.256 121.865
internal_count=6083582 6053889 5657005 29693 5583690 4444885 1776212 73315 1738437 217841 167679 99955 43338 19695 50162 45219 1520596 1460598 235024 149181 33463 115718 1138805 1135705 3100 85897 56617 990778 373582 262723
is_linear=0
shrinkage=0.05


Tree=82
num_leaves=31
num_cat=0
split_feature=37 81 69 6 85 101 22 98 22 70 72 12 69 74 24 70 41 42 18 13 51 59 46 72 34 14 44 59 2 47
split_gain=68.8089 15.0482 17.8419 14.2611 14.2361 13.1383 12.4324 14.4328 13.0109 19.6473 11.0782 10.5679 10.5155 10.2302 10.0178 10.2971 10.0092 9.65337 9.58839 10.0084 13.9171 11.2107 9.55686 12.065 11.0027 10.6093 10.177 9.26575 10.1455 10.067
threshold=0.0097982627339661139 0.10263158008456232 0.15728314220905307 0.29142792522907263 1.9715380668640139 25.500000000000004 24793.500000000004 64.557643890380874 1070.5000000000002 0.11810187995433809 3.7840908765792851 0.70548826456069957 0.28407354652881628 0.13141447305679324 0.076055172830820097 0.88618698716163646 0.94333869218826305 1.5000000000000002 0.013259305618703367 0.93757066130638134 0.15523297339677813 0.74955829977989208 1.3309856653213503 2.0086206197738652 0.2522727251052857 -0.79414206743240345 0.11599023267626764 0.90652072429656994 20.500000000000004 0.01467444282025099
decision_type=2 2 2 2 2 2 2 2 2 2 2 2 2 2 2 2 2 2 2 2 2 2 2 2 2 2 2 2 2 2
left_child=6 2 -2 5 13 10 7 8 17 -10 14 -11 -4 18 -3 -16 -6 22 19 20 -5 -21 24 25 -1 -24 -27 28 -13 -29
right_child=1 3 12 4 16 -7 -8 -9 9 11 -12 27 -14 -15 15 -17 -18 -19 -20 21 -22 -23 23 -25 -26 26 -28 29 -30 -31
leaf_value=-0.0023305320918340952 -0.0022386594573065442 -0.0046033047308593469 0.029692580002609548 0.010889509623601634 -0.022346940830371462 0.035892240231476309 -0.0340009240535879 0.0093754926084761089 -0.060240132182857932 -0.012384273586713204 -0.05205992788424172 -0.039663096665286945 -0.0052430622406127126 -0.039137811096111155 0.012964977999715608 -0.051754141985211527 -0.10127062760631522 -0.0087674695455067821 0.039293580901902624 -0.065821810002494374 -0.038655206335186987 0.038192302572456233 0.025528933505904756 -0.045843332642666365 -0.047613887185088966 0.0070887436401855398 -0.035443911313705855 0.016522857829841427 0.05284734077989417 -0.012438699382575674
leaf_weight=1135.8805492645297 598.93084837589413 92.285239042976173 77.079121101589408 33.009292560745962 27.485744928941131 54.67289278156386 36.165068970289212 176.0464283495603 19.53289467515242 633.66868388510557 6.9657635896583079 20.811018652781062 29.892723918077536 12.48368484165985 1039.1237059441373 6.1825209563248782 4.7048568911850444 551.91816800054221 20.631427110813092 2.9109068880789009 24.840345147109474 23.536912945681252 76.927458522917732 9.9745534474059223 13.574419071519513 142.29148441035431 15.606809107881416 91.689756014453451 3.4558332585438611 44.600253161959699
leaf_count=1619506 50568 26541 2038 3478 666 5651 344523 120365 190565 2630666 473 71972 722 499 65923 603 511 182462 421 213 2723 1480 81651 12088 28965 143908 54986 372299 1258 65858
internal_value=-5.42212e-11 0.00703558 0.00112076 0.0101311 -0.00442513 0.0119469 -0.00486392 -0.00450501 -0.0053904 -0.0106995 0.0108031 -0.00948108 0.01993 0.00365099 0.011188 0.0125822 -0.0338821 -0.0031705 0.0087417 0.00126426 -0.0103847 0.0267443 -0.000954937 0.00801515 -0.0028653 0.0103029 0.00288478 0.00197693 -0.0264887 0.00704533
internal_weight=5026.88 2054.74 705.903 1348.83 149.603 1199.23 2972.14 2935.98 2759.93 813.758 1144.56 794.226 106.972 117.413 1137.59 1045.31 32.1906 1946.17 104.929 84.2975 57.8496 26.4478 1394.26 244.8 1149.45 234.826 157.898 160.557 24.2669 136.29
internal_count=6083582 162510 53328 109182 9991 99191 5921072 5576549 5456184 3332618 93540 3142053 2760 8814 93067 66526 1177 2123566 8315 7894 6201 1693 1941104 292633 1648471 280545 198894 511387 73230 438157
is_linear=0
shrinkage=0.05


Tree=83
num_leaves=31
num_cat=0
split_feature=28 42 24 5 42 98 73 90 28 81 52 60 69 50 93 1 95 92 92 16 69 18 59 76 78 76 52 22 52 56
split_gain=67.0001 27.7726 20.0549 13.4065 14.1999 12.46 12.1238 19.2954 11.4574 11.2825 10.7523 10.3068 8.8568 8.81015 11.0237 12.0171 11.9672 10.9018 11.5262 11.0583 8.73733 12.2408 9.70795 8.87489 8.55398 11.0763 11.5295 9.65866 8.38031 15.9279
threshold=0.27726890146732336 1.5000000000000002 0.15954482555389407 1.0000000180025095e-35 1.5000000000000002 51.426832199096687 778.50000000000011 0.60065361857414257 0.99984624981880199 0.45804196596145635 0.055894022807478912 0.84444943070411693 0.045752709731459625 131.00000000000003 0.89202436804771434 0.47114317119121557 0.124143835157156 1.4526613354682925 1.4559549093246462 0.11328566819429399 0.037053780630230911 0.0048355555627495059 1.1441992521286013 0.84793198108673107 0.70532047748565685 0.06944760307669641 0.052737327292561538 24408.000000000004 0.09678474068641664 0.020364825613796714
decision_type=2 2 2 2 2 2 2 2 2 2 2 2 2 2 2 2 2 2 2 2 2 2 2 2 2 2 2 2 2 2
left_child=1 2 5 4 -2 6 -1 -8 -5 13 -4 -12 -13 14 -9 28 17 -17 -19 -20 21 23 -23 -3 -7 26 -26 -27 29 -16
right_child=3 20 10 8 -6 24 7 9 -10 -11 11 12 -14 -15 15 16 -18 18 19 -21 -22 22 -24 -25 25 27 -28 -29 -30 -31
leaf_value=-0.0014917225252607429 0.030169935685805213 -0.013486696779111525 0.04760527137025674 -0.035366907744752346 0.0095236319238912737 -0.0044356538419500291 -0.064246114750422176 -0.032623674876881052 0.0097855658601410239 0.0195883421117116 0.010264063574086919 -0.10432191305983887 -0.0093201437075135091 0.012313162061765442 -0.010063187254857511 -0.062287888736592439 0.038576001845665807 0.068699031845694467 0.037524632011520745 -0.052528595856263516 -0.0071870648236230655 -0.048382595737544068 -0.010422168196472736 0.056462640223602492 0.086891758354190995 0.021528277513742266 -0.088708824723773991 -0.060914853821578185 -0.015655415508809851 0.018661028219782268
leaf_weight=1726.8705489006479 89.98610272933729 260.30092218300524 18.590598566981498 29.540639371003635 1117.5171362429828 76.278570441179909 15.946171247020173 58.183966436792616 26.79172423388809 33.660433674391243 299.92019069405796 3.4835896296426645 8.295214524259789 39.511592327198741 133.077741769981 25.064848797870582 5.4323991891778851 3.5370308165111082 4.5488878522610348 13.604414804311089 576.4681956042914 48.590695872746437 25.777366761540179 4.6149590971981516 1.1809664727188636 130.31721036246381 4.4836054040206363 3.6521758870585463 134.33621373163805 75.722998559594998
leaf_count=2310648 7901 154091 1637 2045 19326 77433 198307 386108 421 18808 27224 1137 1260 467461 556833 127751 19211 1498 10633 73193 193563 35693 12855 682 29 73613 7087 6279 1036314 254541
internal_value=-4.94017e-11 -0.00337003 -0.000910029 0.00994996 0.0110622 -0.00244831 -0.00354026 -0.0100596 -0.0138923 -0.00841901 0.0106654 0.00846224 -0.037417 -0.0103312 -0.0123041 -0.00931341 -0.0316668 -0.0398281 -0.0138741 -0.0299629 -0.0109339 -0.0173 -0.0352248 -0.0122681 0.00902944 0.0163851 -0.0520991 0.0192808 -0.00591369 0.000353843
internal_weight=4995.29 3731.45 2815.7 1263.84 1207.5 2485.41 2269.5 542.627 56.3324 526.681 330.29 311.699 11.7788 493.02 453.509 395.325 52.1876 46.7552 21.6903 18.1533 915.752 339.284 74.3681 264.916 215.913 139.634 5.66457 133.969 343.137 208.801
internal_count=6083582 6053889 5657005 29693 27227 5625747 5461306 3150658 2466 2952351 31258 29621 2397 2933543 2466082 2079974 232286 213075 85324 83826 396884 203321 48548 154773 164441 87008 7116 79892 1847688 811374
is_linear=0
shrinkage=0.05


Tree=84
num_leaves=31
num_cat=0
split_feature=28 42 37 5 42 76 78 32 31 93 98 35 56 98 25 79 79 70 76 94 46 94 79 94 98 1 19 21 27 91
split_gain=62.4263 26.568 18.7314 12.3554 12.7466 11.7284 13.5502 10.9331 10.8698 10.3044 10.3832 9.78105 17.3213 12.9873 12.5329 11.4976 16.9832 11.7265 11.1575 12.4803 10.7307 13.7883 15.4037 13.5004 11.5508 10.5658 10.4983 10.4172 10.2727 18.6124
threshold=0.27726890146732336 1.5000000000000002 0.022236407734453682 1.0000000180025095e-35 1.5000000000000002 0.003066221135668457 0.70662674307823192 0.0034204167313873772 0.015555263031274082 1.5535441637039187 155.04534912109378 479.68345642089849 0.0047444906085729608 8.3135523796081561 0.018980038352310661 6.1983599662780771 0.99698382616043102 0.45488467812538153 0.23927961289882663 7.3596022129058847 1.3309856653213503 9.0113368034362811 2.1131107807159428 5.9766867160797128 0.48970341682434088 0.52223318815231334 -0.49256385862827295 0.048018055036664016 0.016252825036644939 1.4913792610168459
decision_type=2 2 2 2 2 2 2 2 2 2 2 2 2 2 2 2 2 2 2 2 2 2 2 2 2 2 2 2 2 2
left_child=1 2 5 4 -2 6 -1 -5 -4 10 11 15 13 -13 -14 16 18 20 19 -7 21 22 -18 -24 -22 -23 -19 -26 29 -16
right_child=3 -3 8 7 -6 9 -8 -9 -10 -11 -12 12 14 -15 28 -17 17 26 -20 -21 24 25 23 -25 27 -27 -28 -29 -30 -31
leaf_value=-0.0024930215180129652 0.029153808435559182 -0.010687700313000679 0.0010086168735557485 0.043338584801236868 0.0092698710648197354 0.0065333457981168151 -0.024515868656962793 -0.022090150326813357 0.015103993409352069 0.013719595104423225 0.017776301933836419 -0.018525093047044226 -0.038750951464944686 -0.077018714588149642 0.010590755022759503 0.0035059051917346734 -0.035972413091769781 -0.081279365808275217 -0.0096162591590086589 0.055000124400055174 -0.07885150562744464 0.010460691736929477 -0.0047093851516977897 -0.047855515324412047 0.033198666889654289 -0.07716681260545416 -0.021706727640795304 -0.082151902156253537 -0.015457545443233198 -0.082607306360992172
leaf_weight=155.15793580600985 86.897808019897639 908.80450473048768 301.36911090625654 7.3606402978766701 1111.9842833825533 220.82250804791329 127.02771544769075 48.159522104397183 250.43555542510876 105.17130738886954 61.855893708008807 23.27265597020687 27.028374338286085 16.022842850119559 122.03501945446988 659.12832856258319 68.727757341934193 8.0512822595046583 113.96822598783911 14.132441815090713 2.8313801722979397 87.302010624640388 193.36426793622559 20.006037550610927 32.315201658479054 3.5811233413260188 90.790738385192526 2.0834636594809117 91.42454413510859 5.6030414833985551
leaf_count=821694 7901 396884 43384 171 19326 363451 1697836 2295 29931 96751 37039 136565 76943 93882 187114 661881 205390 17694 245540 10670 3281 159383 334474 37948 36914 5359 161991 3976 173587 14327
internal_value=-1.80006e-10 -0.00325848 -0.000850175 0.00964324 0.0107111 -0.00287339 -0.0124068 -0.0134159 0.00740578 -0.00150748 -0.00236647 -0.0030577 -0.0115498 -0.042376 -0.00662756 -0.00146023 -0.00527539 -0.0110994 0.00322148 0.0094486 -0.00737433 -0.00992928 -0.0153859 -0.00875485 0.0182219 0.00700785 -0.0265593 0.0262121 -0.00266412 0.00649956
internal_weight=4966.72 3712.31 2803.51 1254.4 1198.88 2251.7 282.186 55.5202 551.805 1969.52 1864.35 1802.49 285.386 39.2955 246.091 1517.1 857.976 509.053 348.923 234.955 410.211 372.981 282.098 213.37 37.23 90.8831 98.842 34.3987 219.063 127.638
internal_count=6083582 6053889 5657005 29693 27227 5583690 2519530 2466 73315 3064160 2967409 2930370 682418 230447 451971 2247952 1586071 966410 619661 374121 786725 742554 577812 372422 44171 164742 179685 40890 375028 201441
is_linear=0
shrinkage=0.05


Tree=85
num_leaves=31
num_cat=0
split_feature=81 37 69 94 35 83 28 48 62 96 88 26 68 73 58 93 96 69 1 65 80 29 71 57 79 65 27 71 58 0
split_gain=58.7571 20.0745 15.0343 14.1578 10.966 10.4651 10.4108 10.3145 10.3093 10.0375 13.1808 11.5599 11.4203 11.1699 9.7915 9.64882 9.55949 11.6803 11.0683 12.4665 10.4092 10.0546 9.6915 10.4289 11.8988 13.5344 16.9175 9.66214 9.58449 10.968
threshold=0.10263158008456232 0.16003048419952395 0.025860453955829147 8.1092505455017108 479.90586853027349 0.033106813207268722 0.97382378578186046 0.83305460214614879 0.14304316043853763 0.019914684817194942 0.27718676626682287 0.70869541168212902 0.028580026701092724 1.5000000000000002 0.0080177746713161486 0.85746532678604137 0.085197400301694884 0.028067855164408687 0.27178031206130987 0.062876060605049147 1.7432207465171816 0.40001937747001654 0.3506158590316773 83.500000000000014 2.1131107807159428 0.034189868718385703 0.018709089607000354 0.56016266345977794 0.11280321702361108 0.31399999558925634
decision_type=2 2 2 2 2 2 2 2 2 2 2 2 2 2 2 2 2 2 2 2 2 2 2 2 2 2 2 2 2 2
left_child=1 3 8 5 -4 6 9 -8 -2 11 12 -1 13 -11 -7 -6 28 20 19 -19 -18 27 -20 24 -24 -26 -27 -21 29 -14
right_child=2 -3 4 -5 15 14 7 -9 -10 10 -12 -13 16 -15 -16 -17 17 18 22 21 -22 -23 23 -25 25 26 -28 -29 -30 -31
leaf_value=-0.0044154010570597903 0.0037411929126741511 0.010737388619031552 0.010664896152407004 1.0237763814699444e-05 -0.042533890686318618 0.032807188165366687 0.0083890230299811727 -0.034675930371379761 -0.02215686150151619 0.0065648577438853538 0.030186367542547794 -0.024532018893384484 0.018790559077964043 -0.046216953557151566 -0.06908226363806956 0.039598489970346734 -0.014224136806752902 0.0031835705241723996 0.056095752983282225 0.046003189448547865 -0.094862851049040506 -0.010257864996989791 -0.029841987701459627 0.00014178230642843996 -0.024563880704360559 0.014715383019619475 -0.029158947291652644 -0.074772070853112535 -0.074906576307749315 -0.0091763793204378882
leaf_weight=114.79294574181495 608.22462548737167 223.33718901195971 877.44642210687016 1033.8838831317316 3.8479086433071634 25.265074115108295 151.37083423734293 15.310255396499995 41.018525820683863 13.991980303842864 23.460291432973463 188.98140991762011 85.104853885408374 35.341026233072625 2.6006423401850034 50.585569401693647 421.46369236349983 439.07865480229884 5.3342838215467046 1.929696135863195 4.0402838971349402 63.225191552308388 110.84203735725532 129.67403142697003 82.051749425889284 77.932357725265319 30.59759460434725 11.675038360423057 3.6374095376741016 59.614044657129853
leaf_count=696669 126266 4774 55372 1176289 620 28065 3313 264 5807 30098 16069 1817085 121796 98790 1497 4222 1018657 498996 1981 1108 758 63912 81443 73618 42578 24644 13696 20688 4009 50498
internal_value=-1.59501e-11 -0.00374537 0.00794623 -0.00477837 0.0120158 -0.00713894 -0.00754878 0.00443335 0.00210498 -0.00859841 -0.00701555 -0.0169302 -0.0075695 -0.0312468 0.0232981 0.0337925 -0.00680416 -0.00810263 -0.00502545 -6.76714e-05 -0.0149898 -0.0186483 -0.0108861 -0.0117149 -0.0168157 -0.0092396 0.002346 -0.0576413 0.00525533 0.00727014
internal_weight=4935.66 3354.54 1581.12 3131.2 931.88 2097.32 2069.45 166.681 649.243 1902.77 1598.99 303.774 1575.53 49.333 27.8657 54.4335 1526.2 1377.84 952.341 515.909 425.504 76.8299 436.432 431.098 301.424 190.582 108.53 13.6047 148.356 144.719
internal_count=6083582 5891295 192287 5886521 60214 4710232 4680670 3577 132073 4677093 2163339 2513754 2147270 128888 29562 4842 2018382 1842079 822664 584704 1019415 85708 237960 235979 162361 80918 38340 21796 176303 172294
is_linear=0
shrinkage=0.05


Tree=86
num_leaves=31
num_cat=0
split_feature=28 42 24 8 5 42 78 78 48 34 86 28 38 38 37 24 36 27 53 6 94 76 69 83 97 34 69 86 61 4
split_gain=56.2063 24.3553 16.2646 12.3763 10.7013 11.7624 11.9597 15.7467 11.9689 11.5576 13.6813 11.1986 10.9499 12.1207 10.2827 11.6129 12.212 11.9988 10.0113 9.63729 10.1288 11.5625 11.3358 9.65307 11.5609 9.86549 10.403 10.3276 13.531 15.8862
threshold=0.36573067307472235 1.5000000000000002 0.07407641783356668 7.5000000000000009 1.0000000180025095e-35 2.5000000000000004 0.87022390961647045 0.78579562902450573 0.79743757843971264 0.12234918400645257 1.3064920902252199 0.99984624981880199 3.9792078733444218 5.9847161769866952 0.17433109134435656 0.22382841259241107 0.95849478244781505 0.012746978085488083 1.1547918915748598 0.15909583121538165 3.3514167070388798 0.7261514961719514 0.030332273803651336 0.0092583275400102156 0.16670362651348117 0.18410526216030124 0.026854000985622409 0.80159735679626476 0.77193254232406627 3.5000000000000004
decision_type=2 2 2 2 2 2 2 2 2 2 2 2 2 2 2 2 2 2 2 2 2 2 2 2 2 2 2 2 2 2
left_child=1 2 3 19 5 12 7 8 -7 -8 -11 -6 14 -14 15 -2 17 -17 -10 20 21 -1 23 24 25 27 -27 -22 -29 -30
right_child=4 -3 -4 -5 11 6 9 -9 18 10 -12 -13 13 -15 -16 16 -18 -19 -20 -21 22 -23 -24 -25 -26 26 -28 28 29 -31
leaf_value=-0.0075953443355179897 0.026692924963592754 -0.010242782642921971 0.0063649887981559409 -0.040976439474913549 -0.034186164763877244 0.0073960537830296443 0.0044172932097235633 0.024729048572435054 -0.039326888854643569 -0.073768086135666808 -0.00019527661970803809 0.011065274379256636 -0.07893469069919283 0.0043051048494680859 0.038186560772411421 0.0033094513583949818 0.030447833257166542 -0.046869639680794273 0.013965978243426595 0.022807630025313941 -0.014483876392801097 0.019557431039579121 0.0052082289650321086 0.024226289397041297 -0.080989463666003403 -0.070534885660333141 0.056731404152614275 0.0060804811273734716 -0.01011677545259345 -0.086031269383322478
leaf_weight=971.7733219814636 116.473657731618 901.32087203081755 618.52440604363073 21.058296097500715 28.380842564110935 635.73607353371335 34.903338201693259 130.30493945875787 25.750680090859532 13.725591627124233 11.709254206274634 26.381171512359288 5.0784839096013448 31.493650804521167 71.575307411432732 47.810567796099349 27.956951286425465 15.86702210883959 13.397019397467373 37.091229047393426 169.72335157300404 40.855289434141014 581.57590476985933 26.683922458883899 5.1768401582994548 10.17763077161362 1.9065122769679863 238.16081599156132 43.531067614447238 8.1876306110498245
leaf_count=4044387 5426 397065 91968 17861 1999 10866 680 1953 407 147 155 421 137 1160 2059 2385 1077 456 149 11320 444449 54997 374163 32217 14446 29481 776 434023 95772 11180
internal_value=-3.73373e-11 -0.00310208 -0.000782295 -0.00283284 0.00922122 0.0102225 0.00720722 0.00881615 0.00574372 -0.0142633 -0.0398979 -0.0123866 0.0184747 -0.00725375 0.021839 0.0162165 0.00290037 -0.00919405 -0.0210891 -0.00245659 -0.00290329 -0.00649984 0.000452979 -0.00503913 -0.00667674 -0.00586114 -0.0504561 -0.00468863 0.00104646 -0.0221349
internal_weight=4912.29 3675.75 2774.43 2155.9 1236.54 1181.78 865.527 805.189 674.884 60.3382 25.4348 54.762 316.256 36.5721 279.684 208.108 91.6345 63.6776 39.1477 2134.84 2097.75 1012.63 1085.12 503.548 476.864 471.687 12.0841 459.603 289.88 51.7187
internal_count=6083582 6054105 5657040 5565072 29477 27057 14357 13375 11422 982 302 2420 12700 1297 11403 9344 3918 2841 556 5547211 5535891 4099384 1436507 1062344 1030127 1015681 30257 985424 540975 106952
is_linear=0
shrinkage=0.05


Tree=87
num_leaves=31
num_cat=0
split_feature=28 42 24 96 5 42 32 43 68 79 96 52 69 27 53 43 23 73 5 72 37 66 71 73 90 81 59 90 38 88
split_gain=53.4823 23.2544 14.4119 11.6552 10.636 12.0502 11.6346 11.4215 15.9111 13.1714 12.5787 10.5742 10.5709 10.4199 12.805 12.6261 12.5849 11.5393 9.92694 9.56399 14.1565 9.60976 9.79126 9.5033 12.5804 10.0367 9.92514 10.8958 10.4403 13.3055
threshold=0.36573067307472235 1.5000000000000002 0.15954482555389407 69.91666412353517 1.0000000180025095e-35 2.5000000000000004 0.0077962500508874663 1.5000000000000002 0.094495933502912535 3.4187287092208867 0.03340882062911988 0.055894022807478912 0.029981975443661216 0.040089285001158721 0.4555335938930512 4.5000000000000009 57.826189041137702 76.500000000000014 1.0000000180025095e-35 0.72505345940589916 0.089589815586805358 1.9135109782218935 1.0427814722061159 778.50000000000011 0.60065361857414257 0.45804196596145635 0.91443350911140453 1.1293317675590517 35.795104980468757 0.094669464975595488
decision_type=2 2 2 2 2 2 2 2 2 2 2 2 2 2 2 2 2 2 2 2 2 2 2 2 2 2 2 2 2 2
left_child=1 2 3 23 5 -2 -6 8 -7 -10 -9 -4 -13 14 15 -12 17 -15 -14 20 -16 -21 -23 -1 -25 26 27 -26 -28 -30
right_child=4 -3 11 -5 6 7 -8 10 9 -11 13 12 18 16 19 -17 -18 -19 -20 21 -22 22 -24 24 25 -27 28 -29 29 -31
leaf_value=-0.0011350035289047541 0.018639731770091716 -0.010011760473441787 0.046249789567649906 0.010858148400238842 0.038000920756178454 0.013633028106641583 -0.023003745814519454 0.023284314921213675 -0.018065883008400091 0.02726125564932293 0.011174209475688325 -0.011326856021027131 0.013545775226526053 0.053864277405923401 -0.01520831559279693 -0.038577165402384504 -0.047154800987754888 -0.0097749785603970865 -0.044483033545241232 0.028042550888232289 0.014203939936944399 -0.051999702549664531 0.024563778205442807 -0.052307403222249998 -0.037771045322244463 0.019140338427166038 -0.011317854777181419 0.00037006714703203744 -0.00072056099638572358 0.045126274958449092
leaf_weight=1715.8390309734168 304.00316728601683 897.69295122416042 18.159008635324426 162.92426181087649 9.446322648378553 97.067323116658372 45.275833293853793 149.9512878578098 129.08074778714217 18.299143329029903 25.495025357406121 62.662890047839028 234.05493098480656 8.680967008287551 55.880047087848652 25.515552522818325 18.175050726393238 39.693131586478557 7.6096272684226269 123.29497357070795 152.72032740368741 8.0628170782583783 8.6616604437585902 16.010344971861741 55.235400829115861 33.582687086898659 293.73092973781695 28.32750945402131 118.10213692756952 18.273919385566842
leaf_count=2320425 12700 397065 1641 114768 221 1875 2199 2494 2193 238 440 8325 21103 134 1228 586 279 549 213 2077 1990 147 127 202159 362819 19048 2284446 103319 205803 12971
internal_value=1.68192e-10 -0.00301983 -0.000749411 -0.00206132 0.00907013 0.0100824 -0.0124729 0.0070595 -0.00208543 -0.0124379 0.0106877 0.00918498 0.00697335 0.00663589 0.00968636 -0.0137115 -0.0116823 0.0016454 0.0117185 0.01311 0.00632496 0.0232182 -0.0123472 -0.00298488 -0.00862006 -0.00734195 -0.00907331 -0.0248414 -0.00600983 0.00542276
internal_weight=4881.51 3662.21 2764.51 2442.03 1219.3 1164.58 54.7222 860.578 244.447 147.38 616.131 322.486 304.327 466.18 399.63 51.0106 66.5491 48.3741 241.665 348.62 208.6 140.019 16.7245 2279.1 563.263 547.253 513.67 83.5629 430.107 136.376
internal_count=6083582 6054105 5657040 5625758 29477 27057 2420 14357 4306 2431 10051 31282 29641 7557 6595 1026 962 683 21316 5569 3218 2351 274 5510990 3190565 2988406 2969358 466138 2503220 218774
is_linear=0
shrinkage=0.05


Tree=88
num_leaves=31
num_cat=0
split_feature=28 42 81 69 76 4 98 86 84 70 93 68 5 42 28 55 27 68 59 79 60 52 98 34 74 48 93 47 69 45
split_gain=50.7332 22.4104 14.3727 12.2566 13.3466 12.6333 11.4622 11.3571 11.3006 11.7916 10.7489 12.3086 10.1982 10.6396 10.608 10.0665 11.9898 13.1863 11.8074 10.0635 13.9426 12.6723 10.5936 9.90547 9.82939 9.81081 9.68746 15.0651 11.8409 10.7629
threshold=0.36573067307472235 1.5000000000000002 0.17156863212585452 0.023457398638129238 0.068117346614599242 2.5000000000000004 155.04534912109378 1.145806670188904 14740.000000000002 0.48666429519653326 1.6008130311965945 0.32505144178867346 1.0000000180025095e-35 2.5000000000000004 0.99917739629745495 0.15864419192075732 0.052911534905433662 0.12582928687334063 1.806479871273041 3.0011954307556157 0.0062144445255398759 0.091023735702037825 4.9411211013793954 0.040457749739289291 0.033886821940541274 0.81851118803024303 1.2675143480300906 0.28080444037914282 0.016813147813081745 1.2086707949638369
decision_type=2 2 2 2 2 2 2 2 2 2 2 2 2 2 2 2 2 2 2 2 2 2 2 2 2 2 2 2 2 2
left_child=1 2 3 7 5 8 10 26 -5 -10 11 15 13 -2 -14 -6 18 -18 -17 -7 21 -21 -23 -24 -9 -4 29 28 -28 -1
right_child=12 -3 25 4 6 19 -8 24 9 -11 -12 -13 14 -15 -16 16 17 -19 -20 20 -22 22 23 -25 -26 -27 27 -29 -30 -31
leaf_value=-0.012285562071487953 0.017996918487316618 -0.0098065432239623218 0.0042166061660377256 -0.020807677406709191 -0.0027537010393657636 -0.0062271704575992733 0.026632790499833078 0.0059938759517325323 8.1809048538833762e-05 0.092001174587791237 0.029266807040355166 -0.040110582981180982 -0.034499307613846265 0.0070455220884222628 0.0097714914439081431 0.011052250691172737 0.034470594759581932 -0.063076026574586039 -0.072146316149731965 0.06404952303569876 -0.042260186865575158 0.021222401365584526 -0.062550692584604009 0.0092906026833962166 -0.040075600531063515 0.024928118316899811 0.018626819160718289 -0.062884141023078155 -0.030983221751264851 -0.050123785998036186
leaf_weight=469.50996534142087 300.50198194335826 894.92451442814854 442.98949729794549 173.38024686544122 462.63676698601557 214.12416498017319 51.897895154892467 179.62299263967998 26.136783920106613 4.0264608710385792 35.91895423088863 17.536087979955482 26.97896225288423 846.61704247549642 27.146629412425682 362.60681695423409 4.965458908671283 11.461024145020927 4.3151887134881681 13.182860387460094 10.466030906187369 63.581460369434353 8.240194992169565 11.486251657377577 12.375904754422661 65.650554714433383 69.524015660163059 7.7327509073274987 14.543859411776792 19.577106182383432
leaf_count=1510887 12700 397065 121604 1315672 482269 440251 20293 478728 592458 71142 17303 18964 1905 14357 515 204366 2188 11595 5460 6650 1092 33108 7627 6520 27850 12400 162706 16553 31245 58109
internal_value=-1.01541e-10 -0.00293162 -0.000700406 -0.00241716 0.000253977 -0.00614869 0.00378479 -0.00751815 -0.0158937 0.012352 0.00246646 0.00135167 0.00891365 0.00991438 -0.0122953 0.00221113 0.00820283 -0.0335893 0.0100738 2.89877e-05 0.0125536 0.0184991 0.0112911 -0.0207192 0.00302432 0.00688986 -0.0110027 0.00390115 0.0100442 -0.0138001
internal_weight=4853.66 3652.41 2757.49 2248.85 1475.96 524.624 951.338 772.887 203.543 30.1632 899.44 863.521 1201.24 1147.12 54.1256 845.985 383.348 16.4265 366.922 321.081 106.957 96.4908 83.3079 19.7264 191.999 508.64 580.888 91.8006 84.0679 489.087
internal_count=6083582 6054105 5657040 5523036 3236958 2474520 762438 2286078 1979272 663600 742145 724842 29477 27057 2420 705878 223609 13783 209826 495248 54997 53905 47255 14147 506578 134004 1779500 210504 193951 1568996
is_linear=0
shrinkage=0.05


Tree=89
num_leaves=31
num_cat=0
split_feature=28 42 24 98 52 60 38 5 42 28 78 78 69 6 70 17 91 78 46 93 87 22 14 48 38 44 51 78 60 63
split_gain=47.8684 21.4793 13.2173 10.4338 10.1509 10.0434 10.0102 9.95085 10.027 9.99243 9.34523 12.1023 9.18527 9.03056 17.7843 10.4545 11.6113 12.0278 9.99372 11.727 9.80422 10.9664 11.0459 9.75816 8.95068 12.3322 8.93194 8.764 8.66032 9.74126
threshold=0.27726890146732336 1.5000000000000002 0.15954482555389407 51.426832199096687 0.055894022807478912 0.84444943070411693 230.32232666015628 1.0000000180025095e-35 2.5000000000000004 0.99984624981880199 0.87022390961647045 0.84014457464218151 0.045752709731459625 0.0025065277004614477 0.29639123380184179 28.500000000000004 0.64450550079345714 0.66880771517753612 1.6503424644470217 1.3201941847801211 1.2198550105094912 538.50000000000011 -0.45181921124458307 0.84841305017471325 3.995219469070435 0.0077241384424269208 0.14043748378753665 0.70532047748565685 0.069505553692579283 6.5000000000000009
decision_type=2 2 2 2 2 2 2 2 2 2 2 2 2 2 2 2 2 2 2 2 2 2 2 2 2 2 2 2 2 2
left_child=1 2 3 6 -4 -6 -1 8 24 -9 11 13 -7 14 20 18 28 -18 19 23 21 -10 -23 -15 -2 -26 -27 -5 29 -17
right_child=7 -3 4 27 5 12 -8 9 10 -11 -12 -13 -14 15 -16 16 17 -19 -20 -21 -22 22 -24 -25 25 26 -28 -29 -30 -31
leaf_value=-0.0026612455353445768 0.02072500567994115 -0.0096184438022653418 0.044889960250212996 -0.0049576021872873187 0.0085148615085441567 -0.10363489965548281 -0.042976964144296505 -0.032878600120037113 0.022799019174437204 0.01022214292878963 -0.012319540208527418 0.039025167631020707 -0.0085338770926752065 0.0036601873774511095 0.03676072662350259 -0.075596834249357966 -0.010410812177370951 0.029872219908468403 0.040637666664357801 -0.024933847953923945 -0.060893687136055655 0.016607354973790862 -0.081597579182728697 -0.043284276945170376 -0.091989699726605006 0.035274273844090411 -0.019131692918109223 0.016334465327685174 0.013748648943072334 0.011802924348055417
leaf_weight=2196.5478455704797 262.11075059103314 887.86579190029443 18.443909542693291 75.281386066582854 289.6954854051146 3.7177579751587464 15.505650722530843 28.195798018721689 27.365960847819224 25.70893245266052 58.917041730688652 30.844827947497834 8.0078540093963948 421.20147663548414 66.095652901422 8.2599394400604087 22.577893909765407 103.36457330280973 15.585800532018764 43.062719206209294 6.4693861074629231 5.4068113025277853 6.086830489424754 11.368570757913401 3.7470587739226167 13.153111111532782 17.689507839415455 134.98819861668017 14.597731552144976 5.1921524350764221
leaf_count=5426992 11451 396884 1637 77433 27224 1137 34314 2045 663 421 995 495 1260 7350 916 126 418 1545 263 786 114 112 107 181 270 476 543 87008 283 133
internal_value=-3.34276e-11 -0.0028592 -0.00067069 -0.00193211 0.00888198 0.00667866 -0.00294384 0.00867086 0.00966084 -0.0123224 0.00688824 0.00832532 -0.0386869 0.00707381 0.0202183 0.00480382 0.0161711 0.0226506 0.00124028 -5.07184e-05 -0.0039027 0.00558522 -0.0354003 0.00242642 0.0175702 -0.00633584 0.00407022 0.00871141 -0.0129214 -0.0418628
internal_weight=4827.06 3630.05 2742.19 2422.32 319.865 301.421 2212.05 1197 1143.1 53.9047 846.397 787.48 11.7256 756.635 111.425 645.211 153.992 125.942 491.219 475.633 45.329 38.8596 11.4936 432.57 296.7 34.5897 30.8426 210.27 28.0498 13.4521
internal_count=6083582 6053889 5657005 5625747 31258 29621 5461306 29693 27227 2466 14487 13492 2397 12997 1912 11085 2505 1963 8580 8317 996 882 219 7531 12740 1289 1019 164441 542 259
is_linear=0
shrinkage=0.05


Tree=90
num_leaves=31
num_cat=0
split_feature=28 77 96 42 55 53 26 0 83 78 71 69 64 75 75 85 55 48 55 79 16 1 42 51 69 18 85 45 83 83
split_gain=47.0032 18.4231 21.3477 15.8039 11.1052 12.2406 13.4332 15.4874 13.0755 12.8823 11.6127 10.8247 11.6461 11.0682 12.6821 10.8028 10.2833 9.93772 9.37553 9.54366 9.79354 9.35647 9.25446 9.21132 9.20351 9.38449 9.19121 8.9291 10.5469 8.89573
threshold=0.77553281188011181 1.0000000180025095e-35 0.019914684817194942 1.5000000000000002 0.086350690573453917 0.94849151372909557 0.61939686536788952 0.029452638700604442 0.0042704192455858001 0.45183384418487554 0.95315107703208934 0.63068181276321422 1.419273376464844 1.5885339975357058 0.99846136569976818 2.9622279405593877 0.72460535168647777 0.75560584664344799 0.094297084957361235 89.046672821044936 0.078849602490663542 0.52976614236831676 1.5000000000000002 0.30968946218490606 0.037053780630230911 0.0048355555627495059 1.9269433021545412 1.2884789705276491 0.011526471469551327 0.0032782586058601741
decision_type=2 2 2 2 2 2 2 2 2 2 2 2 2 2 2 2 2 2 2 2 2 2 2 2 2 2 2 2 2 2
left_child=1 2 15 4 10 8 7 -7 29 -10 11 12 13 14 -4 23 18 21 -8 20 -20 -3 -2 -1 25 -5 -11 28 -9 -6
right_child=22 17 3 24 5 6 16 27 9 26 -12 -13 -14 -15 -16 -17 -18 -19 19 -21 -22 -23 -24 -25 -26 -27 -28 -29 -30 -31
leaf_value=-0.01282603127455767 0.025633272371762845 0.00021921854580912487 -0.032124744994909436 -0.011564094113506835 -0.0015083961256887738 -0.070659993266072099 0.028001557532012979 -0.035034905320363116 0.060879281695256075 -0.023521833478952956 -0.0018872607326887011 0.082016987959695975 -0.0026789718830712381 -0.087539168951572668 0.025091224153545262 0.032979305551597789 -0.047793457201097268 0.022481846933730894 0.030342529936349085 0.024161132952950012 0.0031913822507009895 0.032985847692691035 0.0076586358493394846 -0.034204179414768242 -0.0048128349258814559 -0.035453866815034651 -0.11600511174816558 0.043012655287841359 0.065841980512971854 0.022339121932584881
leaf_weight=336.79950284245388 76.786148390790913 239.16776559380014 75.560191709961146 190.60609645083423 584.31604121650162 11.325436531995363 61.753457916929619 16.713645042262222 4.4120724441163466 67.777966425506747 605.02721388856662 2.7218159296171498 67.528234916891961 7.6478758906014255 11.108773314219432 11.575301466742529 7.9362033447687272 89.619870324837393 35.698582204062404 75.154750793499261 476.93804472208467 23.97004687521985 1062.1991746024141 59.25184692728817 489.38662202920386 52.411624375949032 2.7973739057779303 8.0694801062199968 3.0664709135016883 41.910103705144138
leaf_count=2048599 8191 72553 302687 113341 660526 26389 53036 13642 2396 76055 1257020 389 205042 1024 3589 848 5032 16433 24323 30869 419634 2017 19853 508984 140984 34342 234 2894 522 32134
internal_value=-6.93501e-11 -0.00276027 -0.00391874 -0.00241269 -0.000267024 0.00238853 0.00708265 -0.0213612 -0.00227507 -0.0220059 -0.00509051 -0.0168672 -0.0185302 -0.0298792 -0.0247911 -0.0146328 0.00877743 0.00810166 0.00946862 0.00752155 0.00508211 0.00320403 0.00887042 -0.0160243 -0.00876253 -0.0167164 -0.0271876 -0.00131308 -0.0193962 8.75959e-05
internal_weight=4799.24 3660.25 3307.49 2899.87 2167.46 1397.87 696.656 39.175 701.214 74.9874 769.594 164.567 161.845 94.3168 86.669 407.627 657.481 352.758 649.545 587.791 512.637 263.138 1138.99 396.051 732.404 243.018 70.5753 27.8496 19.7801 626.226
internal_count=6083582 6055538 5964535 3406104 3117437 1347686 576341 43447 771345 78685 1769751 512731 512342 307300 306276 2558431 532894 91003 527862 474826 443957 74570 28044 2557583 288667 147683 76289 17058 14164 692660
is_linear=0
shrinkage=0.05


Tree=91
num_leaves=31
num_cat=0
split_feature=37 31 37 93 94 73 69 57 44 27 36 7 52 18 43 29 91 96 28 72 19 18 90 59 27 27 49 14 44 30
split_gain=44.7551 12.8848 17.0146 13.9395 10.8785 13.9025 19.9697 15.838 11.3209 10.7063 10.3986 9.75758 9.67311 9.31284 9.97197 9.16457 9.11486 12.0066 12.4048 9.08367 9.65051 9.16894 9.68985 9.32441 13.1917 9.95775 9.59665 9.19738 8.9848 8.85031
threshold=0.01162060769274831 0.011516712605953218 0.087418120354414 1.6518445014953616 2.4793454408645634 54.500000000000007 0.00025462562916800385 10.500000000000002 1.0000000180025095e-35 0.040089285001158721 1.2276714444160464 0.30384616553783422 0.76023450493812572 0.0013620833051390948 198.50000000000003 0.67917558550834667 1.2199944257736208 0.04502570070326329 0.99985322356224071 1.570761024951935 -0.80404141545295704 0.0090387500822544115 0.76936408877372753 2.0575658082962041 0.096099521964788451 0.037911644205451019 0.500696361064911 -0.99743980169296254 0.42825952172279363 13.500000000000002
decision_type=2 2 2 2 2 2 2 2 2 2 2 2 2 2 2 2 2 2 2 2 2 2 2 2 2 2 2 2 2 2
left_child=4 2 3 -2 5 12 7 -7 -8 -3 29 13 28 14 15 -4 17 -12 -19 21 -21 22 -10 24 25 26 27 -24 -1 -11
right_child=1 9 11 -5 -6 6 8 -9 19 10 16 -13 -14 -15 -16 -17 -18 18 -20 20 -22 -23 23 -25 -26 -27 -28 -29 -30 -31
leaf_value=-0.0010874249799074974 -0.0067746376181898604 0.012931618384205187 0.0027241108617444675 0.045902899217000852 -0.00073483924505866047 -0.021081721561612407 0.035405700087807052 -0.082824309082153338 -0.019958125263691454 0.0013868140960133775 0.030900742028468736 -0.085999553349925012 -0.052276900886623061 0.017848467097864154 -0.062014159594185818 0.042323030044873443 0.029865133022155405 -0.040479821947994453 0.052147657595251973 0.062049627599577641 -0.036137357724220678 -0.023914127341110078 0.1143058836809628 -0.062591150237242585 0.030302617187550403 -0.02364714642640546 -0.0012439917480250111 -0.062671825046433385 0.067290342493943708 -0.025759964869900051
leaf_weight=626.51295399912124 432.72578107691515 738.92669501329146 286.34370501022931 12.933853120543061 1395.6013597075598 28.607166833973679 13.950168945579206 16.307302254900605 113.24043759747474 80.210715075991175 16.00047214217193 2.7303195046843021 9.1739957832905912 179.16833858679456 5.6994058697018763 15.396833551116286 43.225226242182544 20.891792210692078 4.3706986338365814 2.6449076706485348 46.495316995022222 87.020076212565982 0.79358418881747539 6.6817383813176994 27.926964376400065 62.730448959437126 438.43053421408331 9.7972865521132899 4.8412970413046414 47.984590541949729
leaf_count=633513 59869 57310 12776 1157 1612181 71255 23285 113937 368996 7468 1728 128 8430 4036 289 745 3429 1860 91 709 96314 105957 1078 111743 57916 474846 2214464 32835 2099 3138
internal_value=1.20486e-10 0.00599048 0.00182187 -0.00524584 -0.0039096 -0.00687297 -0.011047 -0.0434989 -0.0092469 0.0100863 0.000200934 0.0082587 -0.00130377 0.00878758 0.00350712 0.00474471 0.0138194 -0.00298931 -0.0244542 -0.0100297 -0.0308526 -0.00865919 -0.00664663 -0.00388765 -0.00316085 -0.00498699 -0.00238008 -0.0494107 -0.000563096 -0.00877446
internal_weight=4777.36 1886.61 934.998 445.66 2890.76 1495.15 854.626 44.9145 809.711 951.61 212.683 489.339 640.528 486.608 307.44 301.741 84.4882 41.263 25.2625 795.761 49.1402 746.621 659.601 546.361 539.679 511.752 449.021 10.5909 631.354 128.195
internal_count=6083582 154024 79000 61026 5929558 4317377 3673335 185192 3488143 75024 17714 17974 644042 17846 13810 13521 7108 3679 1951 3464858 97023 3367835 3261878 2892882 2781139 2723223 2248377 33913 635612 10606
is_linear=0
shrinkage=0.05


Tree=92
num_leaves=31
num_cat=0
split_feature=28 42 55 76 80 87 85 65 59 87 49 59 75 6 28 45 3 78 85 23 64 0 90 35 57 38 59 38 21 80
split_gain=44.091 17.4158 12.5898 13.53 10.2952 10.416 9.88478 9.70542 11.8555 10.6691 11.1831 11.2897 9.36568 13.4467 11.8917 13.3558 14.9171 11.2165 15.2698 10.9026 8.77847 10.2317 8.7067 12.7637 11.5628 12.6538 15.0416 12.1307 11.6286 11.23
threshold=0.77553281188011181 1.5000000000000002 0.086350690573453917 0.094920095056295409 0.46459560096263891 1.6890987753868105 0.99974197149276745 0.061579052358865745 0.93021693825721752 1.1507211923599245 1.0451162457466128 1.0761048197746279 1.9991554617881777 0.30002915859222418 0.99990585446357738 0.71799024939537059 0.31866537034511572 0.76343417167663585 0.99882435798645031 44.202154159545906 1.0557777881622317 0.44490236043930059 0.60065361857414257 471.59550476074224 45.500000000000007 3.9792078733444218 0.95338785648345958 0.99971517920494091 0.0085684722289443033 0.98039433360099804
decision_type=2 2 2 2 2 2 2 2 2 2 2 2 2 2 2 2 2 2 2 2 2 2 2 2 2 2 2 2 2 2
left_child=1 2 7 6 -5 -6 22 9 -9 10 11 -1 20 14 15 17 -17 18 -14 -20 21 -2 23 -4 25 27 -27 29 -28 -24
right_child=12 -3 3 4 5 -7 -8 8 -10 -11 -12 -13 13 -15 -16 16 -18 -19 19 -21 -22 -23 24 -25 -26 26 28 -29 -30 -31
leaf_value=-0.000354406558896604 0.015515244447431926 -0.0086555711280373662 -0.011068890221845103 0.0033477037518516474 0.018100235135710033 -0.067772142214228157 0.0088743228775006542 -0.047506183569656066 0.0087876573378841746 -0.02739394023539023 -0.013484797453111383 -0.08725236554885879 -0.078168716297680574 -0.013884169526083519 0.01736087312534931 0.014148236680942703 -0.015432982811468522 -0.05187866833237114 -0.025196240691096002 0.019320513402060865 0.018882447317178936 -0.0070219949347167165 0.0057941862847725985 -0.058190955472948946 -0.01080896701865855 0.046103956063792917 -0.06504272012901216 -0.030358763593452638 0.015323500712512376 -0.058657870314089491
leaf_weight=471.47959014679509 113.90054543123551 911.68573368005127 85.237667668739959 758.97612181503973 183.35986342004617 3.6006285273469976 143.1624698741507 9.915867561932826 164.68705572717136 61.638238964087577 291.33923073136339 3.7675613866595077 6.6313318351749322 85.856512557322276 191.78819499959354 189.88623316561643 54.951266251664492 17.082678759659757 22.563688075082609 35.226005922726472 312.40676696863375 90.273017811530735 179.02560068177991 17.284309075048441 252.34692130017174 34.007534272997873 6.1628205775050473 31.135686537214497 16.693701249867445 7.0235655390715683
leaf_count=1078646 2428 398220 135095 675281 16423 404 27256 16418 305895 141719 776282 7620 223 1860 6430 4797 1837 372 562 1066 6759 1710 171823 64674 2142306 16136 12311 61548 6328 1153
internal_value=-8.80297e-11 -0.00267467 -0.000670628 0.0019279 0.00593662 0.0164464 -0.00298349 -0.00512236 0.00559068 -0.00738083 -0.00577166 -0.0010433 0.00867047 0.00444304 0.00747994 0.001673 0.00750904 -0.0158585 -0.00630692 0.00193918 0.0136132 0.00555066 -0.00568272 -0.0190133 -0.00308644 0.00402454 0.0250218 -0.00147303 -0.0063457 0.00336105
internal_weight=4753.1 3632.53 2720.84 1718.02 945.937 186.96 772.08 1002.83 174.603 828.225 766.586 475.247 1120.57 603.986 518.129 326.341 244.837 81.5037 64.421 57.7897 516.58 204.174 628.918 102.522 526.396 274.049 56.8641 217.185 22.8565 186.049
internal_count=6083582 6055538 5657318 3330738 692108 16827 2638630 2326580 322313 2004267 1862548 1086266 28044 17147 15287 8857 6634 2223 1851 1628 10897 4138 2611374 199769 2411605 269299 34775 234524 18639 172976
is_linear=0
shrinkage=0.05


Tree=93
num_leaves=31
num_cat=0
split_feature=28 42 24 5 40 38 16 23 5 32 36 42 50 22 46 52 37 79 39 13 37 52 85 24 49 99 14 31 98 86
split_gain=42.0725 18.6498 13.1619 9.83286 9.3718 12.7001 16.1576 9.47307 9.15332 8.95786 8.87705 8.68699 8.57568 8.26855 12.1937 11.3955 9.64714 8.66484 8.21111 13.6968 8.03135 8.48584 8.35048 8.57555 8.85005 12.1162 10.33 8.06182 8.34406 8.06934
threshold=0.36573067307472235 1.5000000000000002 0.18702519685029986 1.0000000180025095e-35 0.02632053475826979 109.7461395263672 0.10558483377099039 75.511383056640639 1.0000000180025095e-35 0.0034204167313873772 1.0237328410148623 2.5000000000000004 111.00000000000001 79.500000000000014 1.5833045840263369 0.14915950596332553 0.13172354549169543 0.099948022514581694 0.002453991444781423 0.89014118909835827 0.16693462431430819 0.176624670624733 1.9954999685287478 0.15954482555389407 0.97361075878143322 0.011527913156896831 -0.97374305129051197 0.065741453319787993 0.82192876935005199 0.73492681980133068
decision_type=2 2 2 2 2 2 2 2 2 2 2 2 2 2 2 2 2 2 2 2 2 2 2 2 2 2 2 2 2 2
left_child=1 2 4 11 12 7 -7 -6 -4 -5 -10 20 -1 14 15 16 17 -13 19 -8 22 -22 23 -2 25 26 -25 28 -23 -30
right_child=3 -3 8 9 5 6 18 -9 10 -11 -12 13 -14 -15 -16 -17 -18 -19 -20 -21 21 27 -24 24 -26 -27 -28 -29 29 -31
leaf_value=-0.0044622289430362441 0.030276320740583125 -0.0090016027400034049 0.012197044720790681 0.041730346707284614 0.00027654234790352409 -0.036348873011567064 0.025850178372381644 -0.057966172753323636 -0.098755080211682444 -0.020996991921979617 0.014106423344975914 0.0057400527242322148 -0.06494248528642603 0.0097580778388484876 0.030732468964945792 -0.018530592636670239 0.040844210984801108 -0.040809762406451726 0.042661632989114781 -0.041485303676812732 0.058622495289575242 0.04992513007156265 -0.0090026478077272504 -0.071818396391910136 0.020472041497367033 -0.03948462522420295 0.026255961434879144 -0.053493779352158724 -0.024528792618192321 0.030268902202009486
leaf_weight=1242.3696738115268 69.197839951186324 876.74400281468843 234.90694153385994 6.5194228745531282 1113.243512715555 11.716612782605806 35.857228168577421 7.0255364912591167 3.7160116027807808 44.820249979602522 3.2802355564199388 66.897962085517065 5.8889095838894709 598.44741031393642 25.52423989714589 93.106909518595785 16.491647546354216 11.753223647770936 40.354516660881927 9.5671869999059691 20.412529344248469 20.612401128390047 38.656341954760137 3.0750497940462109 55.986954395273642 19.039522228966234 21.162567051138467 3.4314569637645027 11.333319860394115 16.497901602779166
leaf_count=2734229 3350 397065 23223 167 2742259 18210 15232 15422 183 2253 52 1671 84458 10326 389 1411 225 335 14722 9050 723 810 2474 99 2458 967 964 84 270 501
internal_value=-1.4959e-10 -0.00266342 -0.000611307 0.00835324 -0.00170308 0.00141763 0.0187262 -8.87148e-05 0.0105185 -0.0130315 -0.0458392 0.00935897 -0.00474756 0.00674291 -0.00169788 -0.00609502 0.00607444 -0.00121611 0.026249 0.0116681 0.0169638 0.0313128 0.0119557 0.0167649 0.00734603 -0.00963488 0.0138132 0.0205666 0.0258126 0.0079544
internal_weight=4727.64 3584.67 2707.93 1142.97 2466.02 1217.76 97.4955 1120.27 241.903 51.3397 6.99625 1091.63 1248.26 812.221 213.774 188.25 95.1428 78.6512 85.7789 45.4244 279.406 72.2876 207.118 168.462 99.2641 43.2771 24.2376 51.8751 48.4436 27.8312
internal_count=6083582 6054105 5657040 29477 5633582 2814895 57214 2757681 23458 2420 235 27057 2818687 14357 4031 3642 2231 2006 39004 24282 12700 2388 10312 7838 4488 2030 1063 1665 1581 771
is_linear=0
shrinkage=0.05


Tree=94
num_leaves=31
num_cat=0
split_feature=28 42 24 8 70 6 59 72 45 55 5 73 63 86 19 74 73 79 21 64 66 90 78 31 17 64 12 97 93 91
split_gain=39.9295 15.7797 11.3578 10.8176 10.083 10.7851 8.64094 10.178 9.60988 9.10363 8.13117 7.94106 10.0319 12.4913 9.78742 15.898 8.8476 10.3564 13.3463 13.5431 13.8533 10.858 10.7542 10.6591 10.8074 10.7529 9.93323 10.0445 9.68556 9.371
threshold=0.77553281188011181 1.5000000000000002 0.07407641783356668 7.5000000000000009 0.27291826903820043 1.921362638473511 1.0247493982315066 1.8596059083938601 0.46679855883121496 0.04763909429311753 1.5000000000000002 12244.500000000002 66.500000000000014 1.3064920902252199 -0.59395655989646901 0.031033391132950786 720.50000000000011 102.72641372680665 0.012279166374355556 1.1767911911010744 1.4613908529281618 0.93062433600425731 0.57164022326469432 0.0048484920989722022 179.50000000000003 1.452863931655884 0.52450755238533031 0.039678502827882774 0.85746532678604137 1.1723223328590395
decision_type=2 2 2 2 2 2 2 2 2 2 2 2 2 2 2 2 2 2 2 2 2 2 2 2 2 2 2 2 2 2
left_child=1 2 3 11 5 6 9 -8 -9 -4 -2 12 16 14 15 -14 -1 18 19 -18 22 -22 -21 -24 25 28 29 -28 -25 -20
right_child=10 -3 4 -5 -6 -7 7 8 -10 -11 -12 -13 13 -15 -16 -17 17 -19 26 20 21 -23 23 24 -26 -27 27 -29 -30 -31
leaf_value=-0.00020280747673057377 0.0086611265772809348 -0.0082376092512080976 -0.090400315441753254 -0.038766625937663911 0.0096849458402532614 -0.070256351180004326 0.014388135050370296 0.070839301586605175 -0.087789065997714646 -0.0095733793126765356 -0.061679041237104382 -0.030996374037595864 -0.073005088424043921 -0.052577571089247016 0.027132404928026013 0.33743612899739178 -0.036566229452948511 0.0066399968395378572 -0.035603870275141725 0.078498791414761571 -0.04194031614900303 -0.0032757058865773786 -0.074839486764447224 -0.053865408533611076 -0.017662063148298639 -0.065352699166663961 -0.077346742382793376 0.005539127160402447 0.029948760926520684 -0.0073099257154373223
leaf_weight=1486.3341727590869 1084.4807334310281 906.74003358700975 3.628131467208731 20.191698771261144 420.65517571834062 6.0213388879783443 76.497450155860861 1.2080906070768822 4.5531995122728404 87.51865912804351 4.1241513554705298 23.335995516586081 0.37561796047157148 5.0184492090111226 38.718892992655128 0.63439926620048936 27.002278518857565 101.64422396150621 102.5344828573343 6.0125895434393888 23.50449972871138 79.822396854844555 3.5980315961860461 3.6270957313427052 22.529005059583142 3.3865642910022862 3.9841314688856064 44.269754782948439 69.385318090700821 40.952645860857956
leaf_count=2197262 27941 398220 746 17861 58017 2658 12840 50 1065 16840 103 318220 6799 112193 258202 3153 243829 82195 468590 17919 238185 621682 29137 26636 419708 18683 17240 134889 178515 154204
internal_value=7.14122e-11 -0.00252885 -0.000616592 -0.00234507 0.00545203 -0.00447177 -0.00218747 0.00956147 -0.0545261 -0.0127907 0.00839464 -0.00199264 -0.00166461 0.0217516 0.0311406 0.184796 -0.00218369 -0.00771539 -0.0111039 -0.00321737 0.00103294 -0.012071 0.0135077 0.00969632 0.0127709 0.0217452 -0.0209289 -0.00130443 0.0257851 -0.0275285
internal_weight=4702.29 3613.68 2706.94 2106.86 600.082 179.427 173.406 82.2587 5.76129 91.1468 1088.6 2086.67 2063.33 44.7474 39.7289 1.01002 2018.59 532.253 430.609 238.868 211.866 103.327 108.539 102.526 98.928 76.399 191.741 48.2539 73.0124 143.487
internal_count=6083582 6055538 5657318 5565102 92216 34199 31541 13955 1115 17586 28044 5547241 5229021 380347 268154 9952 4848674 2651412 2569217 1794294 1550465 859867 690598 672679 643542 223834 774923 152129 205151 622794
is_linear=0
shrinkage=0.05


end of trees

feature_importances:
repeat_carts_h24_decay=182
query_carts_count=156
repeat_all_n20_share=130
intent_time_clicks=121
hist_orders_per_click_all=105
repeat_orders_n50_count=103
intent_repeat_orders=100
graph_cart_all_n5_uniform_max=96
graph_cart_all_n50_six_hours_mean=78
graph_time_all_n1_uniform_sum=75
query_carts_share=70
query_repeat_share=58
graph_cart_all_n20_six_hours_mean=58
hist_all_all=57
repeat_clicks_n1_count=54
graph_time_clicks_n1_uniform_sum=49
hist_orders_per_click_h336=49
repeat_all_n5_share=48
intent_repeat_carts=46
repeat_all_h72_decay=40
hist_all_h336=38
hist_clicks_h168=38
hist_carts_all=35
hist_all_h24_share=33
hist_carts_per_click_h72=32
hist_carts_trend_h168_h336=32
hist_carts_per_click_h336=29
hist_carts_per_click_all=29
repeat_all_n50_last_position=28
intent_time_carts=26
hist_all_h12_share=26
hist_orders_h168_share=26
hist_orders_trend_h168_h336=24
hist_all_h72_share=22
history_lifetime_hours=21
hist_orders_h72=20
hist_clicks_trend_h24_h72=20
query_clicks_last_age_hours=19
hist_carts_h6_share=19
hist_all_trend_h168_h336=19
hist_all_h1_share=19
repeat_clicks_h24_decay=19
hist_carts_h336_share=18
hist_carts_per_click_h168=18
repeat_all_n50_age_hours=17
hist_all_h168_share=17
hist_all_trend_h6_h24=17
query_events=16
hist_orders_h336_share=16
hist_carts_trend_h24_h72=16
repeat_carts_n50_count=15
hist_orders_h6_share=15
hist_clicks_h168_share=15
hist_carts_h168=15
hist_clicks_trend_h168_h336=15
repeat_all_h1_decay=15
hist_carts_trend_h72_h168=15
query_unique=14
hist_orders_trend_h72_h168=14
hist_clicks_h6_share=14
repeat_carts_n5_first_position=14
hist_orders_trend_h24_h72=13
query_gap_median=12
hist_clicks_h6=12
hist_all_trend_h24_h72=12
hist_all_trend_h1_h6=12
hist_carts_h72=11
query_carts_last_age_hours=11
hist_carts_h72_share=11
query_orders_share=10
hist_clicks_trend_h72_h168=10
repeat_all_n20_age_hours=10
hist_orders_per_click_h12=10
hist_orders_h12_share=10
query_duration_hours=9
hist_clicks_h72_share=9
hist_orders_h24_share=9
hist_orders_per_click_h72=9
query_gap_std=9
hist_all_h1=9
hist_all_trend_h72_h168=9
query_hour_sin=8
hist_orders_per_click_h24=8
hist_clicks_trend_h6_h24=8
query_hour_cos=7
hist_carts_h12_share=7
hist_carts_trend_h6_h24=7
hist_orders_h24=7
history_last_age_hours=6
hist_all_h336_share=6
query_weekday_cos=5
query_gap_max=5
hist_carts_h1_share=5
repeat_all_n1_count=5
query_weekday_sin=4
query_clicks_count=3
hist_clicks_h336_share=3
query_gap_mean=2
repeat_clicks_n50_count=1
query_clicks_share=1

parameters:
[boosting: gbdt]
[objective: lambdarank]
[metric: custom]
[tree_learner: serial]
[device_type: cpu]
[data_sample_strategy: bagging]
[data: ]
[valid: ]
[num_iterations: 400]
[learning_rate: 0.05]
[num_leaves: 31]
[num_threads: 32]
[seed: 20260908]
[deterministic: 1]
[force_col_wise: 1]
[force_row_wise: 0]
[histogram_pool_size: -1]
[max_depth: -1]
[min_data_in_leaf: 100]
[min_sum_hessian_in_leaf: 0.001]
[bagging_fraction: 1]
[pos_bagging_fraction: 1]
[neg_bagging_fraction: 1]
[bagging_freq: 0]
[bagging_seed: 22695]
[bagging_by_query: 0]
[feature_fraction: 1]
[feature_fraction_bynode: 1]
[feature_fraction_seed: 1976]
[extra_trees: 0]
[extra_seed: 26140]
[early_stopping_round: 0]
[early_stopping_min_delta: 0]
[first_metric_only: 0]
[max_delta_step: 0]
[lambda_l1: 0]
[lambda_l2: 0]
[linear_lambda: 0]
[min_gain_to_split: 0]
[drop_rate: 0.1]
[max_drop: 50]
[skip_drop: 0.5]
[xgboost_dart_mode: 0]
[uniform_drop: 0]
[drop_seed: 5026]
[top_rate: 0.2]
[other_rate: 0.1]
[min_data_per_group: 100]
[max_cat_threshold: 32]
[cat_l2: 10]
[cat_smooth: 10]
[max_cat_to_onehot: 4]
[top_k: 20]
[monotone_constraints: ]
[monotone_constraints_method: basic]
[monotone_penalty: 0]
[feature_contri: ]
[forcedsplits_filename: ]
[refit_decay_rate: 0.9]
[cegb_tradeoff: 1]
[cegb_penalty_split: 0]
[cegb_penalty_feature_lazy: ]
[cegb_penalty_feature_coupled: ]
[path_smooth: 0]
[interaction_constraints: ]
[verbosity: -1]
[saved_feature_importance_type: 0]
[use_quantized_grad: 0]
[num_grad_quant_bins: 4]
[quant_train_renew_leaf: 0]
[stochastic_rounding: 1]
[linear_tree: 0]
[max_bin: 255]
[max_bin_by_feature: ]
[min_data_in_bin: 3]
[bin_construct_sample_cnt: 200000]
[data_random_seed: 5046]
[is_enable_sparse: 1]
[enable_bundle: 1]
[use_missing: 1]
[zero_as_missing: 0]
[feature_pre_filter: 0]
[pre_partition: 0]
[two_round: 0]
[header: 0]
[label_column: ]
[weight_column: ]
[group_column: ]
[ignore_column: ]
[categorical_feature: ]
[forcedbins_filename: ]
[precise_float_parser: 0]
[parser_config_file: ]
[objective_seed: 13587]
[num_class: 1]
[is_unbalance: 0]
[scale_pos_weight: 1]
[sigmoid: 1]
[boost_from_average: 1]
[reg_sqrt: 0]
[alpha: 0.9]
[fair_c: 1]
[poisson_max_delta_step: 0.7]
[tweedie_variance_power: 1.5]
[lambdarank_truncation_level: 25]
[lambdarank_norm: 1]
[label_gain: ]
[lambdarank_position_bias_regularization: 0]
[eval_at: ]
[multi_error_top_k: 1]
[auc_mu_weights: ]
[num_machines: 1]
[local_listen_port: 12400]
[time_out: 120]
[machine_list_filename: ]
[machines: ]
[gpu_platform_id: -1]
[gpu_device_id: -1]
[gpu_device_id_list: ]
[gpu_use_dp: 0]
[num_gpu: 1]

end of parameters

pandas_categorical:null
